-- phpMyAdmin SQL Dump
-- version 5.2.1
-- https://www.phpmyadmin.net/
--
-- Máy chủ: 127.0.0.1
-- Thời gian đã tạo: Th8 07, 2025 lúc 06:52 PM
-- Phiên bản máy phục vụ: 10.4.32-MariaDB
-- Phiên bản PHP: 8.2.12

SET SQL_MODE = "NO_AUTO_VALUE_ON_ZERO";
START TRANSACTION;
SET time_zone = "+00:00";


/*!40101 SET @OLD_CHARACTER_SET_CLIENT=@@CHARACTER_SET_CLIENT */;
/*!40101 SET @OLD_CHARACTER_SET_RESULTS=@@CHARACTER_SET_RESULTS */;
/*!40101 SET @OLD_COLLATION_CONNECTION=@@COLLATION_CONNECTION */;
/*!40101 SET NAMES utf8mb4 */;

--
-- Cơ sở dữ liệu: `benh_vien`
--

-- --------------------------------------------------------

--
-- Cấu trúc bảng cho bảng `brands`
--

CREATE TABLE `brands` (
  `brandId` int(11) NOT NULL,
  `name` varchar(100) NOT NULL,
  `logoUrl` varchar(255) DEFAULT NULL
) ENGINE=InnoDB DEFAULT CHARSET=utf8mb4 COLLATE=utf8mb4_general_ci;

--
-- Đang đổ dữ liệu cho bảng `brands`
--

INSERT INTO `brands` (`brandId`, `name`, `logoUrl`) VALUES
(1, 'ASUS', 'https://www.tncstore.vn/media/brand/22.png'),
(2, 'Sony', 'https://www.tncstore.vn/media/brand/64.png'),
(3, 'Acer', 'https://www.tncstore.vn/media/brand/13.png'),
(4, 'Logitech', 'https://www.tncstore.vn/media/brand/16.png'),
(5, 'MSI', 'https://www.tncstore.vn/media/brand/11.png'),
(6, 'Samsung', 'https://www.tncstore.vn/media/brand/30.png'),
(7, 'Intel', 'https://www.tncstore.vn/media/brand/23.jpg'),
(8, 'Dell', 'https://www.tncstore.vn/media/brand/25.png'),
(10, 'Apacer', 'https://www.tncstore.vn/media/brand/86.jpg'),
(11, 'AOC', 'https://www.tncstore.vn/media/brand/47.png'),
(12, 'Canon', 'https://www.tncstore.vn/media/brand/9.jpg'),
(13, 'D-link', 'https://www.tncstore.vn/media/brand/50.png'),
(14, 'HKC', 'https://www.tncstore.vn/media/brand/167.png'),
(15, 'HP', 'https://www.tncstore.vn/media/brand/26.png'),
(16, 'Legion', 'https://www.tncstore.vn/media/brand/171.png'),
(17, 'Microsoft', 'https://www.tncstore.vn/media/brand/67.jpg');

-- --------------------------------------------------------

--
-- Cấu trúc bảng cho bảng `cart`
--

CREATE TABLE `cart` (
  `cartId` int(11) NOT NULL,
  `userId` int(11) DEFAULT NULL,
  `productId` int(11) DEFAULT NULL,
  `quantity` int(11) DEFAULT 1,
  `createdAt` timestamp NOT NULL DEFAULT current_timestamp(),
  `UpdatedAt` timestamp NOT NULL DEFAULT current_timestamp() ON UPDATE current_timestamp()
) ENGINE=InnoDB DEFAULT CHARSET=utf8mb4 COLLATE=utf8mb4_general_ci;

-- --------------------------------------------------------

--
-- Cấu trúc bảng cho bảng `categories`
--

CREATE TABLE `categories` (
  `categoryId` int(11) NOT NULL,
  `name` varchar(100) NOT NULL,
  `description` text DEFAULT NULL,
  `imageUrl` varchar(255) DEFAULT NULL,
  `createdAt` timestamp NOT NULL DEFAULT current_timestamp(),
  `updatedAt` timestamp NOT NULL DEFAULT current_timestamp() ON UPDATE current_timestamp()
) ENGINE=InnoDB DEFAULT CHARSET=utf8mb4 COLLATE=utf8mb4_general_ci;

--
-- Đang đổ dữ liệu cho bảng `categories`
--

INSERT INTO `categories` (`categoryId`, `name`, `description`, `imageUrl`, `createdAt`, `updatedAt`) VALUES
(1, ' PC GAMING', 'Chiến mọi Game, Trải nghiệm mượt mà', 'https://i.imgur.com/3nw91mc.png', '2025-02-12 17:45:22', '2025-04-01 15:56:50'),
(2, ' MÀN HÌNH MÁY TÍNH', 'Thế giới màn hình giá rẻ, hấp dẫn', 'https://i.imgur.com/7EpPVT6.png', '2025-02-12 17:45:22', '2025-03-21 05:03:43'),
(3, 'GAMING GEAR', 'Chơi cực căng - Chiến cực hăng', 'https://i.imgur.com/QlTl1PL.png', '2025-02-12 17:45:22', '2025-02-12 19:40:13'),
(4, ' PC HANDHELD', 'Tai nghe gaming, tai nghe không dây, tai nghe có dây', 'https://i.imgur.com/OF6Ozvq.png', '2025-02-12 17:45:22', '2025-02-12 19:40:23'),
(5, ' GHẾ GAMING', 'Rẻ, hiện đại, tối ưu công năng', 'https://i.imgur.com/xIw07XS.png', '2025-02-12 17:45:22', '2025-02-12 19:40:51'),
(6, 'LAPTOP GAMING', 'Làm chủ mọi cuộc chơi', 'https://i.imgur.com/FqvZgrJ.png', '2025-02-12 17:45:22', '2025-02-12 19:41:04'),
(7, ' LAPTOP VĂN PHÒNG', 'Mỏng nhẹ, bền bỉ, cấu hình cao ', 'https://i.imgur.com/p6Xw4wA.png', '2025-02-12 17:45:22', '2025-03-19 16:08:53'),
(8, 'PC VĂN PHÒNG', 'Tối ưu công việc, năng cao trải nghiệm', 'https://i.imgur.com/xPBvN0j.png', '2025-02-12 17:45:22', '2025-03-19 16:11:13'),
(32, 'VGA - Card màn hình', 'Nâng cao trải nghiệm người dùng', 'https://www.tncstore.vn/media/product/250-9736-h732.png', '2025-03-20 03:08:39', '2025-03-20 03:27:31'),
(33, 'MÁY IN LASER', 'Nhanh chóng, tiện lợi và dễ sử dụng', 'https://www.tncstore.vn/media/product/250-7149-may-in-canon-lbp-6030-1.jpg', '2025-03-20 03:08:58', '2025-03-20 03:31:33'),
(34, 'Phụ Kiện - Tản Nhiệt PC', 'Phụ kiện hỗ trợ làm mát PC', 'https://www.tncstore.vn/media/product/250-9941-download_5__1.jpg', '2025-03-20 03:16:40', '2025-03-20 03:39:53'),
(35, 'LINH KIỆN MÁY TÍNH', 'Linh kiện chất lượng cao, bảo hành 1 đổi 1', 'https://www.tncstore.vn/media/product/250-7661-bo-mach-chu-asus-rog-maximus-z790-hero-1--1-.png', '2025-03-20 03:16:53', '2025-03-20 03:36:36');

-- --------------------------------------------------------

--
-- Cấu trúc bảng cho bảng `components`
--

CREATE TABLE `components` (
  `componentId` int(11) NOT NULL,
  `name` varchar(255) NOT NULL,
  `brandId` int(11) DEFAULT NULL,
  `componentType` text DEFAULT NULL,
  `specifications` text DEFAULT NULL,
  `imageUrl` text DEFAULT NULL
) ENGINE=InnoDB DEFAULT CHARSET=utf8mb4 COLLATE=utf8mb4_general_ci;

--
-- Đang đổ dữ liệu cho bảng `components`
--

INSERT INTO `components` (`componentId`, `name`, `brandId`, `componentType`, `specifications`, `imageUrl`) VALUES
(1, 'CPU Intel Core Ultra 5 245K Up to 5.2 GHz/ 14 Nhân 14 Luồng/ Arrow Lake-S', 7, 'CPU', '10 nhân / 16 luồng, xung nhịp 4.6GHz, 20MB cache', 'https://www.tncstore.vn/media/product/250-11573-cpu-intel-core-i5-14600kf-tray.jpg'),
(2, 'Asus B760M-AYW WIFI D4', 1, 'Bo Mạch Chủ', 'Hỗ trợ RAM DDR4, WiFi tích hợp', 'https://www.tncstore.vn/media/product/250-12110-bo-mach-chu-asus-prime-z790-p-csm-ddr5--4-.jpg'),
(3, 'RAM G SKILL Trident Z5 RGB Black - 32GB(16GBx2) DDR5 5600Mhz F5-5600J4040C16GX2-TZ5RK', 3, 'RAM', '8GB DDR4 3200MHz, RGB', 'https://www.tncstore.vn/media/product/250-11443-ram-gskill-trident-z5-rgb-silver-32gb-6000mhz-ddr5-f5-6000j3636f16gx2-tz5rs--1-.jpg'),
(4, 'Kingston SNV2S 500GB NVMe PCIe Gen 4.0 x 4', 2, 'Ổ Cứng', '500GB NVMe PCIe Gen 4.0, tốc độ đọc 3500MB/s', 'https://www.tncstore.vn/media/product/250-11079-tnc-store-o-cung-ssd-kingston-snv3s-500g-2-.jpg'),
(5, 'ASUS DUAL RTX4060 O8G WHITE', 1, 'Card Màn Hình', 'RTX 4060 8GB GDDR6, Dual Fan', 'https://www.tncstore.vn/media/product/250-12086-card-man-hinh-colorful-igame-rtx-5070-ultra-w-oc-12gb--1-.jpg'),
(6, 'Corsair CX750 750W 80 Plus Bronze (CP-9020279-NA)', 5, 'Nguồn', 'Công suất 650W, chứng nhận 80 Plus Bronze', 'https://www.tncstore.vn/media/product/250-4783-tnc-store-nguon-may-tinh-gigabyte-p750gm--2-.jpg'),
(7, 'MIK Focalors M Màu Trắng', 1, 'Vỏ Case', 'Case Mid Tower, màu trắng, kính cường lực', 'https://www.tncstore.vn/media/product/250-12112-vo-case-phanteks-evolv-x2-white--2-.jpg'),
(11, 'Intel® Core i5-1235U', NULL, 'CPU', '', 'https://cdn.tgdd.vn/News/0/danh-gia-intel-core-i5-1235u-chi-tiet-ve-thong-so-06-800x440.jpg'),
(12, '512GB SSD M.2 2280 PCIe 3.0x4 NVMe', NULL, 'RAM', 'Ổ cứng SSD Gigabyte 512GB M.2 2280 NVMe Gen3 x4 (GP-GSM2NE3512GNTD)', 'https://lh3.googleusercontent.com/DCCsWEGFfiTO1H7K15rm83qmSdUmwcvg5KIt6cGLJ2AG2QVfCT58eK8x8263CAeGwXlvoE_xcQ7WAQhsBTTU3xUe7K_E3AM=w500-rw'),
(19, 'Chuột chơi game nhẹ 54 gram', NULL, 'Mouse', '', ''),
(20, 'Bộ tăng tốc độ kiểm soát ROG', NULL, 'Mouse', '', ''),
(21, 'Cảm biến quang học ROG AimPoint Pro', NULL, 'Mouse', '', ''),
(22, 'Công tắc Micro Quang ROG', NULL, 'Mouse', '', ''),
(23, 'Kết nối ba chế độ', NULL, 'Mouse', '', ''),
(24, 'Công nghệ không dây ROG SpeedNova', NULL, 'Mouse', '', ''),
(25, 'Bộ thu ROG Omni', NULL, 'Mouse', '', ''),
(26, 'Băng dính chống trượt ', NULL, 'Mouse', '', ''),
(28, 'ROG Paracord và chân chuột 100% PTFE', NULL, 'Mouse', '', ''),
(29, 'Có sẵn màu đen và trắng ánh trăng', NULL, 'Mouse', '', ''),
(30, 'Bàn phím Razer Huntsman V2 Tenkeyless ', NULL, 'Keyboard', '', ''),
(31, 'Thiết kế layout TKL 87 phím gọn nhẹ ', NULL, 'Keyboard', '', ''),
(32, 'Sử dụng switch RAZER™ OPTICAL với độ bền lên đến 100 triệu lần nhấn ', NULL, 'Keyboard', '', ''),
(33, 'Keycap PBT Doubleshot ', NULL, 'Keyboard', '', ''),
(35, 'Đi kèm kê tay / Dây cáp Type-C có thể tháo rời ', NULL, 'Keyboard', '', ''),
(36, 'Led RGB Chroma ', NULL, 'Keyboard', '', ''),
(37, 'Display 1920 x 1080, touch-enabled, 8 inches, 60Hz LCD', NULL, 'PC Handheld', '', ''),
(38, 'Connectivity USB-C (charging only), 3.5mm headphone jack, PS Link, Wi-Fi 5', NULL, 'PC Handheld', '', ''),
(39, 'Weight: 2.6 pounds (1,088 grams)', NULL, 'PC Handheld', '', ''),
(40, 'Dimensions: 14.0 x 3.88 x 6.0 inches', NULL, 'PC Handheld', '', ''),
(41, 'Battery: Built-in lithium-ion', NULL, 'PC Handheld', '', ''),
(42, 'Tay cầm chơi game thế hệ mới cùng với máy PS5 của Sony', NULL, 'PC Handheld', '', ''),
(43, 'Kết nối Bluetooth hoặc dây cáp USB Type-C', NULL, 'PC Handheld', '', ''),
(44, 'Tích hợp Jack Audio kiêm Micro trên tay cầm', NULL, 'PC Handheld', '', '');

-- --------------------------------------------------------

--
-- Cấu trúc bảng cho bảng `imagedetail`
--

CREATE TABLE `imagedetail` (
  `imageId` int(11) NOT NULL,
  `productId` int(11) NOT NULL,
  `imageUrl` varchar(255) NOT NULL
) ENGINE=InnoDB DEFAULT CHARSET=utf8mb4 COLLATE=utf8mb4_general_ci;

--
-- Đang đổ dữ liệu cho bảng `imagedetail`
--

INSERT INTO `imagedetail` (`imageId`, `productId`, `imageUrl`) VALUES
(77, 28, 'https://www.tncstore.vn/media/product/250-9204-pc-gaming-sentinal-i4090-eva-02-limited-edition-01--16-.jpg'),
(78, 28, 'https://www.tncstore.vn/media/product/9204-eva-02-limited-3.png'),
(79, 28, 'https://www.tncstore.vn/media/product/9204-eva-02-limited-4.png'),
(80, 3022, 'https://www.tncstore.vn/media/product/8490-tnc-store-pc-gaming-asus-rog-hyperion-101-14-.jpg'),
(81, 3022, 'https://www.tncstore.vn/media/product/8490-pc-gaming-asus-rog-hyperion-101--13-.jpg'),
(82, 3022, 'https://www.tncstore.vn/media/product/8490-1200x1200.jpg'),
(83, 3022, 'https://www.tncstore.vn/media/product/8490-pc-gaming-asus-rog-hyperion-101--12-.jpg'),
(84, 3022, 'https://www.tncstore.vn/media/product/8490-pc-gaming-asus-rog-hyperion-101--11-.jpg'),
(85, 3022, 'https://www.tncstore.vn/media/product/8490-1200x1200-2.jpg'),
(86, 3015, 'https://www.tncstore.vn/media/product/250-11564-tnc-store-pc-gaming-sentinal-a4080-super--6-.jpg'),
(87, 3015, 'https://www.tncstore.vn/media/product/11564-tnc-store-pc-gaming-sentinal-a4080-super--1-.jpg'),
(88, 3015, 'https://www.tncstore.vn/media/product/11564-tnc-store-pc-gaming-sentinal-a4080-super--5-.jpg'),
(89, 3015, 'https://www.tncstore.vn/media/product/11564-tnc-store-pc-gaming-sentinal-a4080-super--4-.jpg'),
(90, 3015, 'https://www.tncstore.vn/media/product/11564-tnc-store-pc-gaming-sentinal-a4080-super--3-.jpg'),
(91, 3015, 'https://www.tncstore.vn/media/product/11564-tnc-store-pc-gaming-sentinal-a4080-super--2-.jpg'),
(92, 3016, 'https://www.tncstore.vn/media/product/250-8026-sentinel-i4080---wh--10000-.jpg'),
(93, 3016, 'https://www.tncstore.vn/media/product/8026-sentinel-i4080-2.jpg'),
(94, 3016, 'https://www.tncstore.vn/media/product/8026-sentinel-i4080-6.jpg'),
(95, 3016, 'https://www.tncstore.vn/media/product/8026-sentinel-i4080-4.jpg'),
(96, 3016, 'https://www.tncstore.vn/media/product/8026-sentinel-i4080-3.jpg'),
(97, 3028, 'https://www.tncstore.vn/media/product/250-11430-pc-core-ultra-9-sentinal-4070ti-super--1-.jpg'),
(98, 3028, 'https://www.tncstore.vn/media/product/11430-pc-core-ultra-9-sentinal-4070ti-super--2-.jpg'),
(99, 3028, 'https://www.tncstore.vn/media/product/11430-pc-core-ultra-9-sentinal-4070ti-super--3-.jpg'),
(100, 3028, 'https://www.tncstore.vn/media/product/11430-pc-core-ultra-9-sentinal-4070ti-super--6-.jpg'),
(101, 3028, 'https://www.tncstore.vn/media/product/11430-pc-core-ultra-9-sentinal-4070ti-super--5-.jpg'),
(102, 3028, 'https://www.tncstore.vn/media/product/11430-pc-core-ultra-9-sentinal-4070ti-super--4-.jpg'),
(109, 16, 'https://www.tncstore.vn/media/product/11538-man-hinh-cong-gaming-asus-rog-swift-oled-pg39wcdm--2-.jpg'),
(110, 16, 'https://www.tncstore.vn/media/product/11538-man-hinh-cong-gaming-asus-rog-swift-oled-pg39wcdm--3-.jpg'),
(111, 16, 'https://www.tncstore.vn/media/product/11538-man-hinh-cong-gaming-asus-rog-swift-oled-pg39wcdm--4-.jpg'),
(112, 16, 'https://www.tncstore.vn/media/product/11538-man-hinh-cong-gaming-asus-rog-swift-oled-pg39wcdm--5-.jpg'),
(113, 16, 'https://www.tncstore.vn/media/product/11538-man-hinh-cong-gaming-asus-rog-swift-oled-pg39wcdm--6-.jpg'),
(114, 16, 'https://www.tncstore.vn/media/product/250-11538-man-hinh-cong-gaming-asus-rog-swift-oled-pg39wcdm--1-.jpg'),
(115, 30, 'https://www.tncstore.vn/media/product/250-4017-asus-pg43uq.jpg'),
(116, 30, 'https://www.tncstore.vn/media/product/4017-man-hinh-asus-rog-swift-pg43uq-4.png'),
(117, 30, 'https://www.tncstore.vn/media/product/4017-man-hinh-asus-rog-swift-pg43uq-2.jpg'),
(118, 30, 'https://www.tncstore.vn/media/product/4017-man-hinh-asus-rog-swift-pg43uq-2.jpg'),
(119, 3024, 'https://www.tncstore.vn/media/product/250-8706-acer-predator-x28-1.jpg'),
(120, 3024, 'https://www.tncstore.vn/media/product/8706-acer-predator-x28-2.jpg'),
(121, 3024, 'https://www.tncstore.vn/media/product/8706-acer-predator-x28-3.jpg'),
(122, 3024, 'https://www.tncstore.vn/media/product/8706-acer-predator-x28-4.jpg'),
(123, 15, 'https://www.tncstore.vn/media/product/250-9984-tnc-store-man-hinh-samsung-odyssey-oled-g9-g95sc-ls49cg954sexxv--8-.jpg'),
(124, 15, 'https://www.tncstore.vn/media/product/9984-tnc-store-man-hinh-samsung-odyssey-oled-g9-g95sc-ls49cg954sexxv--6-.jpg'),
(125, 15, 'https://www.tncstore.vn/media/product/9984-tnc-store-man-hinh-samsung-odyssey-oled-g9-g95sc-ls49cg954sexxv--5-.jpg'),
(126, 15, 'https://www.tncstore.vn/media/product/9984-tnc-store-man-hinh-samsung-odyssey-oled-g9-g95sc-ls49cg954sexxv--7-.jpg'),
(127, 15, 'https://www.tncstore.vn/media/product/9984-tnc-store-man-hinh-samsung-odyssey-oled-g9-g95sc-ls49cg954sexxv--3-.jpg'),
(128, 15, 'https://www.tncstore.vn/media/product/9984-tnc-store-man-hinh-samsung-odyssey-oled-g9-g95sc-ls49cg954sexxv--2-.jpg'),
(129, 14, 'https://www.tncstore.vn/media/product/250-11626-man-hinh-gaming-lg-ultragear-32gs95uv-b--6-.jpg'),
(130, 14, 'https://www.tncstore.vn/media/product/11626-man-hinh-gaming-lg-ultragear-32gs95uv-b--1-.jpg'),
(131, 14, 'https://www.tncstore.vn/media/product/11626-man-hinh-gaming-lg-ultragear-32gs95uv-b--2-.jpg'),
(132, 14, 'https://www.tncstore.vn/media/product/11626-man-hinh-gaming-lg-ultragear-32gs95uv-b--5-.jpg'),
(133, 14, 'https://www.tncstore.vn/media/product/11626-man-hinh-gaming-lg-ultragear-32gs95uv-b--4-.jpg'),
(134, 14, 'https://www.tncstore.vn/media/product/11626-man-hinh-gaming-lg-ultragear-32gs95uv-b--3-.jpg'),
(135, 13, 'https://www.tncstore.vn/media/product/250-11098-tnc-store-man-hinh-gaming-msi-mpg-321upx-qd-oled--2-.jpg'),
(136, 13, 'https://www.tncstore.vn/media/product/11098-tnc-store-man-hinh-gaming-msi-mpg-321upx-qd-oled--3-.jpg'),
(137, 13, 'https://www.tncstore.vn/media/product/11098-tnc-store-man-hinh-gaming-msi-mpg-321upx-qd-oled--4-.jpg'),
(138, 13, 'https://www.tncstore.vn/media/product/11098-tnc-store-man-hinh-gaming-msi-mpg-321upx-qd-oled.jpg'),
(139, 13, 'https://www.tncstore.vn/media/product/11098-tnc-store-man-hinh-gaming-msi-mpg-321upx-qd-oled--5-.jpg'),
(140, 13, 'https://www.tncstore.vn/media/product/11098-tnc-store-man-hinh-gaming-msi-mpg-321upx-qd-oled--1-.jpg'),
(141, 3021, 'https://www.tncstore.vn/media/product/250-7997-man-hinh-gaming-asus-rog-strix-xg249c-1.jpg'),
(142, 3021, 'https://www.tncstore.vn/media/product/7997-man-hinh-gaming-asus-rog-strix-xg249c-2.jpg'),
(143, 3021, 'https://www.tncstore.vn/media/product/7997-man-hinh-gaming-asus-rog-strix-xg249c-3.jpg'),
(144, 3021, 'https://www.tncstore.vn/media/product/7997-man-hinh-gaming-asus-rog-strix-xg249c-4.jpg'),
(145, 3021, 'https://www.tncstore.vn/media/product/7997-man-hinh-gaming-asus-rog-strix-xg249c-5.jpg'),
(146, 3021, 'https://www.tncstore.vn/media/product/7997-man-hinh-gaming-asus-rog-strix-xg249c-6.jpg'),
(147, 3031, ''),
(148, 3031, ''),
(149, 3031, ''),
(150, 3031, ''),
(151, 3031, ''),
(158, 9, 'https://www.tncstore.vn/media/product/250-12075-pc-do-hoa-render-3d-ryzen-9-9900x-rtx-5090--2-.jpg'),
(159, 9, 'https://www.tncstore.vn/media/product/12075-pc-do-hoa-render-3d-ryzen-9-9900x-rtx-5090--4-.jpg'),
(160, 9, 'https://www.tncstore.vn/media/product/12075-pc-do-hoa-render-3d-ryzen-9-9900x-rtx-5090--3-.jpg'),
(161, 9, 'https://www.tncstore.vn/media/product/12075-pc-do-hoa-render-3d-ryzen-9-9900x-rtx-5090--6-.jpg'),
(162, 9, 'https://www.tncstore.vn/media/product/12075-pc-do-hoa-render-3d-ryzen-9-9900x-rtx-5090--5-.jpg'),
(163, 9, 'https://www.tncstore.vn/media/product/12075-pc-do-hoa-render-3d-ryzen-9-9900x-rtx-5090--1-.jpg'),
(164, 11, 'https://www.tncstore.vn/media/product/250-11483-pc-do-hoa-render-3d-core-i9-14900k-rtx-4090--6-.jpg'),
(165, 11, 'https://www.tncstore.vn/media/product/11483-pc-do-hoa-render-3d-core-i9-14900k-rtx-4090--5-.jpg'),
(166, 11, 'https://www.tncstore.vn/media/product/11483-pc-do-hoa-render-3d-core-i9-14900k-rtx-4090--4-.jpg'),
(167, 11, 'https://www.tncstore.vn/media/product/11483-pc-do-hoa-render-3d-core-i9-14900k-rtx-4090--3-.jpg'),
(168, 11, 'https://www.tncstore.vn/media/product/11483-pc-do-hoa-render-3d-core-i9-14900k-rtx-4090--2-.jpg'),
(169, 11, 'https://www.tncstore.vn/media/product/11483-pc-do-hoa-render-3d-core-i9-14900k-rtx-4090--1-.jpg'),
(188, 21, 'https://www.tncstore.vn/media/product/250-8824-razer-basilisk-v3---rz01-04000100-r3m1-1.jpg'),
(189, 21, 'https://www.tncstore.vn/media/product/8824-razer-basilisk-v3---rz01-04000100-r3m1-3.jpg'),
(190, 21, 'https://www.tncstore.vn/media/product/8824-razer-basilisk-v3---rz01-04000100-r3m1-4.jpg'),
(191, 22, 'https://www.tncstore.vn/media/product/250-9297-ban-phim-razer-tenkeyless-1.jpg'),
(192, 22, 'https://www.tncstore.vn/media/product/9297-ban-phim-razer-tenkeyless-2.jpg'),
(193, 22, 'https://www.tncstore.vn/media/product/9297-ban-phim-razer-tenkeyless-3.jpg'),
(194, 23, 'https://www.tncstore.vn/media/product/250-7591-chuot-razer-deathadder-essential-ergonomic-001.jpg'),
(195, 23, 'https://www.tncstore.vn/media/product/7591-tnc-store-chuot-razer-deathadder-essential-ergonomic-wired-rz01-03850100-r3m1-21-.png'),
(196, 23, 'https://www.tncstore.vn/media/product/7591-tnc-store-chuot-razer-deathadder-essential-ergonomic-wired-rz01-03850100-r3m1-22-.png'),
(197, 23, 'https://www.tncstore.vn/media/product/7591-tnc-store-chuot-razer-deathadder-essential-ergonomic-wired-rz01-03850100-r3m1-20-.png'),
(198, 23, 'https://www.tncstore.vn/media/product/7591-chuot-razer-deathadder-essential-ergonomic-4.png'),
(199, 23, 'https://www.tncstore.vn/media/product/7591-chuot-razer-deathadder-essential-ergonomic-2.jpg'),
(200, 25, 'https://www.tncstore.vn/media/product/250-8346-ban-phim-co-khong-day-akko-5075b-plus-naruto-rgb-hotswap-akko-cs-sw-crystal.jpg'),
(201, 25, 'https://www.tncstore.vn/media/product/8346-tnc-store-ban-phim-akko-5075b-plus-naruto-akko-cs-switch-crystal--21-.png'),
(202, 25, 'https://www.tncstore.vn/media/product/8346-tnc-store-ban-phim-akko-5075b-plus-naruto-akko-cs-switch-crystal--20-.png'),
(203, 25, 'https://www.tncstore.vn/media/product/8346-ban-phim-co-khong-day-akko-5075b-plus-naruto-rgb-hotswap-2.jpg'),
(204, 25, 'https://www.tncstore.vn/media/product/8346-ban-phim-co-khong-day-akko-5075b-plus-naruto-rgb-hotswap-4.jpg'),
(205, 25, 'https://www.tncstore.vn/media/product/8346-2e40de95-e7df-4d09-b370-c3e07f6f3cd3.jpg'),
(206, 24, 'https://www.tncstore.vn/media/product/250-8724-tnc-store-ban-phim-co-monsgeek-mg75-prunus-lannesiana-white-led-cream-blue-24-.png'),
(207, 24, 'https://www.tncstore.vn/media/product/8724-tnc-store-ban-phim-co-monsgeek-mg75-prunus-lannesiana-white-led-cream-blue-23-.png'),
(208, 24, 'https://www.tncstore.vn/media/product/8724-ban-phim-co-monsgeek-mg75-prunus--1-.jpg'),
(209, 24, 'https://www.tncstore.vn/media/product/8724-ban-phim-co-monsgeek-mg75-prunus--2-.jpg'),
(210, 24, 'https://www.tncstore.vn/media/product/8724-ban-phim-co-monsgeek-mg75-prunus--3-.jpg'),
(214, 3038, ''),
(223, 18, 'https://www.tncstore.vn/media/product/250-9021-tay-cam-choi-game-ps5-1-wh.jpg'),
(224, 18, 'https://www.tncstore.vn/media/product/9021-tay-cam-choi-game-ps5-4-wh.jpg'),
(225, 18, 'https://www.tncstore.vn/media/product/9021-tay-cam-choi-game-ps5-2-wh.jpg'),
(226, 18, 'https://www.tncstore.vn/media/product/9021-tnc-store-tay-cam-choi-game-sony-ps5-dualsense-white-nhap-kha--2-.jpg'),
(227, 18, 'https://www.tncstore.vn/media/product/9021-tay-cam-choi-game-ps5-3-wh.jpg'),
(228, 17, 'https://www.tncstore.vn/media/product/250-9330-ps5-6.jpg'),
(229, 17, 'https://www.tncstore.vn/media/product/9330-1.jpg'),
(230, 17, 'https://www.tncstore.vn/media/product/9330-111.jpg'),
(231, 17, 'https://www.tncstore.vn/media/product/9330-4.jpg'),
(232, 17, 'https://www.tncstore.vn/media/product/9330-5.jpg'),
(238, 26, 'https://www.tncstore.vn/media/product/250-9012-ps5-1.jpg'),
(239, 26, 'https://www.tncstore.vn/media/product/9012-may-choi-game-sony-playstation-5-standard-marvel-nk-1.jpg'),
(240, 26, 'https://www.tncstore.vn/media/product/9012-may-choi-game-sony-playstation-5-standard-marvel-nk-2.jpg'),
(241, 26, 'https://www.tncstore.vn/media/product/9012-may-choi-game-sony-playstation-5-standard-marvel-nk-3.jpg'),
(242, 26, 'https://www.tncstore.vn/media/product/9012-may-choi-game-sony-playstation-5-standard-marvel-nk-4.jpg'),
(243, 2, 'https://www.tncstore.vn/media/product/11828-pc-gaming-sentinal-a5090-bl-02-1--1-.jpg'),
(244, 2, 'https://www.tncstore.vn/media/product/11828-pc-gaming-sentinal-a5090-bl-02-1--2-.jpg'),
(245, 2, 'https://www.tncstore.vn/media/product/11828-pc-gaming-sentinal-a5090-bl-02-1--3-.jpg'),
(246, 2, 'https://www.tncstore.vn/media/product/11828-pc-gaming-sentinal-a5090-bl-02-1--4-.jpg'),
(247, 2, 'https://www.tncstore.vn/media/product/11828-pc-gaming-sentinal-a5090-bl-02-1--5-.jpg'),
(248, 2, 'https://www.tncstore.vn/media/product/11828-pc-gaming-sentinal-a5090-bl-02-1--6-.jpg'),
(249, 1, 'https://www.tncstore.vn/media/product/11791-pc-gaming-sentinal-i5090-bl--2-.jpg'),
(250, 1, 'https://www.tncstore.vn/media/product/11791-pc-gaming-sentinal-i5090-bl--3-.jpg'),
(251, 1, 'https://www.tncstore.vn/media/product/11791-pc-gaming-sentinal-i5090-bl--4-.jpg'),
(252, 1, 'https://www.tncstore.vn/media/product/11791-pc-gaming-sentinal-i5090-bl--5-.jpg'),
(253, 1, 'https://www.tncstore.vn/media/product/11791-pc-gaming-sentinal-i5090-bl--6-.jpg'),
(254, 1, 'https://www.tncstore.vn/media/product/11791-pc-gaming-sentinal-i5090-bl--7-.jpg'),
(255, 3, 'https://www.tncstore.vn/media/product/11836-pc-gaming-sentinal-a5090--1-.jpg'),
(256, 3, 'https://www.tncstore.vn/media/product/11836-pc-gaming-sentinal-a5090--2-.jpg'),
(257, 3, 'https://www.tncstore.vn/media/product/11836-pc-gaming-sentinal-a5090--3-.jpg'),
(258, 3, 'https://www.tncstore.vn/media/product/11836-pc-gaming-sentinal-a5090--4-.jpg'),
(259, 3, 'https://www.tncstore.vn/media/product/11836-pc-gaming-sentinal-a5090--5-.jpg'),
(260, 3, 'https://www.tncstore.vn/media/product/250-11836-pc-gaming-sentinal-a5090--6-.jpg'),
(261, 4, 'https://www.tncstore.vn/media/product/12064-pc-gaming-sentinal-i5090--1-.jpg'),
(262, 4, 'https://www.tncstore.vn/media/product/12064-pc-gaming-sentinal-i5090--2-.jpg'),
(263, 4, 'https://www.tncstore.vn/media/product/12064-pc-gaming-sentinal-i5090--3-.jpg'),
(264, 4, 'https://www.tncstore.vn/media/product/12064-pc-gaming-sentinal-i5090--4-.jpg'),
(265, 4, 'https://www.tncstore.vn/media/product/12064-pc-gaming-sentinal-i5090--5-.jpg'),
(266, 4, 'https://www.tncstore.vn/media/product/250-12064-pc-gaming-sentinal-i5090--7-.jpg'),
(267, 10, 'https://www.tncstore.vn/media/product/11834-pc-do-hoa-ai-ryzen-9-9950x-rtx-5090--2-.jpg'),
(268, 10, 'https://www.tncstore.vn/media/product/11834-pc-do-hoa-ai-ryzen-9-9950x-rtx-5090--3-.jpg'),
(269, 10, 'https://www.tncstore.vn/media/product/11834-pc-do-hoa-ai-ryzen-9-9950x-rtx-5090--4-.jpg'),
(270, 10, 'https://www.tncstore.vn/media/product/11834-pc-do-hoa-ai-ryzen-9-9950x-rtx-5090--5-.jpg'),
(271, 10, 'https://www.tncstore.vn/media/product/11834-pc-do-hoa-ai-ryzen-9-9950x-rtx-5090--6-.jpg'),
(272, 10, 'https://www.tncstore.vn/media/product/250-11834-pc-do-hoa-ai-ryzen-9-9950x-rtx-5090--1-.jpg'),
(275, 3051, ''),
(276, 3051, ''),
(277, 3051, ''),
(278, 20, 'https://product.hstatic.net/1000231532/product/nintendo_switch_lite_gray_chinh_hang_e422646773684da6a9d6a39e337db13e_master.png');

-- --------------------------------------------------------

--
-- Cấu trúc bảng cho bảng `news`
--

CREATE TABLE `news` (
  `newId` int(11) NOT NULL,
  `title` varchar(255) NOT NULL,
  `thumbnail` varchar(500) DEFAULT NULL,
  `content` text NOT NULL,
  `eyeWatch` int(11) DEFAULT NULL,
  `createdAt` timestamp NOT NULL DEFAULT current_timestamp(),
  `updatedAt` timestamp NOT NULL DEFAULT current_timestamp() ON UPDATE current_timestamp(),
  `authorId` int(11) DEFAULT NULL,
  `description` text DEFAULT NULL,
  `videoUrl` text DEFAULT NULL,
  `type` text DEFAULT NULL
) ENGINE=InnoDB DEFAULT CHARSET=utf8mb4 COLLATE=utf8mb4_general_ci;

--
-- Đang đổ dữ liệu cho bảng `news`
--

INSERT INTO `news` (`newId`, `title`, `thumbnail`, `content`, `eyeWatch`, `createdAt`, `updatedAt`, `authorId`, `description`, `videoUrl`, `type`) VALUES
(1, 'Tuyển Dụng, Tìm Việc Làm Mới Nhất Tại TNC Store', 'https://www.tncstore.vn/media/lib/20-02-2025/THUMWEBTUYENDUNG.jpg', '<p class=\"text-center\">\n                                    <img src=\"https://www.tncstore.vn/media/lib/20-02-2025/THUMWEBTUYENDUNG.jpg\"\n                                        alt=\"Tuyển Dụng, Tìm Việc Làm Mới Nhất Tại TNC Store\" width=\"700\">\n                                </p>\n\n                                <h4>Vị trí Content Marketing</h4>\n\n                                <p> Mức thu nhập: 7-10 triệu VND </p>\n\n                                <p>\n                                    Yêu cầu:\n                                </p>\n\n                                <ul>\n                                    <li>\n                                        <span>Có\n                                            khả năng viết, sáng tạo nội dung.</span>\n                                    </li>\n                                    <li>\n                                        <span>Trung\n                                            thực sáng tạo nắm bắt xu hướng và tâm lý người tiêu dùng, yêu thích mảng\n                                            công nghệ - game là 1 lợi thế.</span>\n                                    </li>\n                                    <li>\n                                        <span>Không\n                                            yêu cầu kinh nghiệm.</span>\n                                    </li>\n                                </ul>\n\n                                <p><span>Mô\n                                        tả công việc:</span></p>\n\n                                <ul>\n                                    <li>\n                                        <span>Quản\n                                            trị nội dung website (viết bài và đăng bài)</span>\n                                    </li>\n                                    <li>\n                                        <span>Đảm\n                                            bảo tiến độ công việc được giao và đúng thời hạn</span>\n                                    </li>\n                                    <li>\n                                        <span>Thực\n                                            hiện các công việc khác khi được phân công</span>\n                                    </li>\n                                </ul>\n                                <h4>Vị\n                                    trí Quay phim/ Chụp Ảnh/ Dựng Video</h4>\n\n                                <p>Mức\n                                    Thu Nhập:<span>\n                                        12-14 triệu VND</span></p>\n\n                                <p>Yêu\n                                    cầu</p>\n\n                                <ul>\n                                    <li>\n                                        <span>Sử\n                                            dụng thành thạo máy ảnh.</span>\n                                    </li>\n                                    <li>\n                                        <span>Biết\n                                            sử dụng: PTS - PR - AE - Davinci Resolve - Capcut.</span>\n                                    </li>\n                                </ul>\n\n                                <p>Mô\n                                    tả công việc</p>\n\n                                <ul>\n                                    <li>\n                                        <span>Chụp\n                                            ảnh sản phẩm.</span>\n                                    </li>\n                                    <li>\n                                        <span>Quay,\n                                            dựng video quảng cáo theo kế hoạch Marketing.</span>\n                                    </li>\n                                    <li>\n                                        <span>Quay,\n                                            dựng video trên các nền tảng Facebook, Youtube, TikTok.</span>\n                                    </li>\n                                </ul>\n                                <h4><span>Vị\n                                        Trí Kế Toán Nội Bộ</span></h4>\n\n                                <p><span>Mức\n                                        Thu Nhập:<span>\n                                            9-10 triệu VND</span></span></p>\n\n                                <p><span>Yêu\n                                        cầu</span></p>\n\n                                <ul>\n                                    <li>\n                                        <span>Nữ,\n                                            độ tuổi 26-32, trung thực, cẩn thận, hoạt bát.</span>\n                                    </li>\n                                    <li>\n                                        <span>Tốt\n                                            nghiệp chuyên ngành kế toán, kinh tế (Trung Cấp trở lên).</span>\n                                    </li>\n                                    <li>\n                                        <span>Tối\n                                            thiểu 1-2 năm ở vị trí liên quan.</span>\n                                    </li>\n                                    <li>\n                                        <span>Ưu\n                                            tiên các ứng viên có kinh nghiệm làm việc trong ngành bán lẻ linh kiện điện\n                                            tử, máy tính...</span>\n                                    </li>\n                                    <li>\n                                        <span>Ưu\n                                            tiên những bạn có tố chất lãnh đạo, khả năng sắp xếp công việc, cân nhắc lên\n                                            trưởng nhóm nếu có đủ năng lực.</span>\n                                    </li>\n                                </ul>\n\n                                <p><span>Mô\n                                        tả công việc</span></p>\n\n                                <ul>\n                                    <li>\n                                        <span>Thực\n                                            hiện công việc thu chi, lập báo cáo doanh thu, theo dõi COD hằng ngày, bàn\n                                            giao tiền mặt cho thủ quỹ cuối ngày.</span>\n                                    </li>\n                                    <li>\n                                        <span>Quản\n                                            lý và theo dõi các khoản công nợ phải thu khách hàng, phải trả nhà cung cấp;\n                                            Thực hiện thanh toán công nợ hằng tuần.</span>\n                                    </li>\n                                    <li>\n                                        <span>Theo\n                                            dõi quỹ chiết khấu; Theo dõi cost sản phẩm.</span>\n                                    </li>\n                                    <li>\n                                        <span>Kiểm\n                                            tra và quản lý giấy tờ, biên bản gửi đến và đi.</span>\n                                    </li>\n                                    <li>\n                                        <span>Nhập\n                                            hóa đơn đầu vào lên phần mềm Misa; Xuất hóa đơn VAT; Xử lý hóa đơn VAT khi\n                                            có phát sinh.</span>\n                                    </li>\n                                    <li>\n                                        <span>Lên\n                                            đơn hàng, xử lý đơn hàng, làm hợp đồng,... khi có phát sinh.</span>\n                                    </li>\n                                    <li>\n                                        <span>Tổng\n                                            hợp và lập báo cáo doanh thu, chi phí, công nợ, chiết khấu hằng\n                                            tuần/tháng/năm.</span>\n                                    </li>\n                                    <li>\n                                        <span>Hỗ\n                                            trợ công việc nhập kho và quản lý kho hàng ngay tại showroom.</span>\n                                    </li>\n                                    <li>\n                                        <span>Thực\n                                            hiện một số công việc khác theo yêu cầu của Kế toán trưởng và Giám\n                                            đốc.</span>\n                                    </li>\n                                </ul>\n                                <h4><span>Vị\n                                        Trí Kinh Doanh</span></h4>\n\n                                <p><span><strong>Mức\n                                            thu nhập:</strong> 10-15 triệu VND</span></p>\n\n                                <p><span>Yêu\n                                        cầu</span></p>\n\n                                <ul>\n                                    <li>\n                                        <span>Nam/nữ\n                                            có sức khỏe tốt, nhân thân lai lịch rõ ràng, không có tiền án, tiền\n                                            sự.</span>\n                                    </li>\n                                    <li>\n                                        <span>Có\n                                            kỹ năng giao tiếp và các kỹ năng mềm cần thiết trong lĩnh vực bán\n                                            hàng.</span>\n                                    </li>\n                                    <li>\n                                        <span>Ưu\n                                            tiên các ứng viên có kinh nghiệm trong lĩnh vực bán lẻ IT.</span>\n                                    </li>\n                                </ul>\n\n                                <p><span>Mô\n                                        tả công việc</span></p>\n\n                                <ul>\n                                    <li>\n                                        <span>Tư\n                                            vấn, bán hàng tại cửa hàng các sản phẩm Laptop, máy tính - PC</span>\n                                    </li>\n                                    <li>\n                                        <span>Tư\n                                            vấn bán hàng qua điện thoại, fanpage, diễn đàn …</span>\n                                    </li>\n                                    <li>\n                                        <span>Tiếp\n                                            nhận, Trao đổi, giải quyết bước đầu các thắc mắc, khiếu nại của khách hàng.\n                                            Bàn giao tới các bộ phận có liên quan</span>\n                                    </li>\n                                </ul>\n                                <h4><span>Vị\n                                        Trí Kỹ Thuật</span></h4>\n\n                                <p><span>Mức\n                                        thu nhập: 10-12 triệu VND</span></p>\n\n                                <p><span>Yêu\n                                        cầu</span></p>\n\n                                <ul>\n                                    <li>\n                                        <span>Nam\n                                            tuổi từ 20 đến 30, tốt nghiệp Trung cấp trở lên chuyên ngành CNTT, Điện -\n                                            Điện Tử,...</span>\n                                    </li>\n                                    <li>\n                                        <span>Có\n                                            kinh nghiệm tối thiểu 1 năm.</span>\n                                    </li>\n                                    <li>\n                                        <span>Ưu\n                                            tiên có kinh nghiệm lắp ráp phần cứng PC,laptop, thiết bị văn\n                                            phòng...</span>\n                                    </li>\n                                    <li>\n                                        <span>Thành\n                                            thạo Office và các công cụ chuyên môn cài đặt kỹ thuật phần mềm</span>\n                                    </li>\n                                </ul>\n\n                                <p><span>Mô\n                                        tả công việc</span></p>\n\n                                <ul>\n                                    <li>\n                                        <span>Cài\n                                            đặt, lắp ráp, kiểm tra các trang thiết bị ICT.</span>\n                                    </li>\n                                    <li>\n                                        <span>Tiếp\n                                            nhận sản phẩm bảo hành.</span>\n                                    </li>\n                                    <li>\n                                        <span>Hỗ\n                                            trợ công tác khác tại cửa hàng.</span>\n                                    </li>\n                                </ul>\n                                <h4>Thời\n                                    Gian Làm Việc\n                                </h4>\n\n                                <ul>\n                                    <li>\n                                        <span>Sáng\n                                            8h30-12h00 và chiều 13h15-17h45.</span>\n                                    </li>\n                                    <li>\n                                        <span>Làm\n                                            việc từ thứ 2 đến thứ 7, nghỉ chủ nhật (Với vị trí Content, Edit)</span>\n                                    </li>\n                                    <li>\n                                        <span>Làm\n                                            việc 06 ngày 01 tuần, ca 08 tiếng và luân phiên theo ca (Với vị trí Kỹ\n                                            Thuật, Kinh Doanh và Kế Toán Nội Bộ)</span>\n                                    </li>\n                                </ul>\n                                <h4>Quyền\n                                    lợi\n                                </h4>\n\n                                <ul>\n                                    <li>\n                                        <span>Đóng\n                                            tất cả các loại bảo hiểm (BHYT, BHXH...) theo quy định nhà nước.</span>\n                                    </li>\n                                    <li>\n                                        <span>Có\n                                            12 ngày phép nghỉ 1 năm.</span>\n                                    </li>\n                                    <li>\n                                        <span>Chế\n                                            độ thưởng lễ, Tết đầy đủ.</span>\n                                    </li>\n                                    <li>\n                                        <span>Thưởng\n                                            tháng, quý, năm theo kết quả đánh của cấp trên.</span>\n                                    </li>\n                                    <li>\n                                        <span>Xét\n                                            thăng tiến lên vị trí hoặc cấp bậc cao hơn 3 tháng/lần.</span>\n                                    </li>\n                                    <li>\n                                        <span>Làm\n                                            việc trong môi trường trẻ, năng động.</span>\n                                    </li>\n                                </ul>\n                                <h4>Địa\n                                    Điểm Làm Việc\n                                </h4>\n\n                                <span class=\"d-block my-3\">TNC\n                                    Store: 172\n                                    Lê Thanh Nghị, Phường Đồng Tâm, Quận Hai Bà Trưng, Hà Nội.</span>\n                                <h4>Cách\n                                    Thức Ứng Tuyển\n                                </h4>\n                                <span>Gửi\n                                    CV ngay qua địa chỉ email: <a href=\"mailto:tuyendung@tncstore.vn\"><span\n                                            h4>tuyendung@tncstore.vn</span></a></span>', 100, '2025-02-24 18:40:16', '2025-05-21 16:21:35', 1, 'Tuyển dụng nhiều việc làm tại TNC Store với mức lương hấp dẫn. Ứng tuyển ngay!', '', 'new'),
(2, 'Khám Phá Sức Mạnh Vô Hạn Với Bộ Máy ASUS GeForce RTX 50 Series', 'https://www.tncstore.vn/media/lib/22-01-2025/ctkm-asus-pre-order-rtx-50-series.jpg', '<p><img style=\"display: block; margin-left: auto; margin-right: auto;\" src=\"https://www.tncstore.vn/media/lib/22-01-2025/ctkm-asus-pre-order-rtx-50-series.jpg\" alt=\"Kh&aacute;m Ph&aacute; Sức Mạnh V&ocirc; Hạn Với Bộ M&aacute;y ASUS GeForce RTX 50 Series\" width=\"700\"></p>\n<p>&nbsp;</p>\n<h2><strong>Thời Gian Khuyến M&atilde;i</strong></h2>\n<p>Bất k&igrave; h&oacute;a đơn mua h&agrave;ng, phiếu thu hoặc phiếu xuất kho c&oacute; gi&aacute; trị từ 21:00 ng&agrave;y 31/01/2025 đến 28/02/2025 hoặc cho đến khi hết qu&agrave;</p>\n<p>Hạn ch&oacute;t đăng k&yacute; nhận qu&agrave;: 03/03/2025</p>\n<h2><strong>Sản Phẩm &Aacute;p Dụng V&agrave; Qu&agrave; Tặng</strong></h2>\n<p>Build trọn bộ m&aacute;y ASUS* tặng ghế Gaming ROG CHARIOT X CORE trị gi&aacute; 15,000,000đ</p>\n<p>* Linh kiện bắt buộc của bộ m&aacute;y ASUS bao gồm:</p>\n<p>&nbsp;</p>\n<p><img style=\"display: block; margin-left: auto; margin-right: auto;\" src=\"https://www.tncstore.vn/media/lib/22-01-2025/ctkm-asus-pre-order-rtx-50-series1.jpg\" alt=\"Kh&aacute;m Ph&aacute; Sức Mạnh V&ocirc; Hạn Với Bộ M&aacute;y ASUS GeForce RTX 50 Series\" width=\"700\"></p>\n<p>&nbsp;</p>\n<ul>\n<li><strong>Bo mạch chủ:</strong> ROG STRIX v&agrave; ROG Z890/ X870 series</li>\n<li><strong>Card đ&ocirc;̀ họa:</strong> ASUS hoặc ROG GeForce RTX 5080/ 5090 series</li>\n<li><strong>Case</strong>: <a href=\"https://www.tncstore.vn/vo-case-asus-rog-hyperion-gr701.html\"><strong>ROG Hyperion GR701</strong></a>/ <a href=\"https://www.tncstore.vn/vo-case-rog-strix-helios-gx601.html\"><strong>ROG Strix Helios GX601</strong></a>/ <a href=\"https://www.tncstore.vn/vo-case-asus-proart-pa602-den.html\"><strong>ASUS ProArt PA602</strong></a></li>\n<li><strong>Nguồn</strong>: ROG TITANIUM hoặc PLATINUM 1000W series trở l&ecirc;n</li>\n<li><strong>Tản</strong>: ROG RYUJIN III series/ ROG RYUO series</li>\n<li><strong>B&agrave;n ph&iacute;m:</strong> ROG series</li>\n<li><strong>Chuột</strong>: <a href=\"https://www.tncstore.vn/chuot-gaming-asus-rog-strix-impact-iii-wireless-black.html\"><strong>ROG Impact III WL</strong></a>/ <a href=\"https://www.tncstore.vn/chuot-gaming-asus-rog-harpe-ace-aim-lab-edition-black.html\"><strong>ROG Harpe Ace Aim Lab Edition</strong></a>/ <a href=\"https://www.tncstore.vn/chuot-gaming-asus-rog-harpe-ace-mini-black.html\"><strong>ROG Harpe Ace Mini</strong></a>/ ROG Harpe Ace Extreme/ ROG Keris Wireless AimPoint/ <a href=\"https://www.tncstore.vn/chuot-khong-day-asus-rog-gladius-iii-wireless-aimpoint-black.html\"><strong>ROG Gladius III Wireless AimPoint</strong></a>/ <a href=\"https://www.tncstore.vn/chuot-gaming-asus-rog-keris-ii-ace-black.html\"><strong>ROG Keris II Ace</strong></a></li>\n</ul>\n<h2><strong>C&aacute;ch Thức Nhận Qu&agrave;</strong></h2>\n<p>Click v&agrave;o n&uacute;t &ldquo;<strong>Đăng K&yacute;</strong>&rdquo; tr&ecirc;n website sự kiện <a href=\"https://www.asus.com/vn/events/\"><strong>https://www.asus.com/vn/events/</strong></a></p>\n<p>Lưu &Yacute;: Trong trường hợp kh&ocirc;ng thể đăng k&yacute; tr&ecirc;n hệ thống, qu&yacute; kh&aacute;ch h&agrave;ng vui l&ograve;ng gửi th&ocirc;ng tin nhận qu&agrave; như b&ecirc;n dưới về địa chỉ Email: <a href=\"mailto:dangkyasus@gmail.com\"><strong>dangkyasus@gmail.com</strong></a> với ti&ecirc;u đề: &ldquo;<strong>[Khuyen mai] RTX 50 series PC</strong>&rdquo;</p>\n<ul>\n<li>Đ&iacute;nh k&egrave;m h&igrave;nh ảnh h&oacute;a đơn mua h&agrave;ng, phiếu thu, phiếu xuất kho c&oacute; dấu x&aacute;c nhận của cửa h&agrave;ng, thể hiện r&otilde; t&ecirc;n sản phẩm v&agrave; ng&agrave;y mua h&agrave;ng trong thời gian chương tr&igrave;nh diễn ra.</li>\n<li>Đ&iacute;nh k&egrave;m ảnh chụp số S/N của sản phẩm</li>\n<li>Điền series của sản phẩm:</li>\n<li>Điền Họ v&agrave; t&ecirc;n người nhận qu&agrave;</li>\n<li>Điền Địa chỉ nhận qu&agrave;</li>\n<li>Điền Số điện thoại li&ecirc;n hệ</li>\n<li>H&igrave;nh chụp số S/N tr&ecirc;n sản phẩm phải chụp k&egrave;m với ho&aacute; đơn như h&igrave;nh dưới đ&acirc;y, chỉ chấp nhận h&igrave;nh chụp số S/N tr&ecirc;n sản phẩm, số S/N tr&ecirc;n hộp kh&ocirc;ng c&oacute; hiệu lực.</li>\n</ul>\n<h2><strong>C&aacute;c Lưu &Yacute; Kh&aacute;c</strong></h2>\n<ul>\n<li>ASUS sẽ kiểm tra v&agrave; li&ecirc;n hệ gửi qu&agrave; tới bạn trong 20 ng&agrave;y l&agrave;m việc (ngoại trừ thứ 7 &amp; Chủ nhật)</li>\n<li>Chương tr&igrave;nh kh&ocirc;ng &aacute;p dụng đồng thời với c&aacute;c chương tr&igrave;nh khuyến m&atilde;i kh&aacute;c.</li>\n<li>Qu&agrave; tặng kh&ocirc;ng c&oacute; gi&aacute; trị quy đổi th&agrave;nh tiền mặt hoặc c&aacute;c gi&aacute; trị kh&aacute;c tương đương.</li>\n<li>H&oacute;a đơn/ phiếu thu/ phiếu xuất kho phải c&oacute; con dấu của cửa h&agrave;ng b&aacute;n lẻ.</li>\n<li>Chương tr&igrave;nh chỉ d&agrave;nh cho kh&aacute;ch h&agrave;ng mua lẻ từ cửa h&agrave;ng, tất cả h&oacute;a đơn từ nh&agrave; ph&acirc;n phối đều kh&ocirc;ng được tham gia chương tr&igrave;nh khuyến m&atilde;i n&agrave;y.</li>\n<li>Dung lượng h&igrave;nh ảnh h&oacute;a đơn tải l&ecirc;n hệ thống &lt;1Mb.</li>\n<li>Trong trường hợp cần thiết nhằm bảo đảm quyền lợi kh&aacute;ch h&agrave;ng, ph&iacute;a ASUS sẽ cần th&ecirc;m những th&ocirc;ng tin kh&aacute;c để x&aacute;c định kh&aacute;ch mua h&agrave;ng l&agrave; ch&iacute;nh x&aacute;c như: h&oacute;a đơn đỏ, giấy tờ t&ugrave;y th&acirc;n c&oacute; ảnh đại diện...</li>\n<li>Mọi g&oacute;p &yacute; hay thắc mắc kh&aacute;c về chương tr&igrave;nh, xin vui l&ograve;ng post tại Hội linh kiện PC ASUS ROG Việt Nam</li>\n</ul>', 1232, '2025-02-24 18:44:38', '2025-04-01 13:22:05', 1, 'Nhận ngay Ghế gaming Chariot X Core trị giá 15 triệu đồng khi build trọn bộ máy ASUS!', NULL, 'new'),
(3, 'Xé Túi Mù 5090 - Thử Vận May Cùng TNC Store', 'https://www.tncstore.vn/media/lib/18-02-2025/RESIZECHUONGTRINHXETUIMUWEB.jpg', '<p><img style=\"display: block; margin-left: auto; margin-right: auto;\" src=\"https://www.tncstore.vn/media/lib/18-02-2025/RESIZECHUONGTRINHXETUIMUWEB.jpg\" alt=\"CTKM X&eacute; T&uacute;i M&ugrave; 5090 - Thử Vận May C&ugrave;ng TNC Store\" width=\"700\"></p>\n<p>&nbsp;</p>\n<h2><strong>Nội Dung Chương Tr&igrave;nh</strong></h2>\n<p>Qu&yacute; kh&aacute;ch h&agrave;ng sẽ c&oacute; cơ hội bốc thăm t&uacute;i m&ugrave; 100% tr&uacute;ng phần qu&agrave; hấp dẫn khi mua tất cả c&aacute;c sản phẩm ở TNC Store.</p>\n<h2><strong>Điều Kiện &Aacute;p Dụng</strong></h2>\n<p>Với tất cả kh&aacute;ch h&agrave;ng mua h&agrave;ng trực tiếp tại cửa h&agrave;ng TNC Store 172 L&ecirc; Thanh Nghị, v&agrave; đ&aacute;nh gi&aacute; 5 sao địa điểm TNC tr&ecirc;n Google Map sẽ nhận được 1 lượt x&eacute; t&uacute;i m&ugrave; qu&agrave; tặng ngẫu nhi&ecirc;n.</p>\n<p><strong>&gt;&gt;&gt; Tham Khảo Th&ecirc;m C&aacute;c Sản Phẩm VGA RTX 5090 <a href=\"https://www.tncstore.vn/vga-nvidia-rtx-5090.html\" target=\"_blank\" rel=\"noopener\">TẠI Đ&Acirc;Y</a></strong></p>\n<p><img style=\"display: block; margin-left: auto; margin-right: auto;\" src=\"https://www.tncstore.vn/media/lib/19-02-2025/250-11618-card-man-hinh-asus-rog.jpg\" alt=\"CTKM X&eacute; T&uacute;i M&ugrave; 5090 - Thử Vận May C&ugrave;ng TNC Store\" width=\"700\"></p>', 132, '2025-02-24 18:44:38', '2025-04-01 13:28:41', 1, 'Tặng ngay 1 lượt xé túi mù 5090 với các phần quà hấp dẫn khi mua hàng trực tiếp ở TNC Store.', NULL, 'new'),
(4, 'Mở Khóa Tiềm Năng Trí Tuệ Nhân Tạo AI Cho Doanh Nghiệp', 'https://www.tncstore.vn/media/lib/21-01-2025/ctkm-asus-tang-phan-mem-ai.jpg', '<p>&nbsp;<img style=\"display: block; margin-left: auto; margin-right: auto;\" src=\"https://www.tncstore.vn/media/lib/21-01-2025/ctkm-asus-tang-phan-mem-ai.jpg\" alt=\"Mở Kh&oacute;a Tiềm Năng AI Cho Doanh Nghiệp\" width=\"700\"></p>\n<p>&nbsp;</p>\n<h2><strong>Thời gian khuyến m&atilde;i</strong>&nbsp;</h2>\n<p>Bất k&igrave; h&oacute;a đơn mua h&agrave;ng, phiếu thu hoặc phiếu xuất kho c&oacute; gi&aacute; trị từ ng&agrave;y 27/12/2024 đến 28/03/2025.</p>\n<h2><strong>Sản Phẩm &Aacute;p Dụng V&agrave; Qu&agrave; Tặng</strong></h2>\n<p>Mua Bo mạch chủ ASUS Z890, B860, H810 hoặc ROG NUC/ ASUS NUC 14 series nhận ngay 3 c&ocirc;ng cụ phần mềm AI ti&ecirc;n tiến - CrowdStrike Falcon Go, Generate by Iterate.AI v&agrave; PCmover Business &amp; Laplink Everywhere để tăng độ bảo mật, năng suất v&agrave; khả năng quản l&yacute;!</p>\n<h2><strong>C&aacute;c Cửa H&agrave;ng/ Đại L&yacute; &Aacute;p Dụng</strong></h2>\n<p>Chương tr&igrave;nh khuyến m&atilde;i &aacute;p dụng cho tất cả đại l&yacute; v&agrave; cửa h&agrave;ng b&aacute;n c&aacute;c sản phẩm ch&iacute;nh h&atilde;ng ASUS tr&ecirc;n to&agrave;n quốc.</p>\n<h2><strong>C&aacute;ch Thức Tham Gia</strong></h2>\n<ul>\n<li><strong>Bước 1:</strong> Mua c&aacute;c sản phẩm hợp lệ đủ điều kiện tham gia chương tr&igrave;nh: ASUS Z890, B860, H810 hoặc ROG NUC /ASUS NUC 14 series</li>\n<li><strong>Bước 2:</strong> Truy cập v&agrave;o chương tr&igrave;nh khuyến m&atilde;i ASUS <a href=\"https://www.asus.com/events/promotions/vn/vn-unlock-ai-potential-for-your-business\" target=\"_blank\" rel=\"noopener\"><strong>TẠI Đ&Acirc;Y</strong></a></li>\n<li><strong>Bước 3:</strong> Nhấp v&agrave;o &ocirc; &ldquo;<strong>Claim your redeem code now</strong>&rdquo; v&agrave; l&agrave;m theo c&aacute;c bước để nhận code</li>\n</ul>\n<p><strong>Bước 4: </strong>Truy cập v&agrave;o link: https://softwareoffer.intel.com/ v&agrave; nhấp v&agrave;o &ocirc; &ldquo;Get Started&rdquo; l&agrave;m theo c&aacute;i bước để nhập code v&agrave; quy đổi 3 c&ocirc;ng cụ phần mềm AI ti&ecirc;n tiến</p>', 632, '2025-02-24 18:44:38', '2025-04-01 13:30:42', 1, 'Tặng ngay 3 công cụ phần mềm AI tiên tiến khi mua Bo mạch chủ Asus Z890, B860, H810 hoặc ROG NUC/ ASUS NUC 14 series.', NULL, 'new'),
(5, 'Hướng Dẫn Chi Tiết Cách Chơi Chamber Hiệu Quả Valorant', 'https://www.tncstore.vn/media/news/3755-valorant-chamber.jpg', '<p style=\"text-align: center;\"><iframe src=\"https://www.youtube.com/embed/45SULzv4Aw4\" width=\"700\" height=\"350\"></iframe></p>\n<p>&nbsp;</p>\n<h2><strong>Tổng Quan Về Chamber</strong></h2>\n<p>Chamber l&agrave; một chuy&ecirc;n gia vũ kh&iacute; đến từ Ph&aacute;p, mang phong c&aacute;ch lịch l&atilde;m v&agrave; trang bị tối t&acirc;n. Anh kết hợp giữa vai tr&ograve; của một Sentinel v&agrave; Duelist, c&oacute; khả năng bảo vệ khu vực v&agrave; tấn c&ocirc;ng mạnh mẽ. Bộ kỹ năng của Chamber cho ph&eacute;p anh kiểm so&aacute;t vị tr&iacute;, ph&aacute;t hiện kẻ địch v&agrave; ti&ecirc;u diệt mục ti&ecirc;u với độ ch&iacute;nh x&aacute;c cao. ​</p>\n<p><img style=\"display: block; margin-left: auto; margin-right: auto;\" src=\"https://www.tncstore.vn/media/lib/01-04-2025/valorant-chamber2.jpg\" alt=\"TNC Store C&aacute;ch Chơi Chamber Hiệu Quả Valorant\" width=\"700\" height=\"394\"></p>\n<p>&nbsp;</p>\n<ul>\n<li><strong>Quốc tịch:</strong> Ph&aacute;p</li>\n<li><strong>Phong c&aacute;ch chơi:</strong> Sentinel lai Duelist, sử dụng vũ kh&iacute; mạnh mẽ để kết liễu đối thủ từ xa.</li>\n<li><strong>Độ kh&oacute;:</strong> Trung B&igrave;nh - Cao (Y&ecirc;u cầu khả năng bắn ch&iacute;nh x&aacute;c v&agrave; định vị tốt).</li>\n<li><strong>Vai tr&ograve; ch&iacute;nh:</strong> Kiểm so&aacute;t khu vực, hạ gục kẻ địch từ xa, hỗ trợ ph&ograve;ng thủ.</li>\n</ul>\n<h2><strong>Điểm Mạnh V&agrave; Điểm Yếu Của Chamber</strong></h2>\n<h3><strong>Điểm Mạnh</strong></h3>\n<ul>\n<li><strong>Khả năng tấn c&ocirc;ng mạnh mẽ:</strong> Bộ kỹ năng của Chamber cung cấp vũ kh&iacute; ri&ecirc;ng với s&aacute;t thương cao, gi&uacute;p anh lu&ocirc;n c&oacute; lợi thế trong giao tranh.</li>\n<li><strong>Di chuyển linh hoạt:</strong> Kỹ năng Rendezvous (Điểm Hẹn) gi&uacute;p Chamber dịch chuyển nhanh ch&oacute;ng, cho ph&eacute;p anh chơi hổ b&aacute;o m&agrave; vẫn c&oacute; đường lui.</li>\n<li><strong>Kiểm so&aacute;t bản đồ tốt:</strong> Kỹ năng Trademark (Thương Hiệu) gi&uacute;p Chamber ph&aacute;t hiện kẻ địch v&agrave; l&agrave;m chậm bước tiến của họ.</li>\n<li><strong>Kh&ocirc;ng cần đầu tư qu&aacute; nhiều tiền v&agrave;o vũ kh&iacute;:</strong> Kỹ năng Headhunter (Kẻ Săn Đầu Người) v&agrave; chi&ecirc;u cuối Tour de Force gi&uacute;p Chamber c&oacute; vũ kh&iacute; mạnh ngay cả khi đội thiếu kinh tế.</li>\n</ul>\n<h3><strong>Điểm Yếu</strong></h3>\n<ul>\n<li><strong>Thiếu c&ocirc;ng cụ hỗ trợ đồng đội:</strong> Kh&ocirc;ng giống c&aacute;c Sentinel kh&aacute;c như Killjoy hay Cypher, Chamber kh&ocirc;ng c&oacute; kỹ năng che chắn hay bảo vệ đội h&igrave;nh.</li>\n<li><strong>Phụ thuộc v&agrave;o khả năng bắn:</strong> Nếu bắn kh&ocirc;ng ch&iacute;nh x&aacute;c, Chamber sẽ kh&oacute; ph&aacute;t huy sức mạnh tối đa.</li>\n<li><strong>Kh&ocirc;ng c&oacute; khả năng hồi phục hoặc buff:</strong> Kh&aacute;c với Sage, anh kh&ocirc;ng thể tự hồi m&aacute;u hay hỗ trợ đồng đội.</li>\n</ul>\n<h2><strong>Khi N&agrave;o N&ecirc;n Chọn Chamber?</strong></h2>\n<p>&nbsp;</p>\n<p><img style=\"display: block; margin-left: auto; margin-right: auto;\" src=\"https://www.tncstore.vn/media/lib/01-04-2025/valorant-chamber3.jpg\" alt=\"TNC Store C&aacute;ch Chơi Chamber Hiệu Quả Valorant\" width=\"700\" height=\"394\"></p>\n<p>&nbsp;</p>\n<ul>\n<li>Bạn c&oacute; kỹ năng bắn ch&iacute;nh x&aacute;c. Kỹ năng Headhunter (Kẻ Săn Đầu Người) v&agrave; chi&ecirc;u cuối Tour de Force đều y&ecirc;u cầu người chơi phải bắn tr&uacute;ng mới tạo ra hiệu quả cao.</li>\n<li>Đội cần một Sentinel c&oacute; lối chơi chủ động.</li>\n<li>Linh hoạt giữa tấn c&ocirc;ng v&agrave; ph&ograve;ng thủ</li>\n<li>Khi đội thiếu t&agrave;i ch&iacute;nh v&agrave; cần tiết kiệm tiền.</li>\n</ul>\n<h2><strong>Bộ Kỹ Năng Của Chamber</strong></h2>\n<h3><strong>C - Thương Hiệu (Trademark)</strong></h3>\n<p>M&ocirc; tả: Đặt một bẫy ph&aacute;t hiện kẻ địch. Khi kẻ địch bước v&agrave;o phạm vi, bẫy sẽ k&iacute;ch hoạt sau một khoảng thời gian ngắn, tạo ra v&ugrave;ng l&agrave;m chậm tất cả kẻ địch trong khu vực ảnh hưởng.​</p>\n<p><strong>Lưu &yacute; sử dụng:</strong></p>\n<ul>\n<li>Đặt bẫy ở c&aacute;c lối v&agrave;o ch&iacute;nh hoặc khu vực thường xuy&ecirc;n c&oacute; kẻ địch di chuyển để kiểm so&aacute;t v&agrave; thu thập th&ocirc;ng tin.​</li>\n<li>Bẫy c&oacute; thể bị ph&aacute; hủy, v&igrave; vậy h&atilde;y đặt ở vị tr&iacute; kh&oacute; bị ph&aacute;t hiện. ​</li>\n</ul>\n<h3><strong>Q - Kẻ Săn Đầu Người (Headhunter)</strong></h3>\n<p><strong>M&ocirc; tả:</strong> Trang bị một khẩu s&uacute;ng lục hạng nặng với s&aacute;t thương lớn, c&oacute; thể ngắm bắn như s&uacute;ng trường.​</p>\n<p><strong>Lưu &yacute; sử dụng:</strong></p>\n<ul>\n<li>Tập trung v&agrave;o việc kiểm so&aacute;t độ giật, cải thiện độ ch&iacute;nh x&aacute;c v&agrave; luyện tập bắn headshot để tối đa h&oacute;a hiệu quả.​</li>\n<li>Sử dụng ở c&aacute;c cự ly kh&aacute;c nhau để nắm r&otilde; độ rơi của đạn v&agrave; điều chỉnh aim cho ph&ugrave; hợp.</li>\n</ul>\n<h3><strong>E - Điểm Hẹn (Rendezvous)</strong></h3>\n<p><img style=\"display: block; margin-left: auto; margin-right: auto;\" src=\"https://www.tncstore.vn/media/lib/01-04-2025/valorant-chamber1.jpg\" alt=\"TNC Store C&aacute;ch Chơi Chamber Hiệu Quả Valorant\" width=\"700\" height=\"394\"></p>\n<p>&nbsp;</p>\n<p><strong>M&ocirc; tả:</strong> Đặt hai trạm dịch chuyển. Khi ở trong phạm vi hoạt động, Chamber c&oacute; thể k&iacute;ch hoạt để dịch chuyển giữa hai trạm n&agrave;y.​</p>\n<p><strong>Lưu &yacute; sử dụng:</strong></p>\n<ul>\n<li>Đặt c&aacute;c điểm dịch chuyển một c&aacute;ch th&ocirc;ng minh v&agrave; s&aacute;ng tạo để tạo lợi thế chiến thuật v&agrave; tho&aacute;t khỏi t&igrave;nh huống nguy hiểm.​</li>\n<li>Sử dụng để nhanh ch&oacute;ng thay đổi vị tr&iacute;, g&acirc;y bất ngờ cho kẻ địch hoặc r&uacute;t lui an to&agrave;n. ​</li>\n</ul>\n<h3><strong>X - Tour de Force</strong></h3>\n<p><strong>M&ocirc; tả:</strong> Triệu hồi một khẩu s&uacute;ng bắn tỉa hạng nặng, c&oacute; khả năng hạ gục kẻ địch chỉ với một ph&aacute;t bắn tr&uacute;ng v&agrave;o bất kỳ vị tr&iacute; n&agrave;o tr&ecirc;n cơ thể. Khi ti&ecirc;u diệt kẻ địch, tạo ra một v&ugrave;ng l&agrave;m chậm tại vị tr&iacute; đ&oacute;.​</p>\n<p><strong>Lưu &yacute; sử dụng:</strong></p>\n<ul>\n<li>Sử dụng trong c&aacute;c v&ograve;ng đấu quan trọng hoặc khi đội thiếu t&agrave;i ch&iacute;nh để mua vũ kh&iacute; mạnh.​</li>\n<li>Kết hợp với kỹ năng Điểm Hẹn để thay đổi vị tr&iacute; sau khi bắn, tr&aacute;nh bị phản c&ocirc;ng. ​</li>\n</ul>\n<h2><strong>C&aacute;ch Chơi Chamber Hiệu Quả</strong></h2>\n<p><img style=\"display: block; margin-left: auto; margin-right: auto;\" src=\"https://www.tncstore.vn/media/lib/01-04-2025/valorant-chamber4.jpg\" alt=\"TNC Store C&aacute;ch Chơi Chamber Hiệu Quả Valorant\" width=\"700\" height=\"394\"></p>\n<p>&nbsp;</p>\n<ul>\n<li><strong>Kiểm So&aacute;t Bản Đồ:</strong> Sử dụng kỹ năng Thương Hiệu để đặt bẫy tại c&aacute;c lối v&agrave;o quan trọng, gi&uacute;p ph&aacute;t hiện v&agrave; l&agrave;m chậm kẻ địch, cung cấp th&ocirc;ng tin qu&yacute; gi&aacute; cho đội.​</li>\n<li><strong>Tấn C&ocirc;ng Từ Xa:</strong> Tận dụng kỹ năng Kẻ Săn Đầu Người v&agrave; Tour de Force để hạ gục kẻ địch từ khoảng c&aacute;ch xa với độ ch&iacute;nh x&aacute;c cao.​</li>\n<li><strong>Di Chuyển Linh Hoạt:</strong> Sử dụng Điểm Hẹn để dịch chuyển nhanh ch&oacute;ng giữa c&aacute;c vị tr&iacute;, tạo lợi thế trong việc tấn c&ocirc;ng hoặc r&uacute;t lui.​</li>\n<li><strong>Kết Hợp Với Đồng Đội:</strong> Phối hợp với đồng đội để tận dụng tối đa khả năng kiểm so&aacute;t v&agrave; tấn c&ocirc;ng của Chamber, đặc biệt trong việc giữ v&agrave; chiếm khu vực.​</li>\n</ul>\n<h2><strong>Mẹo Chơi Chamber D&agrave;nh Cho Người Mới</strong></h2>\n<ul>\n<li><strong>Luyện Tập Ngắm Bắn:</strong> Chamber y&ecirc;u cầu kỹ năng ngắm bắn ch&iacute;nh x&aacute;c. H&atilde;y d&agrave;nh thời gian luyện tập để cải thiện khả năng n&agrave;y.​</li>\n<li><strong>Quản L&yacute; T&agrave;i Ch&iacute;nh</strong>: Sử dụng kỹ năng Kẻ Săn Đầu Người v&agrave; Tour de Force một c&aacute;ch hợp l&yacute; để tiết kiệm tiền mua vũ kh&iacute; trong c&aacute;c v&ograve;ng đấu.​</li>\n<li><strong>Đặt Bẫy Chiến Thuật:</strong> Học c&aacute;ch đặt bẫy Thương Hiệu ở những vị tr&iacute; kh&oacute; ph&aacute;t hiện v&agrave; hiệu quả trong việc kiểm so&aacute;t kẻ địch.​</li>\n<li><strong>Sử Dụng Dịch Chuyển Th&ocirc;ng Minh:</strong> Đặt c&aacute;c trạm dịch chuyển ở vị tr&iacute; chiến lược để c&oacute; thể tho&aacute;t khỏi t&igrave;nh huống nguy hiểm hoặc tạo bất ngờ cho kẻ địch.​</li>\n</ul>\n<h2><strong>Tổng Kết</strong></h2>\n<p style=\"text-align: left;\">Chamber l&agrave; một đặc vụ mạnh mẽ trong Valorant, nhưng để ph&aacute;t huy hết tiềm năng, người chơi cần kết hợp giữa kỹ năng c&aacute; nh&acirc;n v&agrave; chiến thuật hợp l&yacute;. H&atilde;y luyện tập v&agrave; thử nghiệm để t&igrave;m ra phong c&aacute;ch chơi ph&ugrave; hợp nhất với bạn.​</p>', 32, '2025-02-24 18:44:38', '2025-04-01 13:38:34', 1, 'Chamber là một đặc vụ trong Valorant, nổi bật với khả năng kiểm soát bản đồ và hạ gục kẻ địch từ xa nhờ bộ kỹ năng độc đáo. Dưới đây là hướng dẫn chi tiết về cách chơi Chamber hiệu quả.​', NULL, 'new'),
(6, 'Cách Diệt Virus Trên Máy Tính Win 11 Chi Tiết', 'https://www.tncstore.vn/media/news/3710-cach-diet-virus-tren-may-tinh-win-11.jpg', '<p style=\"text-align: center;\"><iframe src=\"https://www.youtube.com/embed/R4kdUdGyPMc\" width=\"700\" height=\"350\"></iframe></p>\n<p>&nbsp;</p>\n<h2><strong>Diệt Virus Tr&ecirc;n M&aacute;y T&iacute;nh Win 11 Qua Windows Security</strong></h2>\n<p>Windows Security l&agrave; ứng dụng gồm rất nhiều c&ocirc;ng cụ bảo vệ cho Windows 11 v&agrave; bạn cũng c&oacute; thể k&iacute;ch hoạt qu&aacute; tr&igrave;nh qu&eacute;t virus đầy đủ th&ocirc;ng qua n&oacute;. C&aacute;c bước thực hiện như sau:</p>\n<ul>\n<li><strong>Bước 1:</strong> Nhấn <strong>Windows</strong> &gt; T&igrave;m v&agrave; mở <strong>Windows Security</strong>.</li>\n<li><strong>Bước 2:</strong> Nhấn v&agrave;o <strong>Virus &amp; threat protection</strong> ở thanh b&ecirc;n tr&aacute;i m&agrave;n h&igrave;nh.</li>\n<li><strong>Bước 3:</strong> Trong phần <strong>Current Threats</strong> &gt; Nhấn v&agrave;o mục <strong>Scan Options</strong>.</li>\n</ul>\n<p><img style=\"display: block; margin-left: auto; margin-right: auto;\" src=\"https://www.tncstore.vn/media/lib/06-03-2025/cach-diet-virus-tren-may-tinh-win-113.jpg\" alt=\"TNC Store C&aacute;ch Diệt Virus Tr&ecirc;n M&aacute;y T&iacute;nh Win 11 Chi Tiết\" width=\"700\" height=\"475\"></p>\n<p>&nbsp;</p>\n<ul>\n<li><strong>Bước 4:</strong> T&iacute;ch chọn <strong>Full Scan</strong> để Microsoft Defender kiểm tra to&agrave;n bộ hệ thống, t&igrave;m virus v&agrave; bất kỳ phần mềm độc hại n&agrave;o.</li>\n</ul>\n<p><img style=\"display: block; margin-left: auto; margin-right: auto;\" src=\"https://www.tncstore.vn/media/lib/06-03-2025/cach-diet-virus-tren-may-tinh-win-114.jpg\" alt=\"TNC Store C&aacute;ch Diệt Virus Tr&ecirc;n M&aacute;y T&iacute;nh Win 11 Chi Tiết\" width=\"700\" height=\"475\"></p>\n<p>&nbsp;</p>\n<ul>\n<li><strong>Bước 5:</strong> Nhấn n&uacute;t <strong>Scan now để Microsoft Defender</strong> bắt đầu qu&aacute; tr&igrave;nh qu&eacute;t.</li>\n</ul>\n<p>Nếu c&oacute; bất cứ virus hay phần mềm độc hại n&agrave;o xuất hiện tr&ecirc;n m&aacute;y t&iacute;nh của bạn, Microsoft Defender sẽ đưa ra th&ocirc;ng b&aacute;o v&agrave; hạn chế quyền truy cập v&agrave;o tập tin bị nhiễm virus hoặc phần mềm độc hại.</p>\n<h2><strong>Command Prompt</strong></h2>\n<p>Bạn cũng c&oacute; thể y&ecirc;u cầu Microsoft Defender qu&eacute;t to&agrave;n bộ m&aacute;y t&iacute;nh th&ocirc;ng qua một v&agrave;i c&acirc;u lệnh trong Command Prompt. C&aacute;c bước thực hiện như sau:</p>\n<ul>\n<li><strong>Bước 1:</strong> Nhấn <strong>Windows</strong> &gt; Nhập từ kho&aacute; <strong>Command Prompt</strong> &gt; Nhấn chuột phải v&agrave;o ứng dụng <strong>Command Prompt</strong> v&agrave; chọn <strong>Run as administrator</strong></li>\n<li><strong>Bước 2:</strong> Trong cửa sổ nhập lệnh của Command Prompt &gt; Nhập lệnh \"<strong>cd C:\\ProgramData\\Microsoft\\Windows Defender\\Platform\\4*</strong>\" &gt; Nhấn <strong>Enter</strong> để t&igrave;m v&agrave; c&agrave;i đặt phi&ecirc;n bản Microsoft Defender Antivirus mới nhất.</li>\n<li><strong>Bước 3: Nhập lệnh \"mpcmdrun -scan -scantype 2\" &gt; Nhấn Enter để y&ecirc;u cầu Microsoft Defender qu&eacute;t to&agrave;n bộ m&aacute;y t&iacute;nh.</strong></li>\n</ul>\n<p>&nbsp;</p>\n<p><img style=\"display: block; margin-left: auto; margin-right: auto;\" src=\"https://www.tncstore.vn/media/lib/06-03-2025/cach-diet-virus-tren-may-tinh-win-115.jpg\" alt=\"TNC Store C&aacute;ch Diệt Virus Tr&ecirc;n M&aacute;y T&iacute;nh Win 11 Chi Tiết\" width=\"700\" height=\"249\"></p>\n<p>&nbsp;</p>\n<p>Sau khi bạn ho&agrave;n th&agrave;nh c&aacute;c bước, Microsoft Defender sẽ qu&eacute;t, ph&aacute;t hiện v&agrave; x&oacute;a mọi phần mềm độc hại tr&ecirc;n m&aacute;y t&iacute;nh. Bạn sẽ nhận thấy th&ocirc;ng b&aacute;o &ldquo;Start scanning&rdquo; khi chương tr&igrave;nh diệt virus của Windows 11 bắt đầu qu&eacute;t. Khi qu&aacute; tr&igrave;nh qu&eacute;t ho&agrave;n tất, th&ocirc;ng b&aacute;o &ldquo;Scan finished&rdquo; sẽ xuất hiện.</p>\n<h2><strong>PowerShell</strong></h2>\n<p>Bạn cũng c&oacute; thể y&ecirc;u cầu Microsoft Defender qu&eacute;t to&agrave;n bộ m&aacute;y t&iacute;nh th&ocirc;ng qua một c&acirc;u lệnh trong PowerShell. C&aacute;c bước thực hiện như sau:</p>\n<ul>\n<li><strong>Bước 1:</strong> Nhấn <strong>Windows</strong> &gt; Nhập từ kho&aacute; &ldquo;<strong>PowerShell</strong>&rdquo; &gt; Nhấn chuột phải v&agrave;o ứng dụng <strong>Windows PowerShell</strong> v&agrave; chọn <strong>Run as administrator</strong></li>\n<li><strong>Bước 2:</strong> Trong cửa sổ nhập lệnh của <strong>PowerShell</strong> &gt; Nhập lệnh \"<strong>start-mpscan -scantype fullscan</strong>\" &gt; Nhấn <strong>Enter</strong> để Microsoft Defender qu&eacute;t to&agrave;n bộ m&aacute;y t&iacute;nh</li>\n</ul>\n<p>&nbsp;</p>\n<p><img style=\"display: block; margin-left: auto; margin-right: auto;\" src=\"https://www.tncstore.vn/media/lib/06-03-2025/cach-diet-virus-tren-may-tinh-win-111.jpg\" alt=\"TNC Store C&aacute;ch Diệt Virus Tr&ecirc;n M&aacute;y T&iacute;nh Win 11 Chi Tiết\" width=\"700\" height=\"250\"></p>\n<p>&nbsp;</p>\n<p>Khi bạn ho&agrave;n th&agrave;nh c&aacute;c bước, Microsoft Defender sẽ thực hiện qu&eacute;t to&agrave;n bộ tr&ecirc;n Windows 11 để x&oacute;a mọi phần mềm độc hại.</p>\n<h2><strong>Tổng Kết</strong></h2>\n<p>Tr&ecirc;n đ&acirc;y l&agrave; b&agrave;i viết Hướng dẫn chi tiết c&aacute;ch diệt virus tr&ecirc;n m&aacute;y t&iacute;nh Windows 11. Hy vọng b&agrave;i viết tr&ecirc;n gi&uacute;p &iacute;ch được cho bạn.</p>', 172, '2025-02-24 18:44:38', '2025-04-01 13:41:10', 1, 'Trong bài viết này, TNC Store sẽ hướng dẫn bạn cách diệt virus trên máy tính Windows 11 bằng Microsoft Defender.', NULL, 'new'),
(7, 'So Sánh PS5 Pro Vs PC Gaming 2x Triệu', 'https://www.tncstore.vn/media/news/3490-maxresdefault-a.jpg', '<p style=\"text-align: center;\">So S&aacute;nh PS5 Pro Vs PC Gaming 2x Triệu</p>\n<p style=\"text-align: left;\"><strong>Cấu h&igrave;nh e n&oacute; đ&acirc;y nha:</strong></p>\n<ul>\n<li style=\"text-align: left;\">CPU: AMD Ryzen 7 5700X3D 3.0 GHz Boost 4.1 GHz/ 100 MB/ 8 Nh&acirc;n 16 Luồng/ AM4 (100-100001503WOF) H&agrave;ng Tray</li>\n<li style=\"text-align: left;\">Bo Mạch Chủ: Asus TUF Gaming B550M-Plus RAM: Kingston Fury Beast 16GB Bus 3200 MHz (KF432C16BB/16)</li>\n<li style=\"text-align: left;\">Ổ cứng SSD: Kingston SNV3S/500G 500GB NVMe M.2 2280 PCIe Gen 4x4</li>\n<li style=\"text-align: left;\">Card M&agrave;n H&igrave;nh: ASUS ProArt GeForce RTX 4060 Ti OC Edition 16GB GDDR6 (PROART-RTX4060TI-O16G)</li>\n<li style=\"text-align: left;\">Nguồn: Corsair CX750 750W 80 Plus Bronze (CP-9020279-NA)</li>\n<li style=\"text-align: left;\">Vỏ Case: Aigo C218M Black</li>\n</ul>', 123, '2025-02-25 13:43:20', '2025-04-01 14:15:24', 1, 'So sánh trong tầm giá 22-25 triệu, anh em chọn PS5 Pro hay PC?', 'F1zLu8ve1X8', 'channel'),
(8, 'Chơi Thử Wukong Trên Steam Deck Và Cái Kết', 'https://www.tncstore.vn/media/news/3120-maxresdefault--2-.jpg', '<p style=\"text-align: center;\">Chơi Thử Wukong Tr&ecirc;n Steam Deck V&agrave; C&aacute;i Kết&nbsp;</p>', 123, '2025-02-25 13:43:20', '2025-04-01 13:59:14', 1, 'Chơi trực tiếp Black Myth Wukong - tựa game hot nhất hiện nay trên máy chơi game Steam Deck OLED.', 'b3T6vKVf8fc', 'channel'),
(9, 'Top 3 Dòng VGA Phù Hợp Cho Sinh Viên 2024', 'https://www.tncstore.vn/media/news/2995-thumb24-7.jpg', '<p style=\"text-align: center;\">Top 3 D&ograve;ng VGA Ph&ugrave; Hợp Cho Sinh Vi&ecirc;n 2024</p>', 123, '2025-02-25 13:43:20', '2025-04-01 13:59:46', 1, 'Sinh viên vừa học vừa làm vừa gaming chọn VGA nào phù hợp?', 'I5W2E7ZXZmk', 'channel'),
(10, 'Cách Chọn Bo Mạch Chủ Cho Người Mới', 'https://www.tncstore.vn/media/news/2934-thumb19-6.jpg', '<p style=\"text-align: center;\">C&aacute;ch Chọn Bo Mạch Chủ Cho Người Mới&nbsp;</p>', 123, '2025-02-25 13:43:20', '2025-04-01 14:04:59', 1, 'Chọn bo mạch chủ liệu có khó? Hãy cùng TNC tìm hiểu nhé!', 'TjZioTC1Gm8', 'channel'),
(11, 'Những Tựa Game FPS Đầy Chất Lượng', 'https://www.tncstore.vn/media/news/2914-nhung-tua-game-fps-day-chat-luong--2-.jpg', '<p style=\"text-align: center;\">Những Tựa Game FPS Đầy Chất Lượng</p>', 123, '2025-02-25 13:43:20', '2025-04-01 14:06:26', 1, 'Với đồ họa sống động cùng âm thanh chân thực, những tựa game này sẽ đưa bạn đến những giây phút bắn súng đầy kịch tính và hồi hộp. Hãy cùng TNC Store khám phá tại bài viết dưới đây nhé!', 'MTfGAg_Ep5M', 'channel'),
(12, 'Mua màn hình Philips hơn 3 củ lại tặng kèm cả tai nghe', 'https://www.tncstore.vn/media/news/2799-thumb30-1.jpg', '<p style=\"text-align: center;\">Mua m&agrave;n h&igrave;nh Philips hơn 3 củ lại tặng k&egrave;m cả tai nghe</p>', 123, '2025-02-25 13:43:20', '2025-04-01 14:07:27', 1, 'Hơn 3 củ vừa \"Cong\" vừa \"Dài\" lại còn 165Hz thì chỉ có thể là Philips 27M1C3200VL', 'COr_s0RQtuQ', 'channel'),
(13, 'ROG HARPE ACE MINI - Sự Lựa Chọn Hoàn Hảo Cho Game Thủ FPS', 'https://www.tncstore.vn/media/lib/06-12-2024/khuyen-mai-asus-rog-harpe-ace-mini.jpg', '<p><img style=\"display: block; margin-left: auto; margin-right: auto;\" src=\"https://www.tncstore.vn/media/lib/06-12-2024/khuyen-mai-asus-rog-harpe-ace-mini.jpg\" alt=\"TNC Store Khuyến M&atilde;i Asus ROG HARPE ACE MINI\" width=\"700\"></p>\n<p>&nbsp;</p>\n<h2><strong>Thời Gian Khuyến M&atilde;i</strong></h2>\n<p>Bất k&igrave; h&oacute;a đơn mua h&agrave;ng, phiếu thu hoặc phiếu xuất kho c&oacute; gi&aacute; trị từ ng&agrave;y <strong>30/11/2024</strong> đến <strong>31/12/2024</strong> hoặc cho đến khi hết qu&agrave;.</p>\n<p>Hạn ch&oacute;t đăng k&yacute; nhận qu&agrave;: <strong>03/01/2025.</strong></p>\n<h2><strong>Sản Phẩm &Aacute;p Dụng V&agrave; Qu&agrave; Tặng</strong></h2>\n<p>Mua <a href=\"https://www.tncstore.vn/chuot-gaming-asus-rog-harpe-ace-mini-black.html\" target=\"_blank\" rel=\"noopener\"><strong>Chuột gaming ROG Harpe Ace Mini</strong></a> nhận ngay <strong>ROG Polling Booster</strong> trị gi&aacute; <strong>590,000đ,</strong></p>\n<h2><strong>Đại L&yacute; &Aacute;p Dụng</strong></h2>\n<p>Chương tr&igrave;nh khuyến m&atilde;i &aacute;p dụng cho tất cả đại l&yacute; v&agrave; cửa h&agrave;ng b&aacute;n c&aacute;c sản phẩm ch&iacute;nh h&atilde;ng ASUS ROG tr&ecirc;n to&agrave;n quốc*=.</p>\n<h2><strong>C&aacute;ch Thức Nhận Qu&agrave;</strong></h2>\n<p>Click v&agrave;o n&uacute;t &ldquo;Đăng K&yacute;&rdquo; tr&ecirc;n website sự kiện <a href=\"https://www.asus.com/vn/events/\" target=\"_blank\" rel=\"noopener\"><strong>https://www.asus.com/vn/events/</strong></a></p>\n<p>Lưu &Yacute;: Trong trường hợp kh&ocirc;ng thể đăng k&yacute; tr&ecirc;n hệ thống, qu&yacute; kh&aacute;ch h&agrave;ng vui l&ograve;ng gửi th&ocirc;ng tin nhận qu&agrave; như b&ecirc;n dưới về địa chỉ Email: <a href=\"mailto:dangkyasus@gmail.com\" target=\"_blank\" rel=\"noopener\"><strong>dangkyasus@gmail.com</strong></a> với ti&ecirc;u đề: &ldquo;[Khuyen mai] ROG HARPE ACE MINI&rdquo;</p>\n<ul>\n<li>Đ&iacute;nh k&egrave;m h&igrave;nh ảnh h&oacute;a đơn mua h&agrave;ng, phiếu thu, phiếu xuất kho c&oacute; dấu x&aacute;c nhận của cửa h&agrave;ng, thể hiện r&otilde; t&ecirc;n sản phẩm v&agrave; ng&agrave;y mua h&agrave;ng trong thời gian chương tr&igrave;nh diễn ra.</li>\n<li>Đ&iacute;nh k&egrave;m ảnh chụp số S/N của sản phẩm</li>\n<li>Điền series của sản phẩm:</li>\n<li>Điền Họ v&agrave; t&ecirc;n người nhận qu&agrave;</li>\n<li>Điền Địa chỉ nhận qu&agrave;</li>\n<li>Điền Số điện thoại li&ecirc;n hệ</li>\n<li>H&igrave;nh chụp số S/N tr&ecirc;n sản phẩm phải chụp k&egrave;m với ho&aacute; đơn như h&igrave;nh dưới đ&acirc;y, chỉ chấp nhận h&igrave;nh chụp số S/N tr&ecirc;n sản phẩm, số S/N tr&ecirc;n hộp kh&ocirc;ng c&oacute; hiệu lực.</li>\n</ul>\n<h2><strong>C&aacute;c Lưu &Yacute; Kh&aacute;c</strong></h2>\n<ul>\n<li>ASUS sẽ kiểm tra v&agrave; li&ecirc;n hệ gửi qu&agrave; tới bạn trong 20 ng&agrave;y l&agrave;m việc (ngoại trừ thứ 7 &amp; Chủ nhật)</li>\n<li>Chương tr&igrave;nh kh&ocirc;ng &aacute;p dụng đồng thời với c&aacute;c chương tr&igrave;nh khuyến m&atilde;i kh&aacute;c.</li>\n<li>Qu&agrave; tặng kh&ocirc;ng c&oacute; gi&aacute; trị quy đổi th&agrave;nh tiền mặt hoặc c&aacute;c gi&aacute; trị kh&aacute;c tương đương.</li>\n<li>H&oacute;a đơn/ phiếu thu/ phiếu xuất kho phải c&oacute; con dấu của cửa h&agrave;ng b&aacute;n lẻ.</li>\n<li>Chương tr&igrave;nh chỉ d&agrave;nh cho kh&aacute;ch h&agrave;ng mua lẻ từ cửa h&agrave;ng, tất cả h&oacute;a đơn từ nh&agrave; ph&acirc;n phối đều kh&ocirc;ng được tham gia chương tr&igrave;nh khuyến m&atilde;i n&agrave;y.</li>\n<li>Dung lượng h&igrave;nh ảnh h&oacute;a đơn tải l&ecirc;n hệ thống &lt;1Mb.</li>\n<li>Trong trường hợp cần thiết nhằm bảo đảm quyền lợi kh&aacute;ch h&agrave;ng, ph&iacute;a ASUS sẽ cần th&ecirc;m những th&ocirc;ng tin kh&aacute;c để x&aacute;c định kh&aacute;ch mua h&agrave;ng l&agrave; ch&iacute;nh x&aacute;c như: h&oacute;a đơn đỏ, giấy tờ t&ugrave;y th&acirc;n c&oacute; ảnh đại diện...</li>\n<li>Mọi g&oacute;p &yacute; hay thắc mắc kh&aacute;c về chương tr&igrave;nh, xin vui l&ograve;ng post tại Hội linh kiện PC ASUS ROG Việt Nam</li>\n</ul>', NULL, '2025-03-22 10:16:23', '2025-04-01 13:43:51', 1, 'Nhận ngay quà tặng ROG khi mua chuột gaming ROG Harpe Ace Mini!!!', NULL, 'new');
INSERT INTO `news` (`newId`, `title`, `thumbnail`, `content`, `eyeWatch`, `createdAt`, `updatedAt`, `authorId`, `description`, `videoUrl`, `type`) VALUES
(14, 'GIGABYTE - Khuyến Mãi Khủng Mùa Lễ Hội', 'https://www.tncstore.vn/media/lib/21-11-2024/gigabyte-khuyen-mai-khung-mua-le-hoi.jpg', '<p><img style=\"display: block; margin-left: auto; margin-right: auto;\" src=\"https://www.tncstore.vn/media/lib/21-11-2024/gigabyte-khuyen-mai-khung-mua-le-hoi.jpg\" alt=\"TNC Store GIGABYTE - Khuyến M&atilde;i Khủng M&ugrave;a Lễ Hội\" width=\"700\"></p>\n<p>&nbsp;</p>\n<h2><strong>Thời Gian Khuyến M&atilde;i</strong></h2>\n<p>Bất k&igrave; h&oacute;a đơn mua h&agrave;ng, phiếu thu hoặc phiếu xuất kho c&oacute; gi&aacute; trị từ ng&agrave;y 20/11/2024 đến 31/12/2024 hoặc cho đến khi hết qu&agrave;</p>\n<h2><strong>Nội Dung Chương Tr&igrave;nh</strong></h2>\n<p>Qu&yacute; kh&aacute;ch h&agrave;ng sẽ c&oacute; cơ hội nhận được c&aacute;c phần qu&agrave; hấp dẫn khi mua c&aacute;c sản phẩm Linh kiện v&agrave; Laptop của GIGABYTE</p>\n<h3><strong>Khi mua c&aacute;c sản phẩm lẻ:&nbsp;</strong></h3>\n<p><strong>Kh&aacute;ch h&agrave;ng khi mua:</strong></p>\n<ul>\n<li><strong>Bo mạch chủ Z890/ X870 - M&atilde; AORUS &amp; AERO</strong> - Nhận phần qu&agrave; Lịch để b&agrave;n AORUS Lego</li>\n<li><strong>Card đồ họa 4070 Super/ 4080 Super</strong> - Nhận phần qu&agrave; T&uacute;i đeo ch&eacute;o AORUS</li>\n<li><strong>M&agrave;n h&igrave;nh 2K, 4K v&agrave; OLED</strong> - Nhận phần qu&agrave; Đ&egrave;n m&agrave;n h&igrave;nh GIGABYTE</li>\n</ul>\n<h3><strong>Khi mua PC &ndash; Trung cấp</strong></h3>\n<p>Kh&aacute;ch h&agrave;ng khi mua từ 4 sản phẩm linh kiện trở l&ecirc;n với cấu h&igrave;nh bắt buộc:&nbsp;</p>\n<ul>\n<li><strong>Bo mạch chủ B760 hoặc B550 trở l&ecirc;n</strong> (Bắt buộc)</li>\n<li><strong>Card đồ họa RTX 3050 trở l&ecirc;n</strong> hoặc <strong>RX 6600 trở l&ecirc;n</strong> (Bắt buộc)</li>\n<li>V&agrave; <strong>2 linh kiện t&ugrave;y chọn kh&aacute;c</strong> (Bao gồm: Nguồn, Tản nhiệt, Vỏ case, SSD, M&agrave;n h&igrave;nh)</li>\n</ul>\n<p><strong>Nhận Combo 4 m&oacute;n qu&agrave; tặng:</strong>&nbsp;</p>\n<ul>\n<li>Huy hiệu AORUS Elite Machine&nbsp;</li>\n<li>&Aacute;o GIGABYTE Ai Top</li>\n<li>T&uacute;i đeo ch&eacute;o Aorus</li>\n<li>Lịch để b&agrave;n Aorus Lego</li>\n</ul>\n<h3><strong>Khi mua PC &ndash; Cao cấp</strong></h3>\n<p>Kh&aacute;ch h&agrave;ng khi mua từ 4 sản phẩm linh kiện trở l&ecirc;n với cấu h&igrave;nh bắt buộc:&nbsp;</p>\n<ul>\n<li><strong>Bo mạch chủ Z790 hoặc X670 trở l&ecirc;n</strong> (Bắt buộc)</li>\n<li><strong>Card đồ họa RTX 4070 trở l&ecirc;n hoặc RX7600 trở l&ecirc;n</strong> (Bắt buộc)</li>\n<li>V&agrave; <strong>2 linh kiện t&ugrave;y chọn kh&aacute;c</strong> (Bao gồm: Nguồn, Tản nhiệt, Vỏ case, SSD, M&agrave;n h&igrave;nh)</li>\n</ul>\n<p><strong>Nhận Combo 4 m&oacute;n qu&agrave; tặng:&nbsp;</strong></p>\n<ul>\n<li>Huy hiệu AORUS Elite Machine&nbsp;</li>\n<li>Balo Aorus phi&ecirc;n bản giới hạn</li>\n<li>&Aacute;o Aorus Sport Gym&nbsp;</li>\n<li>Lịch để b&agrave;n Aorus Lego</li>\n</ul>\n<h3><strong>Khi mua Laptop</strong></h3>\n<p>Kh&aacute;ch h&agrave;ng khi mua <strong>Laptop GIGABYTE / AORUS</strong> cấu h&igrave;nh sử dụng GPU từ RTX 4060 trở l&ecirc;n (Bao gồm <strong>RTX 4060/ 4070/ 4080</strong>) - nhận phần qu&agrave; Lịch Để B&agrave;n Aorus Lego.</p>\n<h2><strong>Bốc Thăm Tr&uacute;ng Thưởng</strong></h2>\n<p>Kh&aacute;ch h&agrave;ng khi Mua PC - Trung cấp, PC &ndash; Cao cấp, Laptop thỏa m&atilde;n c&aacute;c điều kiện ở mục 2-4, sẽ được tham gia quay số bốc thăm tr&uacute;ng thưởng với c&aacute;c phần qu&agrave; c&oacute; gi&aacute; trị:</p>\n<ul>\n<li><strong>01 Giải nhất:</strong> M&agrave;n h&igrave;nh GIGABYTE GS27Q-X trị gi&aacute; 9.500.000 VNĐ</li>\n<li><strong>01 Giải nh&igrave;:</strong> AORUS SSD Gen 5 trị gi&aacute; 5.500.000 VNĐ</li>\n<li><strong>02 Giải ba:</strong> Tai nghe Aorus H1 trị gi&aacute; 1.990.000 VNĐ</li>\n</ul>\n<h2><strong>C&aacute;ch Thức Đăng K&yacute; Nhận Qu&agrave;&nbsp;&nbsp;</strong></h2>\n<p>Kh&aacute;ch h&agrave;ng vui l&ograve;ng truy cập <a href=\"https://gigabyte-mualehoi.ctkm.vn/\" target=\"_blank\" rel=\"noopener\"><strong>landing page chương tr&igrave;nh</strong></a>, điền đầy đủ c&aacute;c th&ocirc;ng tin cần thiết để nhận được qu&agrave; tặng hấp dẫn từ GIGABYTE.</p>\n<h2><strong>Điều Kiện &Aacute;p Dụng</strong></h2>\n<p>C&aacute;c h&oacute;a đơn mua h&agrave;ng đạt điều kiện của chương tr&igrave;nh bắt đầu từ ng&agrave;y 20/11/2024 đến hết ng&agrave;y 31/12/2024 sẽ đăng k&yacute; nhận qu&agrave; tặng v&agrave; tham gia bốc thăm tr&uacute;ng thưởng với c&aacute;c phần qu&agrave; hấp dẫn.</p>\n<h2><strong>Thời Hạn Đăng K&yacute; Nhận Qu&agrave;</strong></h2>\n<p>Kh&aacute;ch h&agrave;ng vui l&ograve;ng đăng k&yacute; nhận qu&agrave; &amp; bốc thăm tr&uacute;ng thưởng hạn ch&oacute;t l&agrave; hết ng&agrave;y 05/01/2025</p>\n<h2><strong>Thời Gian C&ocirc;ng Bố Giải</strong></h2>\n<p>Th&ocirc;ng tin bốc thăm tr&uacute;ng thưởng sẽ được c&ocirc;ng bố ng&agrave;y 15/01/2025</p>', NULL, '2025-03-22 10:28:25', '2025-04-01 13:47:13', 1, 'Mua bo mạch chủ và card đồ họa Gigabyte nhận ngay quà khủng và cơ hội bốc thăm trúng thưởng phần quà trị giá 9.500.000đ.', NULL, 'new'),
(16, 'Build PC RTX 4080 Super với vỏ Lian-Li O11 Vision', 'https://www.tncstore.vn/media/news/2808-thumb4-3.jpg', '<p style=\"text-align: center;\">Build PC RTX 4080 Super với vỏ Lian-Li O11 Vision</p>\n<p style=\"text-align: left;\"><strong>Cấu h&igrave;nh em n&oacute;: </strong></p>\n<ul>\n<li style=\"text-align: left;\">CPU: Intel Core i7 14700K (33MB Cache, up to 5.6 GHz, 20C28T, socket 1700) H&agrave;ng NK</li>\n<li style=\"text-align: left;\">Mainboard: Asus ROG MAXIMUS Z790 HERO EVA 02 DDR5</li>\n<li style=\"text-align: left;\">SSD: Samsung 980 PRO 2TB M.2 NVMe PCIe Gen 4.0 x4</li>\n<li style=\"text-align: left;\">RAM: Trident Z5 RGB Black - 32GB(16GBx2) DDR5 6000Hz F5-6000J4040F16GX2-TZ5RK *2</li>\n<li style=\"text-align: left;\">VGA: Asus Rog Strix Geforce RTX 4080 Super 16GB Gaming GDDR6X</li>\n<li style=\"text-align: left;\">Nguồn: Asus ROG Thor 1000W - 80 Plus Platinum II Eva Edition</li>\n<li style=\"text-align: left;\">Vỏ case: Lian Li O11 Vision Black</li>\n</ul>', NULL, '2025-03-22 10:30:30', '2025-04-01 14:27:10', 1, 'PC RTX 4080 Super với vỏ Lian-Li O11 Vision - Gaming 4K lâu dài quá đơn giản', 'Gxm_z9INx1Y', 'channel'),
(24, 'csdc', 'sdcdsc', '<ul>\n<li>T&ecirc;n c&ocirc;ng ty: C&ocirc;ng ty TNHH Thương mại &amp; Tin học T&uacute; Nguyệt</li>\n<li>T&ecirc;n quốc tế: TU NGUYET INFORMATICS AND TRADING COMPANY LIMITED</li>\n<li>T&ecirc;n viết tắt: TU NGUYET CO., LTD</li>\n<li>MST: 0101488721</li>\n<li>Trụ sở (Địa chỉ đăng k&yacute;): Số 11, phố Vũ Thạnh, Phường C&aacute;t Linh, Quận Đống Đa, Th&agrave;nh phố H&agrave; Nội, Việt Nam</li>\n<li>Showroom : 172 L&ecirc; Thanh Nghị, Phường Đồng T&acirc;m, Quận Hai B&agrave; Trưng, H&agrave; Nội</li>\n<li>Trung t&acirc;m bảo h&agrave;nh : 172 L&ecirc; Thanh Nghị, Phường Đồng T&acirc;m, Quận Hai B&agrave; Trưng, H&agrave; Nội</li>\n</ul>\n<p>Th&ocirc;ng tin chi tiết xem&nbsp;<strong><a href=\"https://masothue.com/0101488721-cong-ty-tnhh-thuong-mai-va-tin-hoc-tu-nguyet\" target=\"_blank\" rel=\"noopener\">tại đ&acirc;y</a></strong></p>\n<h2><strong>Giới thiệu chung</strong></h2>\n<p>C&ocirc;ng ty TNHH Thương mại &amp; Tin học T&uacute; Nguyệt (viết tắt l&agrave; &ldquo;TNC&rdquo;) được th&agrave;nh lập v&agrave;o ng&agrave;y 09/04/2004, với quy m&ocirc; ban đầu chỉ c&oacute; 6 nh&acirc;n vi&ecirc;n chủ chốt. Sau hơn 19 năm hoạt động, hiện nay c&ocirc;ng ty đ&atilde; c&oacute; gần 100 nh&acirc;n vi&ecirc;n, cộng t&aacute;c vi&ecirc;n đa dạng trong c&aacute;c vị tr&iacute;. Với c&aacute;c sản phẩm chủ yếu trong lĩnh vực b&aacute;n lẻ như m&aacute;y t&iacute;nh, thiết bị văn ph&ograve;ng v&agrave; m&aacute;y t&iacute;nh chơi game, linh kiện m&aacute;y t&iacute;nh, gaming gear.</p>\n<p>&nbsp;</p>\n<p><img style=\"display: block; margin-left: auto; margin-right: auto;\" src=\"https://www.tncstore.vn/media/about/1710_gioi-thieu-tnc-store.jpg\" alt=\"\"></p>\n<p>&nbsp;</p>\n<p>Trải qua chặng đường gần 20 năm ph&aacute;t triển, đến nay TNC Store đ&atilde; trở th&agrave;nh một trong những thương hiệu h&agrave;ng đầu trong lĩnh vực kinh doanh c&aacute;c sản phẩm C&ocirc;ng nghệ th&ocirc;ng tin tại Việt Nam, mang đến cho giới trẻ nhiều giải ph&aacute;p build up m&aacute;y t&iacute;nh chơi game chất lượng với gi&aacute; th&agrave;nh tối ưu nhất.</p>\n<p>Đối với c&aacute;c Doanh Nghiệp - Tổ Chức, TNC Store chuy&ecirc;n cung cấp c&aacute;c d&agrave;n m&aacute;y t&iacute;nh chất lượng, phục vụ đ&uacute;ng nhu cầu l&agrave;m việc của từng nh&acirc;n vi&ecirc;n với từng vị tr&iacute; đa dạng khắp c&aacute;c ng&agrave;nh nghề như: Gi&aacute;o Dục, X&acirc;y Dựng, Kinh Doanh, IT, Thiết Kế,...</p>\n<h2><strong>Sứ mệnh</strong></h2>\n<p>Sứ mệnh của ch&uacute;ng t&ocirc;i l&agrave; đem đến cho kh&aacute;ch h&agrave;ng những sản phẩm thiết bị văn ph&ograve;ng, m&aacute;y t&iacute;nh văn ph&ograve;ng, PC Gaming, Laptop Gaming, Gaming Gear chất lượng cao c&ugrave;ng với dịch vụ chăm s&oacute;c kh&aacute;ch h&agrave;ng chuy&ecirc;n nghiệp nhất.</p>\n<h2><strong>Đối t&aacute;c &amp; Kh&aacute;ch h&agrave;ng</strong></h2>\n<p>Đối t&aacute;c tin cậy của c&aacute;c doanh nghiệp tại Việt Nam v&agrave; c&aacute;c h&atilde;ng c&ocirc;ng nghệ nổi tiếng như: Acer, Asus, LG, Gigabyte, MSI, HP, Dell, Nvidia,...</p>\n<p>Điểm đến l&yacute; tưởng của c&aacute;c bạn trẻ - sinh vi&ecirc;n, c&aacute;c nh&acirc;n vật nổi tiếng (Độ Mixi, PewPew,...)</p>\n<p>&nbsp;</p>\n<p style=\"text-align: center;\"><iframe title=\"YouTube video player\" src=\"https://www.youtube.com/embed/Gd98kaAeXzA?si=uFSuVXgzv_ysMper\" width=\"560\" height=\"315\" frameborder=\"0\" allowfullscreen=\"allowfullscreen\"></iframe></p>\n<p style=\"text-align: center;\"><iframe title=\"YouTube video player\" src=\"https://www.youtube.com/embed/CeKZBe-kFfY?si=_WvoQ0tYd5jsfwwF\" width=\"560\" height=\"315\" frameborder=\"0\" allowfullscreen=\"allowfullscreen\"></iframe></p>\n<p style=\"text-align: center;\"><iframe title=\"YouTube video player\" src=\"https://www.youtube.com/embed/W6fdNkwRuLk?si=wwbHz9yfqAa_pzzo\" width=\"560\" height=\"315\" frameborder=\"0\" allowfullscreen=\"allowfullscreen\"></iframe></p>\n<h2><strong>Slogan</strong></h2>\n<p><em>TẬN T&Acirc;M - TR&Aacute;CH NHIỆM - S&Aacute;NG TẠO - KH&Aacute;C BIỆT</em></p>\n<h2><strong>Mục ti&ecirc;u</strong></h2>\n<p>Trở th&agrave;nh chuỗi cửa h&agrave;ng b&aacute;n lẻ c&aacute;c thiết bị m&aacute;y t&iacute;nh cao cấp trải d&agrave;i khắp cả nước với dịch vụ chuy&ecirc;n nghiệp nhất.</p>', NULL, '2025-04-02 10:04:57', '2025-04-02 10:04:57', 1, 'cdscsdcdsc', NULL, 'new');

-- --------------------------------------------------------

--
-- Cấu trúc bảng cho bảng `orders`
--

CREATE TABLE `orders` (
  `orderId` int(11) NOT NULL,
  `userId` int(11) DEFAULT NULL,
  `receiver_name` varchar(255) NOT NULL,
  `phone_number` varchar(20) NOT NULL,
  `province` varchar(255) NOT NULL,
  `district` varchar(255) NOT NULL,
  `ward` varchar(255) NOT NULL,
  `address` text NOT NULL,
  `total_price` decimal(17,2) NOT NULL,
  `payment_method` enum('Thanh toán khi nhận hàng','Chuyển khoản','momo','vnpay') NOT NULL DEFAULT 'Thanh toán khi nhận hàng',
  `payment_status` enum('pending','paid','failed') NOT NULL DEFAULT 'pending',
  `order_status` enum('pending','confirmed','shipping','completed','cancelled','shiping','shiped') NOT NULL DEFAULT 'pending',
  `created_at` timestamp NOT NULL DEFAULT current_timestamp(),
  `updated_at` timestamp NOT NULL DEFAULT current_timestamp() ON UPDATE current_timestamp(),
  `countItems` int(11) NOT NULL DEFAULT 0,
  `email` varchar(50) DEFAULT NULL
) ENGINE=InnoDB DEFAULT CHARSET=utf8mb4 COLLATE=utf8mb4_general_ci;

--
-- Đang đổ dữ liệu cho bảng `orders`
--

INSERT INTO `orders` (`orderId`, `userId`, `receiver_name`, `phone_number`, `province`, `district`, `ward`, `address`, `total_price`, `payment_method`, `payment_status`, `order_status`, `created_at`, `updated_at`, `countItems`, `email`) VALUES
(41, 1, 'Đinh Văn Duy', '03329742243', 'Tỉnh Quảng Ninh', 'Huyện Ba Chẽ', 'Xã Thanh Sơn', 'Ngõ 246', 110560000.00, 'Thanh toán khi nhận hàng', 'pending', 'completed', '2025-01-15 12:48:13', '2025-02-12 10:46:47', 4, 'duy9541@gmail.com'),
(42, 1, 'nguyen thanh long', '123243432432', 'Tỉnh Quảng Ninh', 'Thành phố Cẩm Phả', 'Phường Cẩm Đông', 'avc', 158970000.00, 'Chuyển khoản', 'pending', 'cancelled', '2025-03-12 12:58:50', '2025-04-01 07:57:57', 3, 'duy9541@gmail.com'),
(43, 1, 'Đinh Văn Duy', '123456789', 'Tỉnh Tuyên Quang', 'Huyện Lâm Bình', 'Xã Xuân Lập', 'abc', 102980000.00, 'Thanh toán khi nhận hàng', 'pending', 'pending', '2025-03-12 14:06:01', '2025-04-01 07:58:04', 8, 'duy9541@gmail.com'),
(44, 1, 'Nguyen Minh Tan', '0333726423', 'Tỉnh Hà Giang', 'Huyện Mèo Vạc', 'Xã Tát Ngà', 'Ba Tu', 526870000.00, 'Thanh toán khi nhận hàng', 'pending', 'confirmed', '2025-01-13 15:05:33', '2025-04-07 10:44:24', 9, 'duy9541@gmail.com'),
(48, 1, 'Vũ Văn Cần', '0332876356', 'Tỉnh Bắc Giang', 'Thành phố Bắc Giang', 'Phường Tân Tiến', 'Ba đình ', 177501000.00, 'Thanh toán khi nhận hàng', 'pending', 'shiping', '2025-03-20 13:22:43', '2025-04-07 10:14:16', 5, 'duy9541@gmail.com'),
(49, 1, 'Mui thi Tuoi', '0335267882', 'Tỉnh Lạng Sơn', 'Huyện Chi Lăng', 'Xã Vạn Linh', 'asdasd', 100800000.00, 'Chuyển khoản', 'pending', 'completed', '2025-01-13 14:05:29', '2025-02-25 10:46:59', 3, 'duy9541@gmail.com'),
(50, 1, 'Tran Xuan Nghia', '0336789865', 'Tỉnh Thái Nguyên', 'Huyện Định Hóa', 'Xã Thanh Định', 'hoi do', 67200000.00, 'Thanh toán khi nhận hàng', 'pending', 'cancelled', '2025-03-20 14:12:11', '2025-04-01 07:58:16', 2, 'duy9541@gmail.com'),
(51, 15, 'Chu Thanh Huyền', '0335789567', 'Tỉnh Quảng Ninh', 'Huyện Ba Chẽ', 'Xã Thanh Lâm', 'Ngõ 6', 356690000.00, 'Chuyển khoản', 'pending', 'shiped', '2025-03-26 15:59:38', '2025-04-01 07:58:18', 9, 'duy9541@gmail.com'),
(52, 1, 'Chu Ba Thien', '0339876567', 'Tỉnh Bắc Giang', 'Huyện Yên Thế', 'Xã Hương Vĩ', 'nha trai', 109090000.00, 'Thanh toán khi nhận hàng', 'pending', 'completed', '2025-03-28 08:13:45', '2025-04-01 07:58:21', 5, 'duy9541@gmail.com'),
(53, 1, 'Đinh Văn Duy', '0332768678', 'Tỉnh Lai Châu', 'Huyện Tam Đường', 'Xã Nùng Nàng', 'âfaf', 381252800.00, 'Chuyển khoản', 'pending', 'cancelled', '2025-03-29 07:19:18', '2025-04-01 07:58:24', 4, 'duy9541@gmail.com'),
(54, 1, 'Lò Xong Phắn', '0345678346', 'Tỉnh Vĩnh Phúc', 'Thành phố Phúc Yên', 'Phường Phúc Thắng', 'Ha Lý ', 9790000.00, 'momo', 'pending', 'pending', '2025-04-01 04:09:40', '2025-04-01 07:58:26', 2, 'duy9541@gmail.com'),
(55, 1, 'Nguyễn Văn Tuấn', '0334565245', 'Tỉnh Vĩnh Phúc', 'Thành phố Phúc Yên', 'Phường Phúc Thắng', 'hai duong', 4580000.00, 'momo', 'pending', 'completed', '2025-02-02 04:14:14', '2025-05-01 14:21:37', 2, 'duy9541@gmail.com'),
(56, 1, 'sâdad', '0345678987', 'Tỉnh Vĩnh Phúc', 'Thành phố Phúc Yên', 'Phường Phúc Thắng', 'dssddsvcd', 2290000.00, 'momo', 'pending', 'completed', '2025-04-01 04:18:58', '2025-05-21 15:52:21', 1, 'duy9541@gmail.com'),
(57, 1, 'ácac', '0356763563', 'Tỉnh Bắc Ninh', 'Huyện Yên Phong', 'Xã Long Châu', 'dsdvsd', 2290000.00, 'momo', 'paid', 'shiped', '2025-04-01 04:31:06', '2025-04-04 17:29:26', 1, 'duy9541@gmail.com'),
(58, 1, 'dscdscd', '0332264732', 'Tỉnh Vĩnh Phúc', 'Huyện Lập Thạch', 'Xã Tiên Lữ', 'sdffsdfd', 7500000.00, 'momo', 'pending', 'completed', '2025-05-05 04:34:31', '2025-05-15 17:05:02', 1, 'duy9541@gmail.com'),
(59, 1, 'fdsfds', '0367826345', 'Tỉnh Vĩnh Phúc', 'Huyện Lập Thạch', 'Xã Tiên Lữ', 'fdsfdsf', 4580000.00, 'momo', 'pending', 'pending', '2025-04-01 04:35:56', '2025-04-01 07:58:37', 2, 'duy9541@gmail.com'),
(60, 1, 'dscs', '0362563726', 'Tỉnh Vĩnh Phúc', 'Huyện Lập Thạch', 'Xã Tiên Lữ', 'cdscdsc', 7500000.00, 'momo', 'pending', 'shiping', '2025-04-01 04:40:16', '2025-04-07 15:09:02', 1, 'duy9541@gmail.com'),
(61, 1, 'csacasdc', '0337423274', 'Tỉnh Vĩnh Phúc', 'Huyện Lập Thạch', 'Xã Tiên Lữ', 'sdacfsdc', 2290000.00, 'momo', 'pending', 'cancelled', '2025-04-01 04:45:59', '2025-04-01 15:22:12', 1, 'duy9541@gmail.com'),
(63, 1, 'áccsac', '0382373282', 'Tỉnh Bắc Kạn', 'Huyện Pác Nặm', 'Xã Nhạn Môn', 'sadasd', 198891000.00, 'Chuyển khoản', 'pending', 'completed', '2025-02-01 16:57:39', '2025-05-01 14:21:44', 1, 'd@gmail.com'),
(64, 1, 'Đinh Văn Duy', '0363234732', 'Tỉnh Hà Giang', 'Huyện Đồng Văn', 'Xã Lũng Cú', 'Khu Ba', 219773400.00, 'Thanh toán khi nhận hàng', 'pending', 'completed', '2025-05-02 16:26:00', '2025-05-21 05:31:09', 3, 'vanduy@gmail.com'),
(65, 1, 'fsdfsd', '0336516987', 'Tỉnh Hoà Bình', 'Thành phố Hòa Bình', 'Xã Quang Tiến', 'fgdcg', 30080500.00, 'momo', 'pending', 'pending', '2025-04-07 12:53:59', '2025-04-07 12:53:59', 2, 'fdfds@gmail.com'),
(66, 1, 'shdsa', '0336515433', 'Tỉnh Phú Thọ', 'Huyện Thanh Thuỷ', 'Xã Hoàng Xá', 'sos1', 284905000.00, 'momo', 'pending', 'completed', '2025-05-03 12:57:01', '2025-05-15 17:07:23', 1, 'adsad@gmail.com'),
(67, 1, 'Mai Tài Phến', '0337890876', 'Tỉnh Lai Châu', 'Huyện Tam Đường', 'Xã Hồ Thầu', 'abc ', 179991000.00, 'momo', 'pending', 'completed', '2025-02-04 15:05:30', '2025-05-01 14:21:54', 1, 'duy@gmail.com'),
(68, 1, 'Ngô Văn Tuấn', '0345765256', 'Tỉnh Hoà Bình', 'Huyện Lạc Sơn', 'Xã Yên Phú', 'ba tu', 225936700.00, 'Thanh toán khi nhận hàng', 'pending', 'completed', '2025-05-04 15:11:44', '2025-05-15 17:41:07', 7, 'tuan@gail.com'),
(69, 1, 'Chu Thúy Quỳnh', '0345768393', 'Tỉnh Hoà Bình', 'Huyện Lạc Sơn', 'Xã Yên Phú', 'Nga trại', 34791300.00, 'momo', 'pending', 'shiping', '2025-04-09 15:16:59', '2025-04-22 16:46:42', 1, 'Quynh@gmail.com'),
(70, 15, 'Sung A Lu', '0335654679', 'Tỉnh Hoà Bình', 'Huyện Lạc Sơn', 'Xã Định Cư', 'aaa', 195491500.00, 'momo', 'pending', 'cancelled', '2025-04-10 17:49:26', '2025-04-22 16:47:12', 1, 'd@gmail.com'),
(71, 15, 'csdcscd', '0332362633', 'Tỉnh Điện Biên', 'Huyện Tuần Giáo', 'Xã Quài Tở', 'cc', 103780300.00, 'Chuyển khoản', 'pending', 'completed', '2025-03-06 18:01:44', '2025-05-01 14:22:26', 1, 'saca@gmail.com'),
(72, 15, 'Ha Van Hieu', '0323434243', 'Tỉnh Điện Biên', 'Huyện Tuần Giáo', 'Xã Quài Tở', 'csdc', 96401450.00, 'Thanh toán khi nhận hàng', 'pending', 'pending', '2025-04-10 18:05:52', '2025-04-10 18:05:52', 3, 'hieu@gmail.com'),
(73, 1, 'sacsasasc', '0398765356', 'Thành phố Hà Nội', 'Quận Bắc Từ Liêm', 'Phường Đông Ngạc', 'cdscscsdc', 904700.00, 'momo', 'pending', 'completed', '2025-04-13 08:35:08', '2025-04-16 03:00:51', 1, 'd@gmail.com'),
(74, 1, 'rtgregrdg', '0332432735', 'Tỉnh Thái Nguyên', 'Thành phố Sông Công', 'Phường Cải Đan', 'dsfgsd', 5752800.00, 'momo', 'pending', 'pending', '2025-04-13 14:30:44', '2025-04-13 14:30:44', 1, 'd@gmail.com'),
(75, 1, 'duy beechs', '0850758465', 'Tỉnh Lạng Sơn', 'Huyện Hữu Lũng', 'Xã Tân Thành', 'sddsdfd', 2985000.00, 'Chuyển khoản', 'pending', 'pending', '2025-04-13 15:05:16', '2025-04-13 15:05:16', 2, 'manhduey@gmail.com'),
(76, 1, 'Ngô Quốc Anh', '0987367823', 'Tỉnh Cao Bằng', 'Huyện Bảo Lạc', 'Xã Hưng Thịnh', 'abc', 2678400.00, 'momo', 'pending', 'completed', '2025-04-15 16:08:05', '2025-04-16 03:03:11', 1, 'abc@gmail.com'),
(78, 1, 'Mai Văn Lạng', '0983237334', 'Tỉnh Cao Bằng', 'Huyện Bảo Lạc', 'Xã Hồng An', 'aer', 781966000.00, 'Thanh toán khi nhận hàng', 'pending', 'pending', '2025-04-22 16:17:35', '2025-04-22 16:17:35', 4, 'ads@gmail.com'),
(79, 1, 'dscsdcs', '0932476323', 'Tỉnh Bắc Giang', 'Huyện Lục Ngạn', 'Xã Tân Lập', 'đsfsdf', 390983000.00, 'Chuyển khoản', 'pending', 'completed', '2025-03-11 16:41:15', '2025-05-01 14:24:06', 2, 'dssf@gmail.com'),
(80, NULL, 'Lua Xong Phan', '0934732482', 'Tỉnh Bắc Giang', 'Huyện Yên Thế', 'Thị trấn Phồn Xương', 'fds', 16353190.00, 'momo', 'pending', 'completed', '2025-03-06 14:50:40', '2025-05-01 14:22:54', 3, 'fds@gmail.com'),
(81, 1, 'Mai The Dan', '0323873473', 'Tỉnh Lạng Sơn', 'Huyện Hữu Lũng', 'Xã Hòa Lạc', 'dcs', 904700.00, 'momo', 'pending', 'pending', '2025-04-28 15:15:55', '2025-04-28 15:15:55', 1, 's@gmail.com'),
(82, NULL, 'Mai Van lang', '0323428242', 'Tỉnh Bắc Giang', 'Huyện Tân Yên', 'Xã Việt Ngọc', 'dsdsds', 904700.00, 'momo', 'pending', 'completed', '2025-04-28 15:18:04', '2025-04-28 15:19:29', 1, 'd@gmail.com'),
(83, NULL, 'Cu van Hoan', '0983242327', 'Tỉnh Thái Nguyên', 'Thành phố Thái Nguyên', 'Phường Cam Giá', 'fds', 260891800.00, 'Thanh toán khi nhận hàng', 'pending', 'completed', '2025-04-28 15:22:39', '2025-04-28 15:23:38', 5, 'hoan@gmail.com'),
(84, 27, 'Mai Thi Loan', '0932432432', 'Tỉnh Bắc Ninh', 'Thị xã Quế Võ', 'Xã Đào Viên', 'fds', 98490600.00, 'Thanh toán khi nhận hàng', 'pending', 'completed', '2025-03-01 15:35:35', '2025-05-01 14:23:50', 5, 'loan@gmail.com'),
(85, 27, 'Chu Văn Thìn', '0334434328', 'Tỉnh Bắc Ninh', 'Thị xã Quế Võ', 'Xã Đào Viên', 'dscds', 83937390.00, 'Chuyển khoản', 'pending', 'completed', '2025-03-06 15:37:02', '2025-05-01 14:23:01', 5, 'thin@gmail.com'),
(86, NULL, 'Trịnh Trần Phương Tuấn', '0932432327', 'Tỉnh Thái Nguyên', 'Huyện Định Hóa', 'Xã Thanh Định', 'fds', 106884700.00, 'Chuyển khoản', 'pending', 'completed', '2025-04-28 15:50:53', '2025-04-28 15:51:17', 3, 'tuan@gmail.com'),
(87, NULL, 'Nguyễn văn tuấn', '0932843873', 'Tỉnh Yên Bái', 'Huyện Văn Yên', 'Xã An Thịnh', 'fds', 136921700.00, 'Thanh toán khi nhận hàng', 'pending', 'completed', '2025-05-09 16:02:49', '2025-05-21 05:37:08', 3, 'tuan@gmail.com'),
(88, 15, 'Emi Fukuda', '0328432438', 'Tỉnh Bắc Giang', 'Thị xã Việt Yên', 'Phường Quảng Minh', 'fds', 196984000.00, 'Chuyển khoản', 'pending', 'completed', '2025-03-06 16:17:29', '2025-05-01 14:23:22', 2, 'emi@gmail.com'),
(89, NULL, 'Bui Quang Trung', '0943248732', 'Tỉnh Lạng Sơn', 'Huyện Lộc Bình', 'Xã Hữu Lân', 'fds', 153780300.00, 'Thanh toán khi nhận hàng', 'pending', 'completed', '2025-05-13 14:27:20', '2025-05-21 05:36:03', 1, 'trung@mail.com'),
(90, NULL, 'Bui Quang Trung', '0324732893', 'Tỉnh Lạng Sơn', 'Huyện Lộc Bình', 'Xã Hữu Lân', 'fds', 138421450.00, 'Chuyển khoản', 'pending', 'completed', '2025-05-01 14:31:01', '2025-05-21 05:35:38', 1, 'duy@gmail.com'),
(91, NULL, 'Bui Quang Trng', '0345357427', 'Tỉnh Phú Thọ', 'Huyện Tam Nông', 'Xã Hương Nộn', 'csdcs', 78291300.00, 'Chuyển khoản', 'pending', 'completed', '2025-05-06 16:50:59', '2025-05-15 17:33:02', 1, 'trung@gmail.com'),
(92, NULL, 'Bùi Quang Trung ', '0327432473', 'Tỉnh Phú Thọ', 'Huyện Tam Nông', 'Xã Hương Nộn', 'dscc', 80554700.00, 'Chuyển khoản', 'pending', 'completed', '2025-05-15 16:54:21', '2025-05-15 17:03:43', 1, 'trung@gmail.com'),
(93, NULL, 'Bùi Quang Trung', '0345357427', 'Tỉnh Phú Thọ', 'Huyện Tam Nông', 'Xã Hương Nộn', 'dsvs', 328490500.00, 'momo', 'pending', 'completed', '2025-05-14 16:55:52', '2025-05-21 05:34:42', 1, 'trung@gmail.com'),
(94, NULL, 'Nguyễn văn tuấn', '0332264732', 'Tỉnh Bắc Ninh', 'Thành phố Bắc Ninh', 'Phường Phong Khê', 'dsc', 52990000.00, 'Thanh toán khi nhận hàng', 'pending', 'completed', '2025-05-08 16:59:26', '2025-05-15 17:37:45', 1, 'tuan@gmail.com'),
(95, 27, 'Phương', '0324429543', 'Tỉnh Bắc Giang', 'Thành phố Bắc Giang', 'Phường Đồng Sơn', 'sdsa', 143690500.00, 'Thanh toán khi nhận hàng', 'pending', 'completed', '2025-05-16 17:24:35', '2025-05-21 05:32:46', 1, 'd@gmail.com'),
(96, 27, 'Duy', '0323258453', 'Tỉnh Bắc Giang', 'Thành phố Bắc Giang', 'Phường Đồng Sơn', 'cdsc', 129190500.00, 'Thanh toán khi nhận hàng', 'pending', 'completed', '2025-05-15 17:25:22', '2025-05-15 17:30:34', 1, 'duy@gmail.com'),
(97, 27, 'Hải', '0342348323', 'Tỉnh Bắc Giang', 'Thành phố Bắc Giang', 'Phường Đồng Sơn', 'sddsc', 103964700.00, 'Thanh toán khi nhận hàng', 'pending', 'completed', '2025-05-06 17:26:06', '2025-05-15 17:37:38', 1, 'hai@gmail.com'),
(98, 27, 'Bình', '0934276433', 'Tỉnh Bắc Giang', 'Thành phố Bắc Giang', 'Phường Đồng Sơn', 'ds', 80995500.00, 'Thanh toán khi nhận hàng', 'pending', 'completed', '2025-05-04 17:30:04', '2025-05-15 17:37:31', 1, 'binh@gmail.com'),
(99, NULL, 'Dinh Van Duy', '0334743547', 'Tỉnh Thái Nguyên', 'Huyện Đồng Hỷ', 'Xã Cây Thị', 'zxv', 126394500.00, 'Thanh toán khi nhận hàng', 'pending', 'cancelled', '2025-05-18 09:28:14', '2025-05-18 09:28:53', 1, 'Duy@gmail.com'),
(100, NULL, 'Diinh van duy', '0934743437', 'Tỉnh Thái Nguyên', 'Huyện Đồng Hỷ', 'Xã Cây Thị', 'asfdsa', 234691300.00, 'momo', 'pending', 'completed', '2025-05-18 09:31:12', '2025-05-21 05:34:07', 1, 'd@gmail.com'),
(101, 27, 'Duy', '0932432473', 'Tỉnh Quảng Ninh', 'Huyện Đầm Hà', 'Xã Quảng An', 'dcdd', 163864940.00, 'Chuyển khoản', 'pending', 'pending', '2025-05-20 16:48:28', '2025-05-20 16:48:28', 3, 'duy@gmail.com'),
(102, 27, 'Điều', '0932487364', 'Tỉnh Quảng Ninh', 'Huyện Hải Hà', 'Xã Quảng Đức', 'dscds', 182203850.00, 'Thanh toán khi nhận hàng', 'pending', 'completed', '2025-05-19 16:49:40', '2025-05-21 05:33:21', 4, 'dieu@gmail.com'),
(103, 27, 'Tuấn', '0932432743', 'Thành phố Hà Nội', 'Huyện Thanh Trì', 'Thị trấn Văn Điển', 'đa', 41985050.00, 'Chuyển khoản', 'pending', 'pending', '2025-05-20 16:57:06', '2025-05-20 16:57:06', 4, 'tuan@gmail.com'),
(104, 27, 'Bình', '0329343243', 'Thành phố Hà Nội', 'Huyện Thanh Trì', 'Thị trấn Văn Điển', 'dsc', 134791300.00, 'Thanh toán khi nhận hàng', 'pending', 'completed', '2025-05-20 16:57:43', '2025-05-21 05:33:25', 1, 'binh@gmail.com'),
(105, 27, 'Hùng', '0934238472', 'Tỉnh Bắc Giang', 'Thị xã Việt Yên', 'Phường Vân Trung', 'sad', 1492500.00, 'Thanh toán khi nhận hàng', 'pending', 'cancelled', '2025-05-20 17:01:47', '2025-05-21 03:07:19', 1, 'hung@gmail.com'),
(106, 27, 'Mai', '0329234338', 'Tỉnh Bắc Giang', 'Thị xã Việt Yên', 'Phường Vân Trung', 'sdv', 103780300.00, 'Chuyển khoản', 'pending', 'shiping', '2025-05-20 17:02:26', '2025-05-21 03:09:20', 1, 'mai@gmail.com'),
(107, 29, 'Mai Anh', '0932743284', 'Tỉnh Bắc Giang', 'Huyện Tân Yên', 'Xã Ngọc Châu', 'sdc', 180995500.00, 'Chuyển khoản', 'pending', 'completed', '2025-05-21 05:26:06', '2025-05-21 05:33:35', 1, 'mai@gmail.com'),
(108, 30, 'Jack 97', '0934328743', 'Tỉnh Phú Thọ', 'Huyện Tân Sơn', 'Xã Minh Đài', 'dsdsa', 31168900.00, 'Thanh toán khi nhận hàng', 'pending', 'completed', '2025-05-21 06:21:09', '2025-05-21 06:23:22', 2, 'jack@gmail.com'),
(109, 15, 'Duy', '0934673463', 'Tỉnh Phú Thọ', 'Thành phố Việt Trì', 'Phường Nông Trang', 'saca', 252989000.00, 'Thanh toán khi nhận hàng', 'pending', 'pending', '2025-05-22 06:48:35', '2025-05-22 06:48:35', 2, 'duy@gmail.com'),
(110, 15, 'Duy@gmail.com', '0332432436', 'Tỉnh Phú Thọ', 'Thành phố Việt Trì', 'Phường Nông Trang', 'cdscd', 28490500.00, 'momo', 'pending', 'cancelled', '2025-05-22 06:49:59', '2025-05-22 06:54:47', 1, 'duy@gmail.com'),
(111, 15, 'èqfeff', '0397834324', 'Tỉnh Yên Bái', 'Huyện Lục Yên', 'Xã Khánh Hoà', 'sddsdsf', 3290000.00, 'momo', 'pending', 'pending', '2025-06-21 09:38:00', '2025-06-21 09:38:00', 1, 'd@gmail.com'),
(112, 1, 'ghfggffn', '0356456456', 'Tỉnh Bắc Giang', 'Huyện Sơn Động', 'Xã An Bá', 'dfgdfdfbdf', 28490500.00, 'momo', 'pending', 'pending', '2025-08-07 16:45:09', '2025-08-07 16:45:09', 1, 'f@gmail.com');

-- --------------------------------------------------------

--
-- Cấu trúc bảng cho bảng `order_details`
--

CREATE TABLE `order_details` (
  `id` int(11) NOT NULL,
  `orderId` int(11) NOT NULL,
  `productId` int(11) NOT NULL,
  `product_name` varchar(255) NOT NULL,
  `price` decimal(15,2) NOT NULL,
  `quantity` int(11) NOT NULL CHECK (`quantity` > 0),
  `subtotal` decimal(15,2) NOT NULL
) ENGINE=InnoDB DEFAULT CHARSET=utf8mb4 COLLATE=utf8mb4_general_ci;

--
-- Đang đổ dữ liệu cho bảng `order_details`
--

INSERT INTO `order_details` (`id`, `orderId`, `productId`, `product_name`, `price`, `quantity`, `subtotal`) VALUES
(52, 41, 16, 'Màn Hình Gaming LG 27GS65F-B 27 inch/ FHD/ IPS/ 180Hz/ 1ms      ', 52990000.00, 1, 52990000.00),
(53, 41, 13, 'Màn Hình Đồ Họa LG 24MR400-B 24 Inch/ FHD/ IPS/ 100Hz/ 5ms', 2290000.00, 2, 4580000.00),
(54, 41, 24, 'Chuột Razer DeathAdder Essential-Ergonomic Wired-Trắng(White)_RZ01-03850200-R3M1', 52990000.00, 1, 52990000.00),
(55, 42, 16, 'Màn Hình Gaming LG 27GS65F-B 27 inch/ FHD/ IPS/ 180Hz/ 1ms      ', 52990000.00, 3, 158970000.00),
(56, 43, 19, 'Máy Chơi Game Steam Deck Oled 512GB (NVME SSD)', 7500000.00, 3, 22500000.00),
(57, 43, 3, 'PC Gaming Supernova I4060', 7500000.00, 3, 22500000.00),
(58, 43, 9, 'PC Đồ Họa 3D Render - Ryzen 5 7500F/ 32GB/ RTX4060 Ti', 28990000.00, 2, 57980000.00),
(59, 44, 1, 'PC Core Ultra 5 - Nova 4060 Ti', 99970000.00, 3, 299910000.00),
(60, 44, 3, 'PC Gaming Supernova I4060', 7500000.00, 2, 15000000.00),
(61, 44, 8, 'Laptop Dell Vostro 3530 Core i5-1334U/ 512GB SSD/ 8GB RAM/ 15.6 Inch FHD/ Màu Đen/ Nhập Khẩu', 52990000.00, 2, 105980000.00),
(62, 44, 24, 'Chuột Razer DeathAdder Essential-Ergonomic Wired-Trắng(White)_RZ01-03850200-R3M1', 52990000.00, 2, 105980000.00),
(66, 48, 2, 'PC Gaming - Sniper A9070 XT', 43101000.00, 1, 43101000.00),
(67, 48, 1, 'PC Core Ultra 5 - Nova 4060 Ti', 33600000.00, 4, 134400000.00),
(68, 49, 1, 'PC Core Ultra 5 - Nova 4060 Ti', 33600000.00, 3, 100800000.00),
(69, 50, 1, 'PC Core Ultra 5 - Nova 4060 Ti', 33600000.00, 2, 67200000.00),
(70, 51, 10, 'PC Đồ Họa Render 3D - Ryzen 9 9900X/ 64GB/ RTX 4080 Super      ', 37990000.00, 3, 113970000.00),
(71, 51, 8, 'Laptop Dell Vostro 3530 Core i5-1334U/ 512GB SSD/ 8GB RAM/ 15.6 Inch FHD/ Màu Đen/ Nhập Khẩu', 52990000.00, 1, 52990000.00),
(72, 51, 24, 'Chuột Razer DeathAdder Essential-Ergonomic Wired-Trắng(White)_RZ01-03850200-R3M1', 68750000.00, 1, 68750000.00),
(73, 51, 19, 'Máy Chơi Game Steam Deck Oled 512GB (NVME SSD)', 7500000.00, 2, 15000000.00),
(74, 51, 28, 'PC Gaming - Sniper I3060 - WH', 52990000.00, 2, 105980000.00),
(75, 52, 1, 'PC Core Ultra 5 - Nova 4060 Ti', 33600000.00, 1, 33600000.00),
(76, 52, 14, 'Màn Hình Gaming LG UltraGear 27GR75Q-B 27 Inch/ QHD/ IPS/ 165Hz / 1ms\n', 7500000.00, 1, 7500000.00),
(77, 52, 8, 'Laptop Dell Vostro 3530 Core i5-1334U/ 512GB SSD/ 8GB RAM/ 15.6 Inch FHD/ Màu Đen/ Nhập Khẩu', 52990000.00, 1, 52990000.00),
(78, 52, 19, 'Máy Chơi Game Steam Deck Oled 512GB (NVME SSD)', 7500000.00, 2, 15000000.00),
(79, 53, 16, 'Màn Hình Cong Gaming Asus ROG Swift OLED PG39WCDM 39 Inch/ WQHD/ OLED/ 240Hz/ 0.03ms', 43690500.00, 1, 43690500.00),
(80, 53, 18, 'Máy Chơi Game Sony PlayStation 5 Slim (PS5 Slim) Digital Edition - Nhập Khẩu', 2290000.00, 1, 2290000.00),
(81, 53, 9, 'PC Đồ Hoạ Render 3D Ryzen 9 9900X/ 64GB/ RTX 5090', 139830800.00, 1, 139830800.00),
(82, 53, 1, 'PC Gaming - Sentinal i5090 - BL', 195491500.00, 1, 195491500.00),
(83, 54, 19, 'Máy Chơi Game Steam Deck Oled 512GB (NVME SSD)', 7500000.00, 1, 7500000.00),
(84, 54, 18, 'Máy Chơi Game Sony PlayStation 5 Slim (PS5 Slim) Digital Edition - Nhập Khẩu', 2290000.00, 1, 2290000.00),
(85, 55, 18, 'Máy Chơi Game Sony PlayStation 5 Slim (PS5 Slim) Digital Edition - Nhập Khẩu', 2290000.00, 2, 4580000.00),
(86, 56, 18, 'Máy Chơi Game Sony PlayStation 5 Slim (PS5 Slim) Digital Edition - Nhập Khẩu', 2290000.00, 1, 2290000.00),
(87, 57, 18, 'Máy Chơi Game Sony PlayStation 5 Slim (PS5 Slim) Digital Edition - Nhập Khẩu', 2290000.00, 1, 2290000.00),
(88, 58, 19, 'Máy Chơi Game Steam Deck Oled 512GB (NVME SSD)', 7500000.00, 1, 7500000.00),
(89, 59, 18, 'Máy Chơi Game Sony PlayStation 5 Slim (PS5 Slim) Digital Edition - Nhập Khẩu', 2290000.00, 2, 4580000.00),
(90, 60, 19, 'Máy Chơi Game Steam Deck Oled 512GB (NVME SSD)', 7500000.00, 1, 7500000.00),
(91, 61, 18, 'Máy Chơi Game Sony PlayStation 5 Slim (PS5 Slim) Digital Edition - Nhập Khẩu', 2290000.00, 1, 2290000.00),
(93, 63, 2, 'PC Gaming - Sentinal A5090 - BL - 02', 198891000.00, 1, 198891000.00),
(94, 64, 1, 'PC Gaming - Sentinal i5090 - BL', 195491500.00, 2, 390983000.00),
(95, 64, 13, 'Màn Hình Gaming MSI MPG 321UPX QD-OLED 32 inch/ UHD QD-OLED/ 240Hz/ 0.03ms/ Type-C', 28790400.00, 1, 28790400.00),
(96, 65, 7, 'Laptop Asus TUF Gaming F15 FX507ZC4-HN229W i5 12500H/ 16GB/ 1TB/ 4GB RTX3050/ 144Hz/ Win11', 1590000.00, 1, 1590000.00),
(97, 65, 14, 'Màn Hình Gaming LG UltraGear 32GS95UV-B 32 Inch/ OLED/ 4K/ 240Hz/ 0.03ms', 28490500.00, 1, 28490500.00),
(98, 66, 14, 'Màn Hình Gaming LG UltraGear 32GS95UV-B 32 Inch/ OLED/ 4K/ 240Hz/ 0.03ms', 28490500.00, 1, 28490500.00),
(99, 67, 10, 'PC Đồ Họa AI - Ryzen 9 9950X/ 64GB/ RTX 5090 Super      ', 179991000.00, 1, 179991000.00),
(100, 68, 1, 'PC Gaming - Sentinal i5090 - BL', 195491500.00, 1, 195491500.00),
(101, 68, 8, 'Laptop Dell Vostro 3530 Core i5-1334U/ 512GB SSD/ 8GB RAM/ 15.6 Inch FHD/ Màu Đen/ Nhập Khẩu', 52990000.00, 1, 52990000.00),
(102, 68, 24, 'Chuột Razer DeathAdder Essential-Ergonomic Wired-Trắng(White)_RZ01-03850200-R3M1', 68750000.00, 2, 137500000.00),
(103, 68, 14, 'Màn Hình Gaming LG UltraGear 32GS95UV-B 32 Inch/ OLED/ 4K/ 240Hz/ 0.03ms', 28490500.00, 1, 28490500.00),
(104, 68, 19, 'Máy Chơi Game Steam Deck Oled 512GB (NVME SSD)', 7500000.00, 1, 7500000.00),
(105, 68, 11, 'PC Đồ Họa Render 3D - Core i9 14900K/ 64GB/ RTX 4090', 103964700.00, 1, 103964700.00),
(106, 69, 15, 'Màn hình Samsung Odyssey OLED G9 G95SC LS49CG954SEXXV 49 inch / Cong / OLED / DQHD / 240 Hz / 0.03 ms', 34791300.00, 1, 34791300.00),
(107, 70, 1, 'PC Gaming - Sentinal i5090 - BL', 195491500.00, 1, 195491500.00),
(108, 71, 3015, 'PC Gaming - Sentinal A4080 Super', 103780300.00, 1, 103780300.00),
(109, 72, 30, 'Màn Hình Gaming Asus ROG Swift PG43UQ VA/ 4K/ 144Hz', 38421450.00, 1, 38421450.00),
(110, 72, 17, 'Máy Chơi Game Sony PlayStation 5 (PS5) Pro - Nhập Khẩu', 28990000.00, 2, 57980000.00),
(111, 73, 21, 'Chuột Gaming Razer Basilisk V3 - RZ01-04000100-R3M1', 904700.00, 1, 904700.00),
(112, 74, 17, 'Máy Chơi Game PS Portal - Playstation Portal Remote Players for PS5', 5752800.00, 1, 5752800.00),
(113, 75, 18, 'Tay Cầm Chơi Game Sony PS5 Dualsense White - Nhập Khẩu', 1492500.00, 2, 2985000.00),
(114, 76, 22, 'Bàn Phím Razer Huntsman V2 Tenkeyless-Optical Gaming Keyboard-Clicky Purple Switch_RZ03-03940300-R3M1', 2678400.00, 1, 2678400.00),
(116, 78, 1, 'PC Gaming - Sentinal i5090 - BL', 195491500.00, 4, 781966000.00),
(117, 79, 1, 'PC Gaming - Sentinal i5090 - BL', 195491500.00, 2, 390983000.00),
(118, 80, 21, 'Chuột Gaming Razer Basilisk V3 - RZ01-04000100-R3M1', 904700.00, 1, 904700.00),
(119, 80, 25, 'Bàn phím AKKO 5075B Plus Naruto (AKKO CS switch - Crystal)', 2579140.00, 1, 2579140.00),
(120, 80, 26, 'Máy chơi game Sony Playstation 5 (PS5) Standard Marvel\'s Spider-Man 2 Limited - Hàng NK', 12869350.00, 1, 12869350.00),
(121, 81, 21, 'Chuột Gaming Razer Basilisk V3 - RZ01-04000100-R3M1', 904700.00, 1, 904700.00),
(122, 82, 21, 'Chuột Gaming Razer Basilisk V3 - RZ01-04000100-R3M1', 904700.00, 1, 904700.00),
(123, 83, 1, 'PC Gaming - Sentinal i5090 - BL', 195491500.00, 1, 195491500.00),
(124, 83, 8, 'Laptop Dell Vostro 3530 Core i5-1334U/ 512GB SSD/ 8GB RAM/ 15.6 Inch FHD/ Màu Đen/ Nhập Khẩu', 52990000.00, 1, 52990000.00),
(125, 83, 21, 'Chuột Gaming Razer Basilisk V3 - RZ01-04000100-R3M1', 904700.00, 1, 904700.00),
(126, 83, 17, 'Máy Chơi Game PS Portal - Playstation Portal Remote Players for PS5', 5752800.00, 2, 11505600.00),
(127, 84, 16, 'Màn Hình Cong Gaming Asus ROG Swift OLED PG39WCDM 39 Inch/ WQHD/ OLED/ 240Hz/ 0.03ms', 43690500.00, 2, 87381000.00),
(128, 84, 17, 'Máy Chơi Game PS Portal - Playstation Portal Remote Players for PS5', 5752800.00, 1, 5752800.00),
(129, 84, 22, 'Bàn Phím Razer Huntsman V2 Tenkeyless-Optical Gaming Keyboard-Clicky Purple Switch_RZ03-03940300-R3M1', 2678400.00, 2, 5356800.00),
(130, 85, 24, 'Chuột Razer DeathAdder Essential-Ergonomic Wired-Trắng(White)_RZ01-03850200-R3M1', 1044050.00, 1, 1044050.00),
(131, 85, 3038, 'Chuột Razer DeathAdder V3 Pro Faker Edition_RZ01-04630400-0000', 3471300.00, 1, 3471300.00),
(132, 85, 25, 'Bàn phím AKKO 5075B Plus Naruto (AKKO CS switch - Crystal)', 2579140.00, 1, 2579140.00),
(133, 85, 30, 'Màn Hình Gaming Asus ROG Swift PG43UQ VA/ 4K/ 144Hz', 38421450.00, 2, 76842900.00),
(134, 86, 21, 'Chuột Gaming Razer Basilisk V3 - RZ01-04000100-R3M1', 904700.00, 1, 904700.00),
(135, 86, 8, 'Laptop Dell Vostro 3530 Core i5-1334U/ 512GB SSD/ 8GB RAM/ 15.6 Inch FHD/ Màu Đen/ Nhập Khẩu', 52990000.00, 2, 105980000.00),
(136, 87, 22, 'Bàn Phím Razer Huntsman V2 Tenkeyless-Optical Gaming Keyboard-Clicky Purple Switch_RZ03-03940300-R3M1', 2678400.00, 1, 2678400.00),
(137, 87, 14, 'Màn Hình Gaming LG UltraGear 32GS95UV-B 32 Inch/ OLED/ 4K/ 240Hz/ 0.03ms', 28490500.00, 1, 28490500.00),
(138, 87, 17, 'Máy Chơi Game PS Portal - Playstation Portal Remote Players for PS5', 5752800.00, 1, 5752800.00),
(139, 88, 1, 'PC Gaming - Sentinal i5090 - BL', 195491500.00, 1, 195491500.00),
(140, 88, 18, 'Tay Cầm Chơi Game Sony PS5 Dualsense White - Nhập Khẩu', 1492500.00, 1, 1492500.00),
(141, 89, 3015, 'PC Gaming - Sentinal A4080 Super', 103780300.00, 1, 103780300.00),
(142, 90, 30, 'Màn Hình Gaming Asus ROG Swift PG43UQ VA/ 4K/ 144Hz', 38421450.00, 1, 38421450.00),
(143, 91, 3017, 'PC Gaming - Sentinel I4080 Super - WH', 78291300.00, 1, 78291300.00),
(144, 92, 4, 'PC Gaming - Sentinal i5090 Super', 80554700.00, 1, 80554700.00),
(145, 93, 14, 'Màn Hình Gaming LG UltraGear 32GS95UV-B 32 Inch/ OLED/ 4K/ 240Hz/ 0.03ms', 28490500.00, 1, 28490500.00),
(146, 94, 8, 'Laptop Dell Vostro 3530 Core i5-1334U/ 512GB SSD/ 8GB RAM/ 15.6 Inch FHD/ Màu Đen/ Nhập Khẩu', 52990000.00, 1, 52990000.00),
(147, 95, 16, 'Màn Hình Cong Gaming Asus ROG Swift OLED PG39WCDM 39 Inch/ WQHD/ OLED/ 240Hz/ 0.03ms', 43690500.00, 1, 43690500.00),
(148, 96, 28, 'PC Gaming - Sentinal I4090 Eva 02 Limited Edition 01', 129190500.00, 1, 129190500.00),
(149, 97, 11, 'PC Đồ Họa Render 3D - Core i9 14900K/ 64GB/ RTX 4090', 103964700.00, 1, 103964700.00),
(150, 98, 3, 'PC Gaming - Sentinal A5090', 80995500.00, 1, 80995500.00),
(151, 99, 1, 'PC Gaming - Sentinal i5090 - BL', 126494500.00, 1, 126494500.00),
(152, 100, 15, 'Màn hình Samsung Odyssey OLED G9 G95SC LS49CG954SEXXV 49 inch / Cong / OLED / DQHD / 240 Hz / 0.03 ms', 34791300.00, 1, 34791300.00),
(153, 101, 1, 'PC Gaming - Sentinal i5090 - BL', 126494500.00, 1, 126494500.00),
(154, 101, 15, 'Màn hình Samsung Odyssey OLED G9 G95SC LS49CG954SEXXV 49 inch / Cong / OLED / DQHD / 240 Hz / 0.03 ms', 34791300.00, 1, 34791300.00),
(155, 101, 25, 'Bàn phím AKKO 5075B Plus Naruto (AKKO CS switch - Crystal)', 2579140.00, 1, 2579140.00),
(156, 102, 15, 'Màn hình Samsung Odyssey OLED G9 G95SC LS49CG954SEXXV 49 inch / Cong / OLED / DQHD / 240 Hz / 0.03 ms', 34791300.00, 1, 34791300.00),
(157, 102, 26, 'Máy chơi game Sony Playstation 5 (PS5) Standard Marvel\'s Spider-Man 2 Limited - Hàng NK', 12869350.00, 1, 12869350.00),
(158, 102, 17, 'Máy Chơi Game PS Portal - Playstation Portal Remote Players for PS5', 5752800.00, 1, 5752800.00),
(159, 102, 13, 'Màn Hình Gaming MSI MPG 321UPX QD-OLED 32 inch/ UHD QD-OLED/ 240Hz/ 0.03ms/ Type-C', 28790400.00, 1, 28790400.00),
(160, 103, 3038, 'Chuột Razer DeathAdder V3 Pro Faker Edition_RZ01-04630400-0000', 3471300.00, 1, 3471300.00),
(161, 103, 24, 'Chuột Razer DeathAdder Essential-Ergonomic Wired-Trắng(White)_RZ01-03850200-R3M1', 1044050.00, 1, 1044050.00),
(162, 103, 22, 'Bàn Phím Razer Huntsman V2 Tenkeyless-Optical Gaming Keyboard-Clicky Purple Switch_RZ03-03940300-R3M1', 2678400.00, 1, 2678400.00),
(163, 103, 15, 'Màn hình Samsung Odyssey OLED G9 G95SC LS49CG954SEXXV 49 inch / Cong / OLED / DQHD / 240 Hz / 0.03 ms', 34791300.00, 1, 34791300.00),
(164, 104, 15, 'Màn hình Samsung Odyssey OLED G9 G95SC LS49CG954SEXXV 49 inch / Cong / OLED / DQHD / 240 Hz / 0.03 ms', 34791300.00, 1, 34791300.00),
(165, 105, 18, 'Tay Cầm Chơi Game Sony PS5 Dualsense White - Nhập Khẩu', 1492500.00, 1, 1492500.00),
(166, 106, 3015, 'PC Gaming - Sentinal A4080 Super', 103780300.00, 1, 103780300.00),
(167, 107, 3, 'PC Gaming - Sentinal A5090', 80995500.00, 1, 80995500.00),
(168, 108, 22, 'Bàn Phím Razer Huntsman V2 Tenkeyless-Optical Gaming Keyboard-Clicky Purple Switch_RZ03-03940300-R3M1', 2678400.00, 1, 2678400.00),
(169, 108, 14, 'Màn Hình Gaming LG UltraGear 32GS95UV-B 32 Inch/ OLED/ 4K/ 240Hz/ 0.03ms', 28490500.00, 1, 28490500.00),
(170, 109, 1, 'PC Gaming - Sentinal i5090 - BL', 126494500.00, 2, 252989000.00),
(171, 110, 14, 'Màn Hình Gaming LG UltraGear 32GS95UV-B 32 Inch/ OLED/ 4K/ 240Hz/ 0.03ms', 28490500.00, 1, 28490500.00),
(172, 111, 6, 'Laptop Dell Vostro 3530 Core i3-1305U/ 512GB SSD/ 8GB RAM/ 15.6 Inch FHD/ Màu Đen/ Nhập Khẩu', 3290000.00, 1, 3290000.00),
(173, 112, 14, 'Màn Hình Gaming LG UltraGear 32GS95UV-B 32 Inch/ OLED/ 4K/ 240Hz/ 0.03ms', 28490500.00, 1, 28490500.00);

-- --------------------------------------------------------

--
-- Cấu trúc bảng cho bảng `productcomponents`
--

CREATE TABLE `productcomponents` (
  `productId` int(11) NOT NULL,
  `componentId` int(11) NOT NULL,
  `quantity` int(11) DEFAULT 1
) ENGINE=InnoDB DEFAULT CHARSET=utf8mb4 COLLATE=utf8mb4_general_ci;

--
-- Đang đổ dữ liệu cho bảng `productcomponents`
--

INSERT INTO `productcomponents` (`productId`, `componentId`, `quantity`) VALUES
(2, 1, 2),
(2, 2, 2),
(2, 3, 1),
(2, 4, 2),
(2, 5, 1),
(2, 6, 1),
(2, 7, 1),
(3, 1, 2),
(3, 2, 1),
(3, 3, 2),
(3, 4, 1),
(3, 5, 2),
(3, 6, 1),
(3, 7, 1),
(4, 1, 1),
(4, 2, 1),
(4, 3, 1),
(4, 4, 1),
(4, 5, 2),
(4, 6, 1),
(4, 7, 1),
(9, 1, 1),
(9, 2, 1),
(9, 3, 2),
(9, 4, 2),
(9, 5, 1),
(9, 6, 1),
(9, 7, 2),
(10, 1, 1),
(10, 2, 1),
(10, 3, 2),
(10, 4, 1),
(10, 5, 2),
(10, 6, 1),
(10, 7, 1),
(11, 1, 1),
(11, 2, 1),
(11, 3, 1),
(11, 4, 2),
(11, 5, 1),
(11, 6, 1),
(11, 7, 1),
(13, 3, 1),
(14, 2, 1),
(15, 1, 1),
(16, 1, 1),
(17, 37, 1),
(17, 38, 1),
(17, 39, 1),
(17, 40, 1),
(17, 41, 1),
(18, 22, 1),
(18, 23, 1),
(18, 24, 1),
(18, 37, 1),
(18, 38, 1),
(18, 39, 1),
(18, 42, 1),
(18, 43, 1),
(18, 44, 1),
(20, 41, 1),
(21, 19, 1),
(21, 20, 1),
(21, 21, 1),
(21, 22, 1),
(21, 23, 1),
(21, 24, 1),
(21, 25, 1),
(21, 26, 1),
(21, 28, 1),
(21, 29, 1),
(22, 19, 1),
(22, 20, 1),
(22, 21, 1),
(22, 22, 1),
(22, 23, 1),
(22, 24, 1),
(22, 26, 1),
(22, 28, 1),
(22, 29, 1),
(23, 19, 1),
(23, 20, 1),
(23, 21, 1),
(23, 22, 2),
(23, 23, 1),
(23, 24, 1),
(23, 26, 1),
(23, 28, 1),
(23, 29, 1),
(24, 30, 1),
(24, 31, 1),
(24, 32, 1),
(24, 33, 1),
(24, 35, 1),
(24, 36, 1),
(25, 30, 1),
(25, 31, 1),
(25, 32, 1),
(25, 33, 1),
(25, 35, 1),
(25, 36, 1),
(26, 37, 1),
(26, 38, 1),
(26, 39, 1),
(26, 40, 1),
(26, 41, 1),
(26, 43, 1),
(26, 44, 1),
(28, 1, 1),
(28, 2, 1),
(28, 3, 1),
(28, 4, 2),
(28, 5, 1),
(28, 6, 1),
(28, 7, 2),
(30, 2, 1),
(3015, 1, 1),
(3015, 2, 2),
(3015, 3, 1),
(3015, 4, 1),
(3015, 5, 1),
(3015, 6, 1),
(3015, 7, 1),
(3016, 1, 1),
(3016, 2, 1),
(3016, 3, 2),
(3016, 4, 1),
(3016, 5, 3),
(3016, 6, 1),
(3016, 7, 1),
(3021, 2, 1),
(3021, 3, 1),
(3022, 1, 1),
(3022, 2, 1),
(3022, 3, 1),
(3022, 4, 1),
(3022, 5, 1),
(3022, 6, 1),
(3022, 7, 1),
(3024, 3, 1),
(3028, 1, 1),
(3028, 2, 4),
(3028, 3, 1),
(3028, 4, 1),
(3028, 5, 1),
(3028, 6, 1),
(3028, 7, 1),
(3031, 2, 1),
(3038, 19, 1),
(3038, 20, 1),
(3038, 21, 1),
(3038, 22, 1),
(3038, 23, 1),
(3038, 26, 1),
(3038, 28, 1),
(3038, 29, 1),
(3039, 1, 1),
(3040, 5, 1),
(3041, 1, 1),
(3042, 2, 1),
(3043, 4, 1),
(3044, 1, 1),
(3049, 2, 1),
(3050, 2, 1),
(3051, 2, 1),
(3052, 4, 1),
(3053, 5, 1),
(3054, 3, 1),
(3055, 20, 1),
(3055, 21, 1),
(3055, 23, 1),
(3055, 28, 1);

-- --------------------------------------------------------

--
-- Cấu trúc bảng cho bảng `productpromotions`
--

CREATE TABLE `productpromotions` (
  `productId` int(11) NOT NULL,
  `promotionId` int(11) NOT NULL
) ENGINE=InnoDB DEFAULT CHARSET=utf8mb4 COLLATE=utf8mb4_general_ci;

-- --------------------------------------------------------

--
-- Cấu trúc bảng cho bảng `products`
--

CREATE TABLE `products` (
  `productId` int(11) NOT NULL,
  `name` varchar(255) NOT NULL,
  `priceOld` decimal(15,2) DEFAULT NULL,
  `priceNew` decimal(15,2) NOT NULL,
  `imageUrl` varchar(255) DEFAULT NULL,
  `sale` tinyint(1) DEFAULT 0,
  `stockQuantity` int(11) DEFAULT 0,
  `categoryId` int(11) DEFAULT NULL,
  `supplierId` int(11) DEFAULT NULL,
  `brandId` int(11) DEFAULT NULL,
  `createdAt` timestamp NOT NULL DEFAULT current_timestamp(),
  `updatedAt` timestamp NOT NULL DEFAULT current_timestamp() ON UPDATE current_timestamp(),
  `highlightType` enum('Best Seller','Best Choice','None') DEFAULT 'None',
  `reviewCount` int(11) DEFAULT 0,
  `descHTML` text DEFAULT NULL
) ENGINE=InnoDB DEFAULT CHARSET=utf8mb4 COLLATE=utf8mb4_general_ci;

--
-- Đang đổ dữ liệu cho bảng `products`
--

INSERT INTO `products` (`productId`, `name`, `priceOld`, `priceNew`, `imageUrl`, `sale`, `stockQuantity`, `categoryId`, `supplierId`, `brandId`, `createdAt`, `updatedAt`, `highlightType`, `reviewCount`, `descHTML`) VALUES
(1, 'PC Gaming - Sentinal i5090 - BL', 229990000.00, 126494500.00, 'https://www.tncstore.vn/media/product/250-11791-pc-gaming-sentinal-i5090-bl--7-.jpg', 45, 8, 1, 1, 1, '2025-02-12 17:56:05', '2025-05-22 06:48:35', 'Best Choice', 435, '<h2 style=\"text-align: left;\"><strong>Đ&aacute;nh Gi&aacute; Chi Tiết</strong>&nbsp;<a href=\"https://www.tncstore.vn/pc-gaming-sentinal-i5090-bl.html\" target=\"_blank\" rel=\"noopener\"><strong>PC Gaming Sentinal i5090 BL</strong></a></h2>\n<p>Được trang bị card đồ họa RTX 5090 mạnh mẽ v&agrave; cấu h&igrave;nh tối ưu, bộ PC Gaming Sentinal i5090 BL mang lại hiệu suất vượt trội, đ&aacute;p ứng mượt m&agrave; c&aacute;c tựa game nặng v&agrave; hỗ trợ livestream, s&aacute;ng tạo nội dung. Đ&acirc;y l&agrave; lựa chọn đ&aacute;ng gi&aacute; cho những ai t&igrave;m kiếm <a href=\"https://www.tncstore.vn/gaming-pc.html\" target=\"_blank\" rel=\"noopener\"><strong>PC Gaming</strong></a> ho&agrave;n hảo trong hiệu năng v&agrave; thiết kế.</p>\n<p>&nbsp;</p>\n<p style=\"text-align: center;\"><iframe src=\"https://www.youtube.com/embed/Ok18bNREVwA\" width=\"700\" height=\"400\"></iframe></p>\n<h3><strong>CPU Intel Core Ultra 9 285K - PC Gaming Sentinal i5090 BL</strong></h3>\n<p><a href=\"https://www.tncstore.vn/cpu-intel-core-ultra-9-285k.html\" target=\"_blank\" rel=\"noopener\"><strong>CPU Intel Core Ultra 9 285K</strong></a> sở hữu 24 nh&acirc;n v&agrave; 24 luồng (8 P-core hiệu năng cao v&agrave; 16 E-core) mang đến khả năng xử l&yacute; vượt trội trong c&aacute;c t&aacute;c vụ đa nhiệm. Sản phẩm đặc biệt ph&ugrave; hợp với những người thường xuy&ecirc;n l&agrave;m việc tr&ecirc;n c&aacute;c ứng dụng nặng như phần mềm đồ họa, chỉnh sửa video hay streaming. Xung nhịp tối đa l&ecirc;n đến 5.7GHz gi&uacute;p CPU Core Ultra 9 285K xử l&yacute; tốt c&aacute;c t&aacute;c vụ đơn luồng như chơi game hay d&ugrave;ng c&aacute;c phần mềm y&ecirc;u cầu tốc độ xử l&yacute; cao.</p>\n<p>&nbsp;</p>\n<p><img src=\"https://www.tncstore.vn/media/lib/19-02-2025/tnc-store-pc-gaming-sentinal-i5090-bl3.png\" alt=\"TNC Store PC Gaming - Sentinal i5090 - BL\" width=\"700\" height=\"700\"></p>\n<h3><strong>Bo mạch chủ Asus ROG MAXIMUS Z890 HERO</strong></h3>\n<p><a href=\"https://www.tncstore.vn/bo-mach-chu-asus-rog-maximus-z890-hero.html\" target=\"_blank\" rel=\"noopener\"><strong>Mainboard ROG Maximus Z890 Hero</strong></a>&nbsp;ph&aacute;t huy hiệu năng của bộ xử l&yacute; Intel Core Ultra (Series 2) th&ocirc;ng qua c&aacute;c c&ocirc;ng nghệ AI PC độc quyền, khả năng cấp điện mạnh mẽ, quản l&yacute; nhiệt được tối ưu h&oacute;a, hỗ trợ PCIe 5.0 mở rộng, khe cắm DDR5 v&agrave; WiFi 7.</p>\n<p>&nbsp;</p>\n<p><img src=\"https://www.tncstore.vn/media/lib/19-02-2025/tnc-store-pc-gaming-sentinal-i5090-bl5.png\" alt=\"TNC Store PC Gaming - Sentinal i5090 - BL\" width=\"700\" height=\"700\"></p>\n<h3><strong>RAM Corsair Dominator Titanium RGB 64GB DDR5 Bus 6000MHz</strong></h3>\n<p>Với dung lượng 32GB,&nbsp;<a href=\"https://www.tncstore.vn/ram-corsair-dominator-titanium-rgb-64gb-ddr5-bus-6000mhz-cmp64gx5m2b6000c30.html\" target=\"_blank\" rel=\"noopener\"><strong>RAM Corsair Dominator Titanium RGB 64GB</strong></a>&nbsp;mang đến sức mạnh xử l&yacute; t&aacute;c vụ nặng như chơi game, chỉnh sửa video, v&agrave; thiết kế đồ họa ổn định vượt trội, gi&uacute;p PC Gaming Sentinal i5090 BL hoạt động mượt m&agrave; v&agrave; hiệu quả hơn.</p>\n<p>&nbsp;</p>\n<p><img src=\"https://www.tncstore.vn/media/lib/19-02-2025/tnc-store-pc-gaming-sentinal-i5090-bl4.png\" alt=\"TNC Store PC Gaming - Sentinal i5090 - BL\" width=\"700\" height=\"700\"></p>\n<h3><strong>Ổ cứng SSD Samsung 990 PRO 2TB</strong></h3>\n<p>Được đ&aacute;nh gi&aacute; l&agrave; một giải ph&aacute;p lưu trữ <a href=\"https://www.tncstore.vn/o-cung-ssd-samsung-990-pro-2tb-m2-gen-4.html\" target=\"_blank\" rel=\"noopener\"><strong>SSD Samsung 990 PRO 2TB</strong></a> truy xuất v&agrave; lưu trữ dữ liệu nhanh ch&oacute;ng. Sản phẩm thiết kế nhỏ gọn cho ph&eacute;p tăng dung lượng lưu trữ 2TB, cung cấp mọi kh&ocirc;ng gian lưu trữ cho PC.</p>\n<p>&nbsp;</p>\n<p><img src=\"https://www.tncstore.vn/media/lib/19-02-2025/tnc-store-pc-gaming-sentinal-i5090-bl2.png\" alt=\"TNC Store PC Gaming - Sentinal i5090 - BL\" width=\"700\" height=\"700\"></p>\n<h3><strong>Card m&agrave;n h&igrave;nh Asus ROG Astral GeForce RTX 5090 32GB GDDR7 OC Edition</strong></h3>\n<p><a href=\"https://www.tncstore.vn/card-man-hinh-asus-rog-astral-geforce-rtx-5090-32gb-gddr7-oc-edition.html\" target=\"_blank\" rel=\"noopener\"><strong>Card m&agrave;n h&igrave;nh ROG Astral RTX 5090</strong></a> được trang bị GPU NVIDIA RTX 5090 mạnh nhất hiện nay, dựa tr&ecirc;n kiến tr&uacute;c Ada Lovelace thế hệ mới, mang lại hiệu năng mạnh mẽ th&iacute;ch hợp x&acirc;y dựng hệ thống PC. B&ecirc;n cạnh đ&oacute;, c&ograve;n hỗ trợ Ray Tracing thế hệ 3, tạo ra hiệu ứng &aacute;nh s&aacute;ng v&agrave; b&oacute;ng ch&acirc;n thực vượt trội.</p>\n<p>&nbsp;</p>\n<p><img src=\"https://www.tncstore.vn/media/lib/19-02-2025/tnc-store-pc-gaming-sentinal-i5090-bl7.png\" alt=\"TNC Store PC Gaming - Sentinal i5090 - BL\" width=\"700\" height=\"700\"></p>\n<h3><strong>Nguồn Asus ROG Thor 1200W Platinum III</strong></h3>\n<p><a href=\"https://www.tncstore.vn/nguon-asus-rog-thor-1200w-platinum-iii.html\" target=\"_blank\" rel=\"noopener\"><strong>Asus ROG Thor 1200W Platinum III</strong></a> l&agrave; Nguồn m&aacute;y t&iacute;nh cao cấp thuộc d&ograve;ng ROG. Với c&ocirc;ng suất 1200W v&agrave; chứng nhận 80 PLUS Platinum, sản phẩm đảm bảo hiệu suất năng lượng tối ưu v&agrave; giảm thiểu ti&ecirc;u thụ điện năng. Sản phẩm sử dụng c&ocirc;ng nghệ GaN MOSFET, gi&uacute;p tăng hiệu suất điện năng l&ecirc;n 30% so với c&aacute;c bộ nguồn th&ocirc;ng thường.&nbsp;</p>\n<p>&nbsp;</p>\n<p><img src=\"https://www.tncstore.vn/media/lib/19-02-2025/tnc-store-pc-gaming-sentinal-i5090-bl1.png\" alt=\"TNC Store PC Gaming - Sentinal i5090 - BL\" width=\"700\" height=\"700\"></p>\n<h3><strong>Vỏ case Asus ROG Hyperion GR701</strong></h3>\n<p>Với thiết kế tinh tế, kh&ocirc;ng gian rộng r&atilde;i v&agrave; khả năng hỗ trợ l&agrave;m m&aacute;t vượt trội, <a href=\"https://www.tncstore.vn/vo-case-asus-rog-hyperion-gr701.html\" target=\"_blank\" rel=\"noopener\"><strong>Vỏ case ASUS ROG Hyperion GR701</strong></a>&nbsp;l&agrave; lựa chọn l&yacute; tưởng cho những ai muốn x&acirc;y dựng một hệ thống PC hiệu suất cao v&agrave; thẩm mỹ.</p>\n<p>&nbsp;</p>\n<p><img src=\"https://www.tncstore.vn/media/lib/19-02-2025/tnc-store-pc-gaming-sentinal-i5090-bl8.png\" alt=\"TNC Store PC Gaming - Sentinal i5090 - BL\" width=\"700\" height=\"700\"></p>\n<h3><strong>Tản nhiệt nước Asus ROG Ryujin III 360 ARGB Extreme</strong></h3>\n<p>Trải nghiệm hiệu năng vượt trội với <a href=\"https://www.tncstore.vn/tan-nhiet-nuoc-asus-rog-ryujin-iii-360-argb-extreme.html\" target=\"_blank\" rel=\"noopener\"><strong>Tản nhiệt nước ROG Ryujin III 360 ARGB Extreme</strong></a>, sản phẩm được trang bị bơm Emma Gen8 V2 của Asetek v&agrave; quạt ROG ARGB từ t&iacute;nh n&acirc;ng cao để tối đa h&oacute;a sức mạnh của Bộ xử l&yacute; AMD AM5 9000 Series v&agrave; Intel Core Ultra.&nbsp;&nbsp;</p>\n<p>&nbsp;</p>\n<p>Giải ph&aacute;p l&agrave;m m&aacute;t ti&ecirc;n tiến n&agrave;y bao gồm một quạt VRM t&iacute;ch hợp để mang lại hiệu suất ổn định trong c&aacute;c t&aacute;c vụ cường độ cao. Với m&agrave;n h&igrave;nh LCD n&acirc;ng cấp c&oacute; độ ph&acirc;n giải 480p v&agrave; tốc độ l&agrave;m mới 60Hz.</p>\n<p>&nbsp;</p>\n<p><img src=\"https://www.tncstore.vn/media/lib/19-02-2025/tnc-store-pc-gaming-sentinal-i5090-bl6.png\" alt=\"TNC Store PC Gaming - Sentinal i5090 - BL\" width=\"700\" height=\"700\"></p>\n<h2><strong>Tổng Kết&nbsp;</strong></h2>\n<p>Với hiệu năng mạnh mẽ, thiết kế hiện đại v&agrave; độ bền vượt trội,&nbsp;<a href=\"https://www.tncstore.vn/pc-gaming-sentinal-i5090-bl.html\" target=\"_blank\" rel=\"noopener\"><strong>PC Gaming Sentinal i5090 BL</strong></a> chắc chắn l&agrave; lựa chọn đ&aacute;ng đầu tư để trải nghiệm thế giới game một c&aacute;ch trọn vẹn nhất.</p>'),
(2, 'PC Gaming - Sentinal A5090 - BL - 02', 220990000.00, 132594000.00, 'https://www.tncstore.vn/media/product/250-11828-pc-gaming-sentinal-a5090-bl-02-1--1-.jpg', 40, 40, 1, 8, 1, '2025-02-12 17:56:05', '2025-05-02 07:50:15', 'Best Choice', 43, '<h2><strong>Đ&aacute;nh Gi&aacute; Chi Tiết </strong><a href=\"https://www.tncstore.vn/pc-gaming-sentinal-a5090-bl-02.html\" target=\"_blank\" rel=\"noopener\"><strong>PC Gaming - Sentinal A5090 - BL - 02</strong></a></h2>\n<p>Một cấu h&igrave;nh <strong><a href=\"https://www.tncstore.vn/gaming-pc.html\">PC Gaming</a></strong> đ&aacute;p ứng đủ nhu cầu cho anh em game thủ sẽ c&oacute; những g&igrave; nhỉ? H&atilde;y c&ugrave;ng TNC Store t&igrave;m hiểu nh&eacute;.</p>\n<p style=\"text-align: center;\"><iframe src=\"https://www.youtube.com/embed/Iv9FrSORbRQ\" width=\"700\" height=\"350\"></iframe></p>\n<h3><strong>Hiệu năng mạnh mẽ của CPU </strong><a href=\"https://www.tncstore.vn/cpu-amd-ryzen-9-9950x3d.html\" target=\"_blank\" rel=\"noopener\"><strong>AMD Ryzen 9 9950X3D</strong>&nbsp;</a><strong>- PC Gaming Sentinal A5090 BL 02</strong></h3>\n<p>Với 16 nh&acirc;n v&agrave; 32 luồng, AMD Ryzen 9 9950X3D sẽ kh&ocirc;ng gặp kh&oacute; khăn trong việc xử l&yacute; multi-threaded workloads, điều n&agrave;y gi&uacute;p bạn chơi game m&agrave; kh&ocirc;ng gặp phải độ trễ khi c&oacute; nhiều t&aacute;c vụ nền chạy c&ugrave;ng l&uacute;c (như streaming, Discord, hoặc c&aacute;c ứng dụng kh&aacute;c chạy ngầm trong khi chơi game).</p>\n<p><strong><img src=\"https://www.tncstore.vn/media/lib/24-03-2025/cpu-amd-ryzen-9-9950-x3d.jpg\" alt=\"TNC Store PC Gaming Sentinal A5090 BL 02\" width=\"700\"></strong></p>\n<p>Điều đặc biệt trong CPU AMD Ryzen 9 9950X3D l&agrave; c&ocirc;ng nghệ 3D V-Cache gi&uacute;p cải thiện băng th&ocirc;ng bộ nhớ v&agrave; giảm độ trễ trong việc truy xuất dữ liệu, điều n&agrave;y rất quan trọng trong c&aacute;c tr&ograve; chơi đ&ograve;i hỏi nhiều dữ liệu t&iacute;nh to&aacute;n nhanh ch&oacute;ng.</p>\n<h3><strong>Trải nghiệm tất cả game AAA với chất lượng h&igrave;nh ảnh tuyệt vời c&ugrave;ng </strong><strong>VGA </strong><a href=\"https://www.tncstore.vn/card-man-hinh-asus-rog-astral-geforce-rtx-5090-32gb-gddr7-oc-edition.html\" target=\"_blank\" rel=\"noopener\"><strong>Asus ROG Astral GeForce RTX 5090 32GB GDDR7 OC Edition</strong></a></h3>\n<p>Trang bị 32GB Vram v&agrave; GDDR7, card m&agrave;n h&igrave;nh RTX 5090 c&oacute; khả năng chơi game ở độ ph&acirc;n giải cực cao như 4K ở mức độ hoạ ultra m&agrave; kh&ocirc;ng gặp phải t&igrave;nh trạng giật lag như Cyberpunk 2077, hay Black Myth: Wukong.</p>\n<p><strong><img src=\"https://www.tncstore.vn/media/lib/24-03-2025/card-man-hinh-asus-rog-astral-geforce-rtx-5090-32g.jpg\" alt=\"TNC Store PC Gaming Sentinal A5090 BL 02\" width=\"700\"></strong></p>\n<p>RTX 5090 hỗ trợ Ray Tracing thế hệ mới v&agrave; DLSS 3.0, gi&uacute;p cải thiện chất lượng h&igrave;nh ảnh bằng c&aacute;ch m&ocirc; phỏng &aacute;nh s&aacute;ng v&agrave; phản chiếu ch&acirc;n thật, động thời cải thiện hiệu suất th&ocirc;ng qua việc sử dụng c&ocirc;ng nghệ Deep Learning Super Sampling. Nhờ đ&oacute;, bạn c&oacute; thể tận hưởng tr&ograve; chơi với hiệu ứng &aacute;nh s&aacute;ng cực kỳ ch&acirc;n thực m&agrave; kh&ocirc;ng phải hy sinh qu&aacute; nhiều về FPS.</p>\n<h3><strong>Tương th&iacute;ch với c&aacute;c bộ vi xử l&yacute; c&ugrave;ng bo mạch chủ </strong><a href=\"https://www.tncstore.vn/bo-mach-chu-asus-rog-crosshair-x870e-hero.html\" target=\"_blank\" rel=\"noopener\"><strong>Asus ROG CROSSHAIR X870E HERO</strong></a></h3>\n<p>Với sự tương th&iacute;ch với AMD Ryzen 9000 series. ROG CROSSHAIR X670E HERO l&agrave; một bo mạch chủ tuyệt vời mang đến cho game thủ những vi xử l&yacute; mạnh mẽ, gi&uacute;p cải thiện tốc độ xử l&yacute;, tăng cường hiệu suất chơi game v&agrave; giảm độ trễ trong c&aacute;c t&aacute;c vụ y&ecirc;u cầu t&iacute;nh to&aacute;n nặng.</p>\n<p><img src=\"https://www.tncstore.vn/media/lib/24-03-2025/bo-mach-chu-asus-rog-crosshair-x870e-hero.jpg\" alt=\"TNC Store PC Gaming Sentinal A5090 BL 02\" width=\"700\"></p>\n<p>Bo mạch chủ hỗ trợ PCIe 5.0 mang lại băng th&ocirc;ng gấp đ&ocirc;i so với PCIe 4.0, cho ph&eacute;p sử dụng c&aacute;c GPU thế hệ mới v&agrave; SSD NVMe PCIe 5.0 m&agrave; kh&ocirc;ng gặp phải t&igrave;nh trạng nghẽn băng th&ocirc;ng.</p>\n<h3><strong>L&agrave;m m&aacute;t bộ PC của bạn với Tản Nhiệt Nước</strong>&nbsp;<a href=\"https://www.tncstore.vn/tan-nhiet-nuoc-asus-rog-ryujin-iii-360-argb-extreme.html\" target=\"_blank\" rel=\"noopener\"><strong>Asus ROG Ryujin III 360 ARGB Extreme</strong></a></h3>\n<p>Asus ROG Ryujin III 360 ARGB Extreme radiator 360mm v&agrave; 3 quạt ARGB 120mm, mang đến hiệu suất l&agrave;m m&aacute;t vượt trội cho c&aacute;c bộ vi xử l&yacute; mạnh mẽ nhất hiện nay, như AMD&nbsp;Ryzen 9 hoặc Intel core i9.</p>\n<p><strong><img src=\"https://www.tncstore.vn/media/lib/24-03-2025/tan-nhiet-nuoc-asus-rog-ryujin-iii-360-argb-extrem.jpg\" alt=\"TNC Store PC Gaming Sentinal A5090 BL 02\" width=\"700\"></strong></p>\n<p>Trang bị hệ thống đ&egrave;n LED ARGB l&agrave; điểm cộng lớn của bộ tản nhiệt n&agrave;y, bởi&nbsp; kh&ocirc;ng chỉ gi&uacute;p tạo n&ecirc;n một hệ thống PC đẹp mắt, m&agrave; c&ograve;n ph&ugrave; hợp với c&aacute;c bo mạch chủ ROG hoặc Strix, cho ph&eacute;p bạn đồng bộ h&oacute;a tất cả c&aacute;c thiết bị trong hệ thống với nhau.</p>\n<h2><strong>Kết Luận</strong></h2>\n<p>Tr&ecirc;n đ&acirc;y l&agrave; b&agrave;i đ&aacute;nh gi&aacute; PC Gaming - Sentinal A5090 - BL - 02. Nếu kh&aacute;ch h&agrave;ng muốn <a href=\"https://www.tncstore.vn/buildpc\" target=\"_blank\" rel=\"noopener\"><strong>x&acirc;y dựng cấu h&igrave;nh PC</strong></a> theo nhu cầu sử dụng, h&atilde;y đến <a href=\"https://www.tncstore.vn/\" target=\"_blank\" rel=\"noopener\"><strong>TNC Store</strong></a> để được hỗ trợ nh&eacute;!</p>'),
(3, 'PC Gaming - Sentinal A5090', 179990000.00, 80995500.00, 'https://www.tncstore.vn/media/product/250-11836-pc-gaming-sentinal-a5090--6-.jpg', 55, 18, 1, 7, 8, '2025-02-12 17:56:05', '2025-05-21 05:26:06', 'Best Choice', 242, '<h2><strong>Đ&aacute;nh Gi&aacute; Chi Tiết </strong><a href=\"https://www.tncstore.vn/pc-gaming-sentinal-a5090.html\" target=\"_blank\" rel=\"noopener\"><strong>PC Gaming - Sentinal A5090</strong></a></h2>\n<p><strong>Một cấu h&igrave;nh mạnh mẽ sẽ đ&aacute;p ứng đầy đủ nhu cầu chơi game, livestream cho anh em game thủ. H&atilde;y đến với <a href=\"https://www.tncstore.vn/\" target=\"_blank\" rel=\"noopener\">TNC Store</a> để được trải nghiệm nh&eacute;!</strong></p>\n<p style=\"text-align: center;\"><iframe src=\"https://www.youtube.com/embed/pIMHzs4nR4U\" width=\"700\" height=\"350\"></iframe></p>\n<h3><strong>CPU </strong><a href=\"https://www.tncstore.vn/cpu-amd-ryzen-9-9950x.html\" target=\"_blank\" rel=\"noopener\"><strong>AMD Ryzen 9 9950X</strong></a><strong> - PC Gaming Sentinal A5090</strong></h3>\n<p><strong><img src=\"https://www.tncstore.vn/media/lib/20-03-2025/cpu-amd-ryzen-9-9950x.jpg\" alt=\"TNC Store PC Gaming Sentinal A5090\" width=\"700\"></strong></p>\n<p>Với 16 nh&acirc;n v&agrave; 32 luồng xử l&yacute;, Cpu Amd Ryzen 9 9950X mang lại khả năng đa nhiệm xuất sắc. Kiến tr&uacute;c Zen 5 được tối ưu h&oacute;a để n&acirc;ng cao hiệu suất đơn nh&acirc;n v&agrave; đa nh&acirc;n, gi&uacute;p bạn ho&agrave;n th&agrave;nh mọi t&aacute;c vụ nhanh ch&oacute;ng v&agrave; mượt m&agrave;.</p>\n<h3><strong>Bo Mạch Chủ </strong><a href=\"https://www.tncstore.vn/bo-mach-chu-gigabyte-x870e-aorus-xtreme-ai-top.html\" target=\"_blank\" rel=\"noopener\"><strong>Gigabyte X870E AORUS XTREME AI TOP</strong></a></h3>\n<p><strong><img src=\"https://www.tncstore.vn/media/lib/20-03-2025/main-gigabyte-x870e-aorus-xtreme-ai-top.jpg\" alt=\"TNC Store PC Gaming Sentinal A5090\" width=\"700\"></strong></p>\n<p>Bo mạch chủ Gigabyte X870E Aorus Xtreme AI TOP tối ưu h&oacute;a hiệu năng cho CPU AMD Ryzen mới nhất, hỗ trợ RAM DDR5 với tốc độ &eacute;p xung l&ecirc;n đến 8800MT/s v&agrave; c&ocirc;ng nghệ AMD EXPO. Được trang bị 4 khe M.2 PCIe 5.0, cổng USB 4 Type-C k&eacute;p, Wi-Fi 7, hai cổng LAN 10GbE, v&agrave; ăng-ten ARGB, gi&uacute;p kết nối linh hoạt v&agrave; tốc độ truyền tải nhanh.&nbsp;</p>\n<h3><strong>RAM </strong><a href=\"https://www.tncstore.vn/ram-corsair-dominator-titanium-rgb-64gb-ddr5-bus-6000mhz-cmp64gx5m2b6000c30.html\" target=\"_blank\" rel=\"noopener\"><strong>Corsair Dominator Titanium RGB 64GB (32GBx2) DDR5 Bus 6000MHz</strong></a></h3>\n<p><strong><img src=\"https://www.tncstore.vn/media/lib/20-03-2025/ram-corsair-dominator-titanium-rgb-4gb-ddr5-6600mh.jpg\" alt=\"TNC Store PC Gaming Sentinal A5090\" width=\"700\"></strong></p>\n<p>RAM Dominator Titanium hỗ trợ Intel XMP 3.0 khi kết hợp với CPU Intel Core thế hệ 12/13 v&agrave; AMD EXPO với CPU AMD Ryzen 7000 Series. Dải đ&egrave;n LED liền mạch tạo điểm nhấn bắt mắt, l&agrave;m cho d&agrave;n PC th&ecirc;m sinh động v&agrave; ấn tượng.</p>\n<h3><strong>Ổ cứng SSD </strong><a href=\"https://www.tncstore.vn/o-cung-ssd-samsung-990-pro-2tb-m2-gen-4.html\" target=\"_blank\" rel=\"noopener\"><strong>Samsung 990 PRO 2TB M.2 NVMe PCIe Gen 4.0</strong></a></h3>\n<p><strong><img src=\"https://www.tncstore.vn/media/lib/20-03-2025/ssd-samsung-990-pro-2tb-m2-nvme.jpg\" alt=\"TNC Store PC Gaming Sentinal A5090\" width=\"700\"></strong></p>\n<p>Ổ cứng SSD Samsung 990 PRO 2TB M.2 NVMe PCIe Gen 4.0 cung cấp tốc độ vượt trội l&ecirc;n tới 7450MB/s v&agrave; đọc/ghi ngẫu nhi&ecirc;n 1550K IOPS, đ&aacute;p ứng tốt c&aacute;c t&aacute;c vụ đ&ograve;i hỏi cao. Với giao diện PCIe Gen 4.0 v&agrave; dung lượng 2TB mang đến sự vượt trội hơn Gen 3 rất nhiều. SSD n&agrave;y t&iacute;ch hợp c&ocirc;ng nghệ NAND 3D v&agrave; giải ph&aacute;p tho&aacute;t nhiệt th&ocirc;ng minh, gi&uacute;p tăng tốc v&agrave; ổn định hiệu suất, đặc biệt ph&ugrave; hợp cho PC hiệu năng cao.</p>\n<h3><strong>Card M&agrave;n H&igrave;nh</strong>&nbsp;<a href=\"https://www.tncstore.vn/card-man-hinh-gigabyte-aorus-geforce-rtx-5090-master-32g.html\" target=\"_blank\" rel=\"noopener\"><strong>Gigabyte AORUS GeForce RTX 5090 MASTER 32G</strong></a></h3>\n<p><strong><img src=\"https://www.tncstore.vn/media/lib/20-03-2025/vga-gigabyte-aorus-rtx5090-32gb.jpg\" alt=\"TNC Store PC Gaming Sentinal A5090\" width=\"700\"></strong></p>\n<p>Card m&agrave;n h&igrave;nh Gigabyte AORUS RTX 5090 MASTER trang bị bộ nhớ GDDR7 16GB, tốc độ 32Gbps v&agrave; băng th&ocirc;ng 256 bit, đảm bảo hiệu suất vượt trội cho c&aacute;c ứng dụng nặng. Thiết kế hiện đại với &aacute;nh s&aacute;ng Rgb xuy&ecirc;n suốt v&agrave; hiệu ứng Rgb Halo tạo điểm nhấn ấn tượng, đồng bộ với c&aacute;c thiết bị qua Gigabyte Control Center. Card c&ograve;n c&oacute; m&agrave;n h&igrave;nh LCD Edge View hiển thị th&ocirc;ng tin như nhiệt độ, tốc độ quạt, trạng th&aacute;i GPU v&agrave; nội dung c&aacute; nh&acirc;n h&oacute;a.</p>\n<h3><strong>Nguồn </strong><a href=\"https://www.tncstore.vn/nguon-lian-li-edge-1300w-black.html\" target=\"_blank\" rel=\"noopener\"><strong>Lian Li Edge Series EG 1300 1300W Black ATX 3.1/ 80 Plus Platinum</strong></a></h3>\n<p><strong><img src=\"https://www.tncstore.vn/media/lib/20-03-2025/nguon-lian-li-edge-series-eg1300-1300w-80-plus-pla.jpg\" alt=\"TNC Store PC Gaming Sentinal A5090\" width=\"700\"></strong></p>\n<p>Với c&ocirc;ng suất 1300W, đạt chuẩn 80 plus. Nguồn Lian Li edge Series EG1300 1300W đ&aacute;p ứng tốt nhu cầu cho c&aacute;c cấu h&igrave;nh m&aacute;y t&iacute;nh chơi game cao cấp, hoặc hệ thống đa GPU, cung cấp đủ năng lượng ổn định cho c&aacute;c linh kiện y&ecirc;u cầu c&ocirc;ng suất lớn.</p>\n<h3><strong>Vỏ Case </strong><a href=\"https://www.tncstore.vn/vo-case-nzxt-h7-flow-rgb-2024-black.html\" target=\"_blank\" rel=\"noopener\"><strong>NZXT H7 Flow RGB New (2024) Black (CM-H72FB-R1)</strong></a></h3>\n<p><strong><img src=\"https://www.tncstore.vn/media/lib/20-03-2025/case-nzxt-h7-flow-rgb-new-2024.jpg\" alt=\"TNC Store PC Gaming Sentinal A5090\" width=\"700\"></strong></p>\n<p>NZXT H7 Flow Rgb, với kiểu thu h&uacute;t v&agrave; bắt mắt bằng hệ thống đ&egrave;n LED rực rỡ c&ugrave;ng mặt k&iacute;nh cường lực gi&uacute;p l&agrave;m n&ecirc;n hệ thống PC ho&agrave;n hảo.</p>\n<h2><strong>Kết Luận</strong></h2>\n<p><strong>Với hiệu năng của Cpu <a href=\"https://www.tncstore.vn/cpu-amd-ryzen-9-9950x.html\" target=\"_blank\" rel=\"noopener\">Amd Ryzen 9 9950X</a> v&agrave; card đồ hoạ <a href=\"https://www.tncstore.vn/vga-nvidia-rtx-5090.html\" target=\"_blank\" rel=\"noopener\">RTX 5090</a>, thiết kế hiện đại v&agrave; vượt trội&nbsp;Sentinal A5090 sẽ l&agrave; lựa chọn kh&ocirc;ng thể thiếu cho một trải nghiệm chơi game AAA được trọn vẹn.</strong></p>'),
(4, 'PC Gaming - Sentinal i5090 Super', 151990000.00, 80554700.00, 'https://www.tncstore.vn/media/product/250-12064-pc-gaming-sentinal-i5090--7-.jpg', 47, 24, 1, 7, 7, '2025-02-12 17:56:05', '2025-05-15 16:54:21', 'Best Seller', 150, '<h2><strong>Đ&aacute;nh Gi&aacute; Chi Tiết</strong>&nbsp;<a href=\"https://www.tncstore.vn/pc-gaming-sentinal-i5090.html\" target=\"_blank\" rel=\"noopener\"><strong>PC Gaming Sentinal i5090</strong></a></h2>\n<p>Được trang bị card đồ họa RTX 5090 mạnh mẽ v&agrave; cấu h&igrave;nh tối ưu, bộ PC Gaming Sentinal i5090 mang lại hiệu suất vượt trội, đ&aacute;p ứng mượt m&agrave; c&aacute;c tựa game nặng v&agrave; hỗ trợ livestream, s&aacute;ng tạo nội dung. Đ&acirc;y l&agrave; lựa chọn đ&aacute;ng gi&aacute; cho những ai t&igrave;m kiếm <a href=\"https://www.tncstore.vn/gaming-pc.html\" target=\"_blank\" rel=\"noopener\"><strong>PC Gaming</strong></a> ho&agrave;n hảo trong hiệu năng v&agrave; thiết kế.</p>\n<p>&nbsp;</p>\n<p style=\"text-align: center;\"><iframe src=\"https://www.youtube.com/embed/pIMHzs4nR4U\" width=\"700\" height=\"400\"></iframe></p>\n<h3><strong>CPU AMD Ryzen 9 9900X - PC Gaming Sentinal i5090</strong></h3>\n<p><a href=\"https://www.tncstore.vn/cpu-amd-ryzen-9-9900x.html\" target=\"_blank\" rel=\"noopener\"><strong>CPU AMD Ryzen 9 9900X</strong></a>&nbsp;được x&acirc;y dựng tr&ecirc;n kiến tr&uacute;c Zen 5 mới nhất của AMD, mang đến hiệu năng vượt trội so với thế hệ trước. Kiến tr&uacute;c n&agrave;y tối ưu h&oacute;a khả năng xử l&yacute; đa luồng, gi&uacute;p xử l&yacute; nhiều t&aacute;c vụ c&ugrave;ng l&uacute;c một c&aacute;ch mượt m&agrave;. Hiệu suất mạnh mẽ của CPU AMD gi&uacute;p PC Gaming Sentinal i5090 dễ d&agrave;ng xử l&yacute; c&aacute;c t&aacute;c vụ nặng như chỉnh sửa video 4K, dựng h&igrave;nh 3D, ph&aacute;t triển game v&agrave; chạy c&aacute;c ứng dụng đ&ograve;i hỏi sức mạnh xử l&yacute; cao.</p>\n<p>&nbsp;</p>\n<p><img src=\"https://www.tncstore.vn/media/lib/13-03-2025/tnc-store-pc-gaming-sentinal-i50904.png\" alt=\"TNC Store PC Gaming - Sentinal i5090\" width=\"700\" height=\"700\"></p>\n<h3><strong>Bo mạch chủ Gigabyte X870 AORUS ELITE WIFI 7&nbsp;</strong></h3>\n<p><a href=\"https://www.tncstore.vn/bo-mach-chu-gigabyte-x870-aorus-elite-wifi-7.html\" target=\"_blank\" rel=\"noopener\"><strong>Main Gigabyte X870 AORUS ELITE</strong></a>&nbsp;l&agrave; sản phẩm sở hữu hiệu suất chất lượng, hỗ trợ socket AM5 mới nhất tương th&iacute;ch với c&aacute;c bộ vi xử l&yacute;, đảm bảo cung cấp nguồn điện ổn định v&agrave; sạch cho CPU, gi&uacute;p tối ưu h&oacute;a hiệu năng v&agrave; &eacute;p xung.</p>\n<p>&nbsp;</p>\n<p><img src=\"https://www.tncstore.vn/media/lib/13-03-2025/tnc-store-pc-gaming-sentinal-i50905.png\" alt=\"TNC Store PC Gaming Sentinal i5090\" width=\"700\" height=\"700\"></p>\n<h3><strong>RAM G.Skill Trident Z5 RGB 64GB DDR5 6000MHz Black</strong></h3>\n<p><a href=\"https://www.tncstore.vn/ram-gskill-trident-z5-rgb-64gb-ddr5-6000mhz-black-f5-6000j3636f32gx2-tz5rk.html\" target=\"_blank\" rel=\"noopener\"><strong>RAM G.Skill Trident Z5 RGB 64GB </strong></a>mang đến hiệu suất vượt trội v&agrave; độ ổn cao. Sản phẩm dễ d&agrave;ng xử l&yacute; t&aacute;c vụ nặng như chơi game, chỉnh sửa video, v&agrave; thiết kế đồ họa ổn định vượt trội, gi&uacute;p PC hoạt động mượt m&agrave; v&agrave; hiệu quả hơn.&nbsp;</p>\n<p>&nbsp;</p>\n<p><img src=\"https://www.tncstore.vn/media/lib/13-03-2025/tnc-store-pc-gaming-sentinal-i50903.png\" alt=\"TNC Store PC Gaming Sentinal i5090\" width=\"700\" height=\"700\"></p>\n<h3><strong>Ổ cứng SSD Samsung 990 EVO Plus 2TB</strong></h3>\n<p><a href=\"https://www.tncstore.vn/o-cung-ssd-samsung-990-evo-plus-2tb.html\" target=\"_blank\" rel=\"noopener\"><strong>Ổ cứng SSD Samsung 990 EVO Plus 2TB</strong></a> sở hữu tốc độ đọc ghi ấn tượng, l&ecirc;n đến 7.250MB/s cho đọc v&agrave; 6.300MB/s cho ghi. Điều n&agrave;y đảm bảo thời gian tải ứng dụng v&agrave; truyền dữ liệu nhanh ch&oacute;ng, gi&uacute;p tăng cường đ&aacute;ng kể hiệu suất l&agrave;m việc của hệ thống.</p>\n<p>&nbsp;</p>\n<p><img src=\"https://www.tncstore.vn/media/lib/13-03-2025/tnc-store-pc-gaming-sentinal-i50906.png\" alt=\"TNC Store PC Gaming Sentinal i5090\" width=\"700\" height=\"700\"></p>\n<h3><strong>Card m&agrave;n h&igrave;nh Gigabyte GeForce RTX 5090 WINDFORCE OC 32G</strong></h3>\n<p>Với GPU GeForce RTX 5090, <a href=\"https://www.tncstore.vn/card-man-hinh-gigabyte-geforce-rtx-5090-windforce-oc-32g.html\" target=\"_blank\" rel=\"noopener\"><strong>card m&agrave;n h&igrave;nh Gigabyte RTX 5090 WINDFORCE OC</strong></a>&nbsp;n&acirc;ng tầm trải nghiệm của người d&ugrave;ng. Được thiết kế dựa tr&ecirc;n kiến tr&uacute;c hiện đại nhất của NVIDIA, sản phẩm n&agrave;y kh&ocirc;ng chỉ mang lại hiệu suất vượt trội m&agrave; c&ograve;n hỗ trợ tối ưu c&aacute;c c&ocirc;ng nghệ ti&ecirc;n tiến như Ray Tracing v&agrave; DLSS.</p>\n<p>&nbsp;</p>\n<p>Card m&agrave;n h&igrave;nh Gigabyte RTX 5090 WINDFORCE OC sở hữu dung lượng bộ nhớ đồ họa l&ecirc;n đến 32GB GDDR7, mang lại khả năng xử l&yacute; mượt m&agrave; c&aacute;c tựa game AAA mới nhất cũng như c&aacute;c dự &aacute;n đồ họa lớn. Dung lượng n&agrave;y kh&ocirc;ng chỉ gi&uacute;p giảm tải cho hệ thống m&agrave; c&ograve;n tăng tốc độ xử l&yacute;, cho ph&eacute;p người d&ugrave;ng l&agrave;m việc với c&aacute;c file đồ họa c&oacute; độ ph&acirc;n giải cao m&agrave; kh&ocirc;ng gặp phải t&igrave;nh trạng giật lag.</p>\n<p>&nbsp;</p>\n<p><img src=\"https://www.tncstore.vn/media/lib/13-03-2025/tnc-store-pc-gaming-sentinal-i50907.png\" alt=\"TNC Store PC Gaming Sentinal i5090\" width=\"700\" height=\"700\"></p>\n<h3><strong>Nguồn Gigabyte Aorus Elite P1000W 80 Plus Platinum Modular</strong></h3>\n<p><a href=\"https://www.tncstore.vn/nguon-gigabyte-aorus-elite-p1000w-gp-ae1000pm-pg5.html\" target=\"_blank\" rel=\"noopener\"><strong>Gigabyte Aorus Elite P1000W</strong></a> l&agrave; bộ nguồn cao cấp d&agrave;nh cho PC khi mang tới hiệu năng ổn định. Với c&ocirc;ng suất 1000W c&ugrave;ng chứng nhận 80 Plus Platinum, bộ nguồn n&agrave;y đảm bảo hiệu suất hoạt động l&ecirc;n đến 92%, gi&uacute;p tiết kiệm điện năng v&agrave; giảm nhiệt lượng tỏa ra.</p>\n<p>&nbsp;</p>\n<p><img src=\"https://www.tncstore.vn/media/lib/13-03-2025/tnc-store-pc-gaming-sentinal-i50901.png\" alt=\"TNC Store PC Gaming Sentinal i5090\" width=\"700\" height=\"700\"></p>\n<h3><strong>Vỏ case Lian Li O11D EVO RGB Black Mid Tower</strong></h3>\n<p>Vỏ case Lian Li O11D EVO RGB mang đến thiết kế hiện đại, kh&ocirc;ng gian rộng r&atilde;i v&agrave; khả năng t&ugrave;y biến linh hoạt. Với mặt k&iacute;nh cường lực, hệ thống RGB t&iacute;ch hợp đ&acirc;y l&agrave; lựa chọn ho&agrave;n hảo cho c&aacute;c d&agrave;n PC gaming Sentinal i5090.</p>\n<p>&nbsp;</p>\n<p><img src=\"https://www.tncstore.vn/media/lib/13-03-2025/tnc-store-pc-gaming-sentinal-i50902.png\" alt=\"\"></p>\n<h2><strong>Tổng Kết&nbsp;</strong></h2>\n<p>Với hiệu năng mạnh mẽ, thiết kế hiện đại v&agrave; độ bền vượt trội,&nbsp;<a href=\"https://www.tncstore.vn/pc-gaming-sentinal-i5090.html\" target=\"_blank\" rel=\"noopener\"><strong>PC Gaming Sentinal i5090</strong></a> chắc chắn l&agrave; lựa chọn đ&aacute;ng đầu tư để trải nghiệm thế giới game một c&aacute;ch trọn vẹn nhất.</p>'),
(5, 'Laptop Dell Vostro 3520 Core i3-1215U/ 512GB SSD/ 8GB RAM/ 15.6 Inch FHD/ Carbon Black/ NK', 40000000.00, 37990000.00, 'https://www.tncstore.vn/media/product/250-10665-laptop-dell-vostro-3520-core-i3-1215u--4-.jpg', 17, 10, 7, 2, 2, '2025-02-12 17:56:05', '2025-04-12 08:58:49', 'Best Seller', 32, '<h4>\n                                    <strong>Đánh Giá Chi Tiết </strong><a href=\"#\" target=\"_blank\"><strong>PC Core Ultra\n                                            5 Nova 4060 Ti</strong></a>\n                                </h4>\n\n                                <p>\n                                    <span>TNC Store giới thiệu đến anh em một siêu phẩm cấu hình\n                                        <span style=\"color: #ff9900\"><strong><a style=\"color: #ff9900\" href=\"#\"\n                                                    target=\"_blank\">PC</a></strong></span>\n                                        AI Core Ultra 5 Nova 4060 Ti với ngoại hình hoàn hảo cùng hiệu năng\n                                        siêu khủng cân mọi tựa game cùng thiết kế vô cùng bắt mắt với nhiều ưu\n                                        đãi cực lớn.</span>\n                                </p>\n\n                                <p>\n                                    <iframe style=\"display: block; margin-left: auto; margin-right: auto\"\n                                        src=\"//www.youtube.com/embed/oExbAgqPgSg\" width=\"750\" height=\"400\"></iframe>\n                                </p>\n\n                                <h4>\n                                    <a href=\"#\" target=\"_blank\"><strong>CPU Intel Core Ultra 5 245K Up to\n                                            5.2 GHz/ 14 Nhân 14 Luồng/\n                                            Arrow Lake-S</strong></a>\n                                </h4>\n\n                                <p class=\"text-center\">\n                                    <img src=\"https://www.tncstore.vn/media/lib/26-10-2024/tnc-store-pc-core-ultra-5-nova-4060-ti6.jpg\"\n                                        alt=\"TNC Store PC Core Ultra 5 Nova 4060 Ti\" width=\"500\" height=\"500\" />\n                                </p>\n\n                                <p>\n                                    <span>CPU Intel Core Ultra 5 245K là bộ vi xử lý mạnh mẽ thuộc dòng Intel\n                                        Core Ultra thế hệ thứ 2, được thiết kế để mang đến hiệu năng vượt\n                                        trội cho các tác vụ hàng ngày, từ làm việc văn phòng, học tập đến\n                                        giải trí đa phương tiện. Với 14 nhân, 14 luồng, xung nhịp tối đa lên\n                                        đến 5.2GHz và bộ nhớ đệm 24MB, </span><a href=\"#\"\n                                        target=\"_blank\"><strong><span>CPU\n                                                Intel</span></strong></a><span>\n                                        Core Ultra 5 245K sẽ đáp ứng mọi nhu cầu của bạn một cách mượt mà và\n                                        hiệu quả.</span>\n                                </p>\n                                <h4>\n                                    <span><a href=\"#\" target=\"_blank\"><strong><span>Bo Mạch Chủ MSI Z890 GAMING PLUS\n                                                    WIFI</span></strong></a></span>\n                                </h4>\n\n                                <p class=\"text-center\">\n                                    <img src=\"https://www.tncstore.vn/media/lib/26-10-2024/tnc-store-pc-core-ultra-5-nova-4060-ti7.jpg\"\n                                        alt=\"TNC Store PC Core Ultra 5 Nova 4060 Ti\" width=\"500\" height=\"560\" />\n                                </p>\n\n                                <p>\n                                    <span><a href=\"#\" target=\"_blank\"><strong><span>Mainboard\n                                                    MSI</span></strong></a><span>\n                                            Z890 GAMING PLUS được trang bị những công nghệ tiên tiến, bao gồm bộ\n                                            nhớ DDR5 với tốc độ bus lên đến 7600+(OC) MHz, mang đến băng thông\n                                            cực lớn, giúp hệ thống hoạt động mượt mà với các tựa game AAA đòi\n                                            hỏi cấu hình cao. Khe cắm PCIe 5.0 x16 kết hợp với công nghệ MSI\n                                            Steel Armor tăng cường độ bền và ổn định cho card đồ họa, mang đến\n                                            hiệu năng đồ họa đỉnh cao.</span></span>\n                                </p>\n                                <h4>\n                                    <span><a href=\"#\" target=\"_blank\"><strong><span>RAM G SKILL Trident Z5 RGB Black -\n                                                    32GB(16GBx2) DDR5 5600Mhz\n                                                    F5-5600J4040C16GX2-TZ5RK</span></strong></a></span>\n                                </h4>\n\n                                <p>\n                                    <span>Ram PC Trident Z5 RGB DDR5 là dòng sản phẩm linh kiện máy tính hàng\n                                        đầu mới nhất của G.SKILL được thiết kế cho hiệu suất cực cao trên nền\n                                        DDR5. Với thiết kế tản nhiệt bằng nhôm mang đến vẻ đẹp nổi bật cho bộ\n                                        máy của bạn, Trident Z5 RGB DDR5 là sự lựa chọn lý tưởng cho game thủ,\n                                        người sáng tạo nội dung và những người đam mê xây dựng hệ thống hiệu\n                                        suất cao.</span>\n                                </p>\n\n                                <p class=\"text-center\">\n                                    <img src=\"https://www.tncstore.vn/media/lib/26-10-2024/tnc-store-pc-core-ultra-5-nova-4060-ti3.jpg\"\n                                        alt=\"TNC Store PC Core Ultra 5 Nova 4060 Ti\" width=\"500\" height=\"500\" />\n                                </p>\n\n                                <p>\n                                    <span><span>Bộ nhớ </span><a href=\"https://www.tncstore.vn/ram.html\"\n                                            target=\"_blank\"><strong><span>Ram</span></strong></a><span>\n                                            PC G SKILL Trident Z5 RGB mang đến tốc độ truyền dữ liệu vượt trội\n                                            hơn so với thế hệ trước của bộ nhớ DDR4. Được thiết kế theo tiêu\n                                            chuẩn chất lượng và hiệu suất cao nhất, mỗi mô-đun bộ nhớ Trident Z5\n                                            RGB được tạo ra từ các IC DDR5 chất lượng cao, được sàng lọc thủ\n                                            công để đạt được hiệu suất bộ nhớ cực cao trên nền tảng DDR5 thế hệ\n                                            tiếp theo.</span></span>\n                                </p>\n                                <h4>\n                                    <span><a href=\"https://www.tncstore.vn/o-cung-ssd-kingston-snv3s-500g.html\"\n                                            target=\"_blank\"><strong><span>Ổ cứng SSD Kingston SNV3S/500G 500GB NVMe M.2\n                                                    2280 PCIe Gen\n                                                    4x4</span></strong></a></span>\n                                </h4>\n\n                                <p>\n                                    <span>Được đánh giá là một giải pháp lưu trữ thế hệ tiếp theo đỉnh cao đến\n                                        từ thương hiệu Kingston chuyên về ổ cứng, SSD Kingston SNV3S/500G truy\n                                        xuất và lưu trữ dữ liệu nhanh chóng.&nbsp;</span>\n                                </p>\n\n                                <p class=\"text-center\">\n                                    <img src=\"https://www.tncstore.vn/media/lib/26-10-2024/tnc-store-pc-core-ultra-5-nova-4060-ti5.jpg\"\n                                        alt=\"TNC Store PC Core Ultra 5 Nova 4060 Ti\" width=\"500\" height=\"500\" />\n                                </p>\n\n                                <p>\n                                    <span>Ổ cứng SSD Kingston hoạt động dựa trên sức mạnh của bộ điều khiển\n                                        NVMe Gen 4x4 và đem lại tốc độ đọc/ghi nhanh chóng đến 3.500/2.800\n                                        Mb/giây.</span>\n                                </p>\n                                <h4>\n                                    <span><a href=\"https://www.tncstore.vn/card-man-hinh-asus-proart-geforce-rtx-4060-ti-oc-edition-16gb-ddr6.html\"\n                                            target=\"_blank\"><strong><span>Card Màn Hình ASUS ProArt GeForce RTX 4060 Ti\n                                                    OC Edition 16GB\n                                                    GDDR6 (PROART-RTX4060TI-O16G)</span></strong></a></span>\n                                </h4>\n\n                                <p>\n                                    <span>ASUS ProArt GeForce RTX 4060 Ti OC Edition 16GB GDDR6 mở ra một kỷ\n                                        nguyên mới của card đồ họa RTX 4060Ti. Hoạt động mạnh mẽ với hai quạt\n                                        công nghệ hướng trục, khe cắm 2.5 mở rộng khả năng tương thích. Hứa\n                                        hẹn sẽ là một trong những chiếc card màn hình làm mưa làm gió trên thị\n                                        trường.</span>\n                                </p>\n\n                                <p class=\"text-center\">\n                                    <img src=\"https://www.tncstore.vn/media/lib/26-10-2024/tnc-store-pc-core-ultra-5-nova-4060-ti2.jpg\"\n                                        alt=\"TNC Store PC Core Ultra 5 Nova 4060 Ti\" width=\"500\" height=\"500\" />\n                                </p>\n\n                                <p>\n                                    <span>Công nghệ 0dB thông minh giúp ASUS ProArt GeForce RTX 4060 Ti hoạt\n                                        động linh hoạt hơn. Khi GPU hoạt động ở nhiệt độ dưới 55 độ quạt sẽ tự\n                                        động tạm dừng. Loại bỏ tiếng ồn khi dàn PC tải nhẹ.</span>\n                                </p>\n                                <h4>\n                                    <span><a href=\"https://www.tncstore.vn/nguon-may-tinh-corsair-cx750-750w.html\"\n                                            target=\"_blank\"><strong><span>Nguồn Corsair CX750 750W 80 Plus Bronze\n                                                    (CP-9020279-NA)</span></strong></a></span>\n                                </h4>\n\n                                <p>\n                                    <span>Nguồn Corsair CX750 có khả năng chuyển đổi nguồn đầu vào AC linh hoạt\n                                        từ 100V đến 240V và dòng điện vào biến động từ 10A đến 5A. Điều này\n                                        đảm bảo sự linh hoạt cao, phù hợp để sử dụng ổn định ở nhiều khu vực\n                                        khác nhau.</span>\n                                </p>\n\n                                <p class=\"text-center\">\n                                    <img src=\"https://www.tncstore.vn/media/lib/26-10-2024/tnc-store-pc-core-ultra-5-nova-4060-ti1.jpg\"\n                                        alt=\"TNC Store PC Core Ultra 5 Nova 4060 Ti\" width=\"500\" height=\"500\" />\n                                </p>\n\n                                <p>\n                                    <span>Nguồn Corsair có công suất hoạt động mạnh mẽ lên tới 750W, cung cấp\n                                        đầy đủ năng lương cho mọi nhu cầu, từ công việc hàng ngày đến trải\n                                        nghiệm gaming. Thêm vào đó, Corsair CX750 còn sở hữu chứng nhận 80\n                                        PLUS Bronze đảm bảo hiệu suất chuyển đổi cao và tiết kiệm năng\n                                        lượng.</span>\n                                </p>\n                                <h4>\n                                    <span><a href=\"https://www.tncstore.vn/vo-case-mik-barbatos-black.html\"\n                                            target=\"_blank\"><strong><span>Vỏ Case MIK Barbatos\n                                                    Black</span></strong></a></span>\n                                </h4>\n\n                                <p>\n                                    <span>Vỏ case MIK Barbatos gây ấn tượng mạnh mẽ ngay từ cái nhìn đầu tiên\n                                        với mặt kính cường lực trong suốt, khoe trọn vẻ đẹp của các linh kiện\n                                        bên trong. Khung vỏ chắc chắn, được hoàn thiện tỉ mỉ đến từng chi\n                                        tiết, tạo nên một tổng thể hài hòa và tinh tế.</span>\n                                </p>\n\n                                <p class=\"text-center\">\n                                    <img src=\"https://www.tncstore.vn/media/lib/26-10-2024/tnc-store-pc-core-ultra-5-nova-4060-ti4.jpg\"\n                                        alt=\"TNC Store PC Core Ultra 5 Nova 4060 Ti\" width=\"500\" height=\"500\" />\n                                </p>\n\n                                <p>\n                                    <span>Được trang bị hệ thống tản nhiệt thông minh, với nhiều vị trí lắp đặt\n                                        quạt, giúp tối ưu luồng không khí và đảm bảo nhiệt độ luôn ổn định.\n                                        Sản phẩm này của MIK không chỉ giúp tăng tuổi thọ của các linh kiện mà\n                                        còn đảm bảo hiệu năng hoạt động của toàn bộ hệ thống.</span>\n                                </p>\n                                <h4>\n                                    <span><strong><span>Tổng kết</span></strong></span>\n                                </h4>\n\n                                <p>\n                                    <span><span>Với sự mạnh mẽ về hiệu năng cũng như sự tinh tế về thiết kế của\n                                            từng linh kiện, </span><strong><span>PC Core Ultra 5 Nova 4060 Ti\n                                            </span></strong><span>xứng đáng là bộ </span><strong><span>PC\n                                            </span></strong><a href=\"https://www.tncstore.vn/core-ultra.html\"\n                                            target=\"_blank\"><strong><span>Core Ultra</span></strong></a><span>\n                                            quốc dân được săn đón nhiều nhất trong thời gian tới đây.</span></span>\n                                </p>\n\n                                <p>\n                                    <span><span>Hi vọng qua bài viết này, </span><a href=\"https://www.tncstore.vn/\"\n                                            target=\"_blank\"><strong><span>TNC Store</span></strong></a><span>\n                                            giúp anh em có thể lựa chọn cho mình bộ PC ưng ý nhất ! Ngoài ra,\n                                            TNC Store còn </span><a href=\"https://www.tncstore.vn/buildpc\"\n                                            target=\"_blank\"><strong><span>xây dựng cấu hình PC</span></strong></a><span>\n                                            phù hợp với nhu cầu sử dụng của khách hàng.</span></span>\n                                </p>'),
(6, 'Laptop Dell Vostro 3530 Core i3-1305U/ 512GB SSD/ 8GB RAM/ 15.6 Inch FHD/ Màu Đen/ Nhập Khẩu', 3500000.00, 3290000.00, 'https://www.tncstore.vn/media/product/250-11593-laptop-dell-vostro-3530-core-i3-1305u-nk.jpg', 11, 29, 7, 3, 3, '2025-02-12 17:56:05', '2025-06-21 09:38:00', 'Best Seller', 44, NULL),
(7, 'Laptop Asus TUF Gaming F15 FX507ZC4-HN229W i5 12500H/ 16GB/ 1TB/ 4GB RTX3050/ 144Hz/ Win11', 1800000.00, 1590000.00, 'https://www.tncstore.vn/media/product/250-11182-laptop-asus-tuf-gaming-f15-fx507zc4-hn229w.jpg', 15, 50, 7, 4, 4, '2025-02-12 17:56:05', '2025-04-12 08:58:58', 'Best Seller', 234, NULL),
(8, 'Laptop Dell Vostro 3530 Core i5-1334U/ 512GB SSD/ 8GB RAM/ 15.6 Inch FHD/ Màu Đen/ Nhập Khẩu', 55000000.00, 52990000.00, 'https://www.tncstore.vn/media/product/250-11594-laptop-dell-vostro-3530-core-i5-1334u-16gb-ram-nk.jpg', 25, 8, 7, 8, 8, '2025-02-12 17:56:05', '2025-05-15 16:59:26', 'Best Choice', 10, NULL);
INSERT INTO `products` (`productId`, `name`, `priceOld`, `priceNew`, `imageUrl`, `sale`, `stockQuantity`, `categoryId`, `supplierId`, `brandId`, `createdAt`, `updatedAt`, `highlightType`, `reviewCount`, `descHTML`) VALUES
(9, 'PC Đồ Hoạ Render 3D Ryzen 9 9900X/ 64GB/ RTX 5090', 151990000.00, 139830800.00, 'https://www.tncstore.vn/media/product/250-12075-pc-do-hoa-render-3d-ryzen-9-9900x-rtx-5090--2-.jpg', 8, 150, 8, 1, 1, '2025-02-12 17:56:05', '2025-03-29 06:53:49', 'Best Choice', 435, '<h2><strong>Đ&aacute;nh Gi&aacute; Chi Tiết</strong>&nbsp;<a href=\"https://www.tncstore.vn/pc-do-hoa-render-3d-ryzen-9-9900x-rtx-5090.html\" target=\"_blank\" rel=\"noopener\">PC Đồ Hoạ Render 3D Ryzen 9 9900X/ 64GB/ RTX 5090</a></h2>\n<p>Được trang bị card đồ họa RTX 5090 mạnh mẽ v&agrave; cấu h&igrave;nh tối ưu, bộ PC Gaming Sentinal i5090 mang lại hiệu suất vượt trội, đ&aacute;p ứng mượt m&agrave; c&aacute;c tựa game nặng v&agrave; hỗ trợ livestream, s&aacute;ng tạo nội dung. Đ&acirc;y l&agrave; lựa chọn đ&aacute;ng gi&aacute; cho những ai t&igrave;m kiếm <strong><a href=\"https://www.tncstore.vn/pc-do-hoa.html\" target=\"_blank\" rel=\"noopener\">PC Đồ Hoạ</a></strong> ho&agrave;n hảo trong hiệu năng v&agrave; thiết kế.</p>\n<p>&nbsp;</p>\n<p><iframe src=\"https://www.youtube.com/embed/pIMHzs4nR4U\" width=\"700\" height=\"400\"></iframe></p>\n<h3><strong>CPU AMD Ryzen 9 9900X - PC Đồ Hoạ Render 3D Ryzen 9 9900X/ 64GB/ RTX 5090</strong></h3>\n<p>&nbsp;</p>\n<p><a href=\"https://www.tncstore.vn/cpu-amd-ryzen-9-9900x.html\" target=\"_blank\" rel=\"noopener\"><strong>CPU AMD Ryzen 9 9900X</strong></a>&nbsp;được x&acirc;y dựng tr&ecirc;n kiến tr&uacute;c Zen 5 mới nhất của AMD, mang đến hiệu năng vượt trội so với thế hệ trước. Kiến tr&uacute;c n&agrave;y tối ưu h&oacute;a khả năng xử l&yacute; đa luồng, gi&uacute;p xử l&yacute; nhiều t&aacute;c vụ c&ugrave;ng l&uacute;c một c&aacute;ch mượt m&agrave;. Hiệu suất mạnh mẽ của CPU AMD gi&uacute;p PC Gaming Sentinal i5090 dễ d&agrave;ng xử l&yacute; c&aacute;c t&aacute;c vụ nặng như chỉnh sửa video 4K, dựng h&igrave;nh 3D, ph&aacute;t triển game v&agrave; chạy c&aacute;c ứng dụng đ&ograve;i hỏi sức mạnh xử l&yacute; cao.</p>\n<p>&nbsp;</p>\n<p><img src=\"https://www.tncstore.vn/media/lib/13-03-2025/tnc-store-pc-gaming-sentinal-i50904.png\" alt=\"TNC Store PC Đồ Hoạ Render 3D Ryzen 9 9900X/ 64GB/ RTX 5090\" width=\"700\" height=\"700\"></p>\n<h3><strong>Bo mạch chủ Gigabyte X870 AORUS ELITE WIFI 7&nbsp;</strong></h3>\n<p><a href=\"https://www.tncstore.vn/bo-mach-chu-gigabyte-x870-aorus-elite-wifi-7.html\" target=\"_blank\" rel=\"noopener\"><strong>Main Gigabyte X870 AORUS ELITE</strong></a>&nbsp;l&agrave; sản phẩm sở hữu hiệu suất chất lượng, hỗ trợ socket AM5 mới nhất tương th&iacute;ch với c&aacute;c bộ vi xử l&yacute;, đảm bảo cung cấp nguồn điện ổn định v&agrave; sạch cho CPU, gi&uacute;p tối ưu h&oacute;a hiệu năng v&agrave; &eacute;p xung.</p>\n<p>&nbsp;</p>\n<p><img src=\"https://www.tncstore.vn/media/lib/13-03-2025/tnc-store-pc-gaming-sentinal-i50905.png\" alt=\"TNC Store PC Đồ Hoạ Render 3D Ryzen 9 9900X/ 64GB/ RTX 5090\" width=\"700\" height=\"700\"></p>\n<h3><strong>RAM G.Skill Trident Z5 RGB 64GB DDR5 6000MHz Black</strong></h3>\n<p><a href=\"https://www.tncstore.vn/ram-gskill-trident-z5-rgb-64gb-ddr5-6000mhz-black-f5-6000j3636f32gx2-tz5rk.html\" target=\"_blank\" rel=\"noopener\"><strong>RAM G.Skill Trident Z5 RGB 64GB </strong></a>mang đến hiệu suất vượt trội v&agrave; độ ổn cao. Sản phẩm dễ d&agrave;ng xử l&yacute; t&aacute;c vụ nặng như chơi game, chỉnh sửa video, v&agrave; thiết kế đồ họa ổn định vượt trội, gi&uacute;p PC hoạt động mượt m&agrave; v&agrave; hiệu quả hơn.&nbsp;</p>\n<p>&nbsp;</p>\n<p><img src=\"https://www.tncstore.vn/media/lib/13-03-2025/tnc-store-pc-gaming-sentinal-i50903.png\" alt=\"TNC Store PC Đồ Hoạ Render 3D Ryzen 9 9900X/ 64GB/ RTX 5090\" width=\"700\" height=\"700\"></p>\n<h3><strong>Ổ cứng SSD Samsung 990 EVO Plus 2TB</strong></h3>\n<p><a href=\"https://www.tncstore.vn/o-cung-ssd-samsung-990-evo-plus-2tb.html\" target=\"_blank\" rel=\"noopener\"><strong>Ổ cứng SSD Samsung 990 EVO Plus 2TB</strong></a> sở hữu tốc độ đọc ghi ấn tượng, l&ecirc;n đến 7.250MB/s cho đọc v&agrave; 6.300MB/s cho ghi. Điều n&agrave;y đảm bảo thời gian tải ứng dụng v&agrave; truyền dữ liệu nhanh ch&oacute;ng, gi&uacute;p tăng cường đ&aacute;ng kể hiệu suất l&agrave;m việc của hệ thống.</p>\n<p>&nbsp;</p>\n<p><img src=\"https://www.tncstore.vn/media/lib/13-03-2025/tnc-store-pc-gaming-sentinal-i50906.png\" alt=\"TNC Store PC Đồ Hoạ Render 3D Ryzen 9 9900X/ 64GB/ RTX 5090\" width=\"700\" height=\"700\"></p>\n<h3><strong>Card m&agrave;n h&igrave;nh Gigabyte GeForce RTX 5090 WINDFORCE OC 32G</strong></h3>\n<p>Với GPU GeForce RTX 5090, <a href=\"https://www.tncstore.vn/card-man-hinh-gigabyte-geforce-rtx-5090-windforce-oc-32g.html\" target=\"_blank\" rel=\"noopener\"><strong>card m&agrave;n h&igrave;nh Gigabyte RTX 5090 WINDFORCE OC</strong></a>&nbsp;n&acirc;ng tầm trải nghiệm của người d&ugrave;ng. Được thiết kế dựa tr&ecirc;n kiến tr&uacute;c hiện đại nhất của NVIDIA, sản phẩm n&agrave;y kh&ocirc;ng chỉ mang lại hiệu suất vượt trội m&agrave; c&ograve;n hỗ trợ tối ưu c&aacute;c c&ocirc;ng nghệ ti&ecirc;n tiến như Ray Tracing v&agrave; DLSS.</p>\n<p>&nbsp;</p>\n<p>Card m&agrave;n h&igrave;nh Gigabyte RTX 5090 WINDFORCE OC sở hữu dung lượng bộ nhớ đồ họa l&ecirc;n đến 32GB GDDR7, mang lại khả năng xử l&yacute; mượt m&agrave; c&aacute;c tựa game AAA mới nhất cũng như c&aacute;c dự &aacute;n đồ họa lớn. Dung lượng n&agrave;y kh&ocirc;ng chỉ gi&uacute;p giảm tải cho hệ thống m&agrave; c&ograve;n tăng tốc độ xử l&yacute;, cho ph&eacute;p người d&ugrave;ng l&agrave;m việc với c&aacute;c file đồ họa c&oacute; độ ph&acirc;n giải cao m&agrave; kh&ocirc;ng gặp phải t&igrave;nh trạng giật lag.</p>\n<p>&nbsp;</p>\n<p><img src=\"https://www.tncstore.vn/media/lib/13-03-2025/tnc-store-pc-gaming-sentinal-i50907.png\" alt=\"TNC Store PC Đồ Hoạ Render 3D Ryzen 9 9900X/ 64GB/ RTX 5090\" width=\"700\" height=\"700\"></p>\n<h3><strong>Nguồn Gigabyte Aorus Elite P1000W 80 Plus Platinum Modular</strong></h3>\n<p><a href=\"https://www.tncstore.vn/nguon-gigabyte-aorus-elite-p1000w-gp-ae1000pm-pg5.html\" target=\"_blank\" rel=\"noopener\"><strong>Gigabyte Aorus Elite P1000W</strong></a> l&agrave; bộ nguồn cao cấp d&agrave;nh cho PC khi mang tới hiệu năng ổn định. Với c&ocirc;ng suất 1000W c&ugrave;ng chứng nhận 80 Plus Platinum, bộ nguồn n&agrave;y đảm bảo hiệu suất hoạt động l&ecirc;n đến 92%, gi&uacute;p tiết kiệm điện năng v&agrave; giảm nhiệt lượng tỏa ra.</p>\n<p>&nbsp;</p>\n<p><img src=\"https://www.tncstore.vn/media/lib/13-03-2025/tnc-store-pc-gaming-sentinal-i50901.png\" alt=\"TNC Store PC Đồ Hoạ Render 3D Ryzen 9 9900X/ 64GB/ RTX 5090\" width=\"700\" height=\"700\"></p>\n<h3><strong>Vỏ case Lian Li O11D EVO RGB Black Mid Tower</strong></h3>\n<p>Vỏ case Lian Li O11D EVO RGB mang đến thiết kế hiện đại, kh&ocirc;ng gian rộng r&atilde;i v&agrave; khả năng t&ugrave;y biến linh hoạt. Với mặt k&iacute;nh cường lực, hệ thống RGB t&iacute;ch hợp đ&acirc;y l&agrave; lựa chọn ho&agrave;n hảo cho c&aacute;c d&agrave;n PC gaming Sentinal i5090.</p>\n<p>&nbsp;</p>\n<p><img src=\"https://www.tncstore.vn/media/lib/13-03-2025/tnc-store-pc-gaming-sentinal-i50902.png\" alt=\"TNC Store PC Đồ Hoạ Render 3D Ryzen 9 9900X/ 64GB/ RTX 5090\" width=\"600\" height=\"600\"></p>\n<h2><strong>Tổng Kết&nbsp;</strong></h2>\n<p>Với hiệu năng mạnh mẽ, thiết kế hiện đại v&agrave; độ bền vượt trội,&nbsp;<strong><a href=\"https://www.tncstore.vn/pc-do-hoa-render-3d-ryzen-9-9900x-rtx-5090.html\" target=\"_blank\" rel=\"noopener\">TNC Store PC Đồ Hoạ Render 3D Ryzen 9 9900X/ 64GB/ RTX 5090</a></strong> chắc chắn l&agrave; lựa chọn đ&aacute;ng đầu tư để trải nghiệm đồ hoạ một c&aacute;ch trọn vẹn nhất.</p>'),
(10, 'PC Đồ Họa AI - Ryzen 9 9950X/ 64GB/ RTX 5090 Super      ', 199990000.00, 119994000.00, 'https://www.tncstore.vn/media/product/250-11834-pc-do-hoa-ai-ryzen-9-9950x-rtx-5090--1-.jpg', 40, 100, 8, 2, 8, '2025-02-12 17:56:05', '2025-05-02 07:52:55', 'Best Choice', 32, '<h2><strong>Đ&aacute;nh Gi&aacute; Chi Tiết </strong><a href=\"https://www.tncstore.vn/pc-do-hoa-ai-ryzen-9-9950x-rtx-5090.html\" target=\"_blank\" rel=\"noopener\"><strong>PC Đồ Họa AI Ryzen 9 9950X/ 64GB/ RTX 5090</strong></a></h2>\n<p>Bạn đang t&igrave;m kiếm một cấu h&igrave;nh&nbsp;<a href=\"https://www.tncstore.vn/pc-do-hoa.html\" target=\"_blank\" rel=\"noopener\"><strong>PC Đồ Họa </strong></a>mạnh mẽ? PC Đồ Họa AI Ryzen 9 9950X RTX 5090 l&agrave; sự lựa chọn ho&agrave;n hảo cho c&aacute;c nh&agrave; thiết kế đồ họa, kiến tr&uacute;c sư, v&agrave; những ai đam m&ecirc; s&aacute;ng tạo nội dung 3D.&nbsp;&nbsp;</p>\n<p>&nbsp;</p>\n<p style=\"text-align: center;\"><iframe src=\"https://www.youtube.com/embed/Ok18bNREVwA\" width=\"700\" height=\"400\"></iframe></p>\n<h3><strong>CPU AMD Ryzen 9 9950X - PC Đồ Họa AI Ryzen 9</strong></h3>\n<p>Được x&acirc;y dựng tr&ecirc;n kiến tr&uacute;c Zen 5 đột ph&aacute;,<a href=\"https://www.tncstore.vn/cpu-amd-ryzen-9-9950x-tray.html\" target=\"_blank\" rel=\"noopener\"><strong> CPU AMD Ryzen 9 9950X</strong></a> sở hữu 16 nh&acirc;n v&agrave; 32 luồng xử l&yacute;, mang đến khả năng đa nhiệm vượt trội. Kiến tr&uacute;c Zen 5 c&ograve;n được tối ưu h&oacute;a để tăng cường hiệu suất đơn nh&acirc;n v&agrave; đa nh&acirc;n, gi&uacute;p bạn xử l&yacute; mọi t&aacute;c vụ một c&aacute;ch nhanh ch&oacute;ng v&agrave; mượt m&agrave;. Hiệu suất mạnh mẽ n&agrave;y sẽ gi&uacute;p bộ PC n&agrave;y dễ d&agrave;ng xử l&yacute; c&aacute;c t&aacute;c vụ nặng như chỉnh sửa video 4K, dựng h&igrave;nh 3D, ph&aacute;t triển game v&agrave; chạy c&aacute;c ứng dụng đ&ograve;i hỏi sức mạnh xử l&yacute; cao.</p>\n<p>&nbsp;</p>\n<p><img src=\"https://www.tncstore.vn/media/lib/22-03-2025/tnc-store-pc-do-hoa-ai-ryzen-9-9950x-rtx-50903.png\" alt=\"TNC Store PC Đồ Họa AI Ryzen 9 9950X/ 64GB/ RTX 5090\" width=\"700\" height=\"700\"></p>\n<h3><strong>Bo mạch chủ Gigabyte X870E AORUS XTREME AI TOP</strong></h3>\n<p><a href=\"https://www.tncstore.vn/bo-mach-chu-gigabyte-x870e-aorus-xtreme-ai-top.html\" target=\"_blank\" rel=\"noopener\"><strong>Bo mạch chủ Gigabyte X870E Aorus Xtreme AI TOP</strong></a>&nbsp;được thiết kế để tối ưu h&oacute;a hiệu năng của c&aacute;c bộ vi xử l&yacute; AMD Ryzen thế hệ mới nhất. Mainboard n&agrave;y hỗ trợ RAM DDR5 với tốc độ &eacute;p xung l&ecirc;n đến 8800MT/s cải tiến đ&aacute;ng kể hiệu suất bộ nhớ. C&ocirc;ng nghệ AMD EXPO đi k&egrave;m gi&uacute;p tối ưu h&oacute;a khả năng &eacute;p xung, t&ugrave;y chỉnh hiệu năng theo y&ecirc;u cầu.</p>\n<p>&nbsp;</p>\n<p><img src=\"https://www.tncstore.vn/media/lib/22-03-2025/tnc-store-pc-do-hoa-ai-ryzen-9-9950x-rtx-50902.png\" alt=\"TNC Store PC Đồ Họa AI Ryzen 9 9950X/ 64GB/ RTX 5090\" width=\"700\" height=\"700\"></p>\n<h3><strong>RAM Corsair Dominator Titanium RGB 64GB DDR5 Bus 6000MHz</strong></h3>\n<p><a href=\"https://www.tncstore.vn/ram-corsair-dominator-titanium-rgb-64gb-ddr5-bus-6000mhz-cmp64gx5m2b6000c30.html\" target=\"_blank\" rel=\"noopener\"><strong>RAM Corsair Dominator Titanium RGB 64GB</strong></a> l&agrave; sản phẩm cao cấp đến từ thương hiệu Corsair danh tiếng. D&ograve;ng RAM Corsair n&agrave;y l&agrave; sự kết hợp tuyệt vời tối ưu h&oacute;a hiệu suất cao nhất tr&ecirc;n bo mạch chủ Intel v&agrave; AMD DDR5 mới nhất với băng th&ocirc;ng l&ecirc;n đến 6000MHz.</p>\n<p>&nbsp;</p>\n<p><img src=\"https://www.tncstore.vn/media/lib/22-03-2025/tnc-store-pc-do-hoa-ai-ryzen-9-9950x-rtx-50908.png\" alt=\"TNC Store PC Đồ Họa AI Ryzen 9 9950X/ 64GB/ RTX 5090\" width=\"700\" height=\"700\"></p>\n<h3><strong>Ổ cứng SSD Samsung 990 PRO 2TB</strong></h3>\n<p><a href=\"https://www.tncstore.vn/o-cung-ssd-samsung-990-pro-2tb-m2-gen-4.html\" target=\"_blank\" rel=\"noopener\"><strong>Ổ cứng SSD Samsung 990 PRO 2TB</strong></a>&nbsp;được thiết kế với giao diện nhỏ gọn, cho ph&eacute;p dễ d&agrave;ng tương th&iacute;ch với PC Đồ Họa AI. Sản phẩm n&agrave;y th&iacute;ch hợp để x&acirc;y dựng c&aacute;c hệ thống m&aacute;y t&iacute;nh c&oacute; nhu cầu xử l&yacute; dữ liệu cực cao.</p>\n<p>&nbsp;</p>\n<p><img src=\"https://www.tncstore.vn/media/lib/22-03-2025/tnc-store-pc-do-hoa-ai-ryzen-9-9950x-rtx-50906.png\" alt=\"TNC Store PC Đồ Họa AI Ryzen 9 9950X/ 64GB/ RTX 5090\" width=\"700\" height=\"700\"></p>\n<h3><strong>Card m&agrave;n h&igrave;nh Gigabyte AORUS GeForce RTX 5090 MASTER 32G</strong></h3>\n<p><a href=\"https://www.tncstore.vn/card-man-hinh-gigabyte-aorus-geforce-rtx-5090-master-32g.html\" target=\"_blank\" rel=\"noopener\"><strong>VGA Gigabyte AORUS RTX 5090 MASTER</strong></a>&nbsp;được trang bị GPU GeForce RTX 5090, d&ograve;ng GPU ti&ecirc;n tiến nhất hiện nay, mang lại hiệu năng vượt trội cho cả chơi game v&agrave; c&ocirc;ng việc s&aacute;ng tạo nội dung. Hỗ trợ độ ph&acirc;n giải l&ecirc;n đến 8K, card đồ họa n&agrave;y mang lại trải nghiệm h&igrave;nh ảnh sắc n&eacute;t, chi tiết v&agrave; ch&acirc;n thực, ph&ugrave; hợp với những y&ecirc;u cầu cao nhất về đồ họa.</p>\n<p>&nbsp;</p>\n<p><img src=\"https://www.tncstore.vn/media/lib/22-03-2025/tnc-store-pc-do-hoa-ai-ryzen-9-9950x-rtx-50901.png\" alt=\"TNC Store PC Đồ Họa AI Ryzen 9 9950X/ 64GB/ RTX 5090\" width=\"700\" height=\"700\"></p>\n<h3><strong>Nguồn Lian Li Edge Series EG1300 1300W</strong></h3>\n<p>​Nguồn Lian Li Edge Series EG1300 1300W l&agrave; bộ nguồn cao cấp được thiết kế để đ&aacute;p ứng nhu cầu năng lượng cho c&aacute;c hệ thống m&aacute;y t&iacute;nh hiệu suất cao. Với c&ocirc;ng suất 1300W, sản phẩm n&agrave;y đảm bảo cung cấp điện năng ổn định cho c&aacute;c linh kiện quan trọng.</p>\n<p>&nbsp;</p>\n<p><img src=\"https://www.tncstore.vn/media/lib/22-03-2025/tnc-store-pc-do-hoa-ai-ryzen-9-9950x-rtx-50905.png\" alt=\"TNC Store PC Đồ Họa AI Ryzen 9 9950X/ 64GB/ RTX 5090\" width=\"700\" height=\"700\"></p>\n<h3><strong>Vỏ case Lian Li O11D EVO RGB Black Mid Tower&nbsp;</strong></h3>\n<p>Với thiết kế hiện đại, chất liệu cao cấp v&agrave; khả năng t&ugrave;y biến linh hoạt, <a href=\"https://www.tncstore.vn/vo-case-lian-li-o11d-evo-rgb-black.html\" target=\"_blank\" rel=\"noopener\"><strong>Vỏ case Lian Li O11D EVO RGB</strong></a>&nbsp;kh&ocirc;ng chỉ mang lại hiệu suất tản nhiệt tối ưu m&agrave; c&ograve;n tạo điểm nhấn thẩm mỹ cho hệ thống m&aacute;y t&iacute;nh của bạn.</p>\n<p>&nbsp;</p>\n<p><img src=\"https://www.tncstore.vn/media/lib/22-03-2025/tnc-store-pc-do-hoa-ai-ryzen-9-9950x-rtx-50907.png\" alt=\"TNC Store PC Đồ Họa AI Ryzen 9 9950X/ 64GB/ RTX 5090\" width=\"700\" height=\"700\"></p>\n<h3><strong>Tản Nhiệt Nước Lian Li GAII LCD 360 Black SL Infinity</strong></h3>\n<p><a href=\"https://www.tncstore.vn/tan-nhiet-nuoc-lian-li-gaii-lcd-360-black-sl-infinity.html\" target=\"_blank\" rel=\"noopener\"><strong>Tản nhiệt nước Lian Li Galahad II LCD SL Infinity 360</strong></a> l&agrave; giải ph&aacute;p l&agrave;m m&aacute;t cao cấp d&agrave;nh cho c&aacute;c hệ thống m&aacute;y t&iacute;nh hiệu suất cao, kết hợp giữa hiệu suất l&agrave;m m&aacute;t vượt trội v&agrave; thiết kế thẩm mỹ hiện đại.​</p>\n<p>&nbsp;</p>\n<p><img src=\"https://www.tncstore.vn/media/lib/22-03-2025/tnc-store-pc-do-hoa-ai-ryzen-9-9950x-rtx-50904.png\" alt=\"TNC Store PC Đồ Họa AI Ryzen 9 9950X/ 64GB/ RTX 5090\" width=\"700\" height=\"700\"></p>\n<h2><strong>Tổng Kết&nbsp;</strong></h2>\n<p>Với khả năng vượt bậc về xử l&yacute; đồ họa v&agrave; h&igrave;nh ảnh&nbsp;<a href=\"https://www.tncstore.vn/pc-do-hoa-ai-ryzen-9-9950x-rtx-5090.html\" target=\"_blank\" rel=\"noopener\"><strong>PC Đồ Họa AI Ryzen 9 9950X/ 64GB/ RTX 5090</strong></a> xứng đ&aacute;ng l&agrave; lựa chọn ưu &aacute;i của c&aacute;c anh em đang t&igrave;m kiếm PC đồ họa.&nbsp;</p>'),
(11, 'PC Đồ Họa Render 3D - Core i9 14900K/ 64GB/ RTX 4090', 111790000.00, 103964700.00, 'https://www.tncstore.vn/media/product/250-11483-pc-do-hoa-render-3d-core-i9-14900k-rtx-4090--6-.jpg', 7, 305, 8, 3, 3, '2025-02-12 17:56:05', '2025-05-15 17:26:06', 'Best Choice', 44, '<h2><strong>Đ&aacute;nh Gi&aacute; Chi Tiết </strong><a href=\"https://www.tncstore.vn/pc-do-hoa-render-3d-core-i9-14900k-rtx-4090.html\" target=\"_blank\" rel=\"noopener\"><strong>PC Đồ Họa Render 3D Core i9 14900K/ 64GB/ RTX 4090</strong></a></h2>\n<p>Bạn đang t&igrave;m kiếm một cấu h&igrave;nh&nbsp;<a href=\"https://www.tncstore.vn/pc-do-hoa.html\" target=\"_blank\" rel=\"noopener\"><strong>PC Đồ Họa </strong></a>mạnh mẽ, hiện đại phục vụ cho nhu cầu thiết kế đồ họa? Với mức gi&aacute; hơn 100 Triệu PC Đồ Họa Render 3D Core i9 liệu c&oacute; xứng đ&aacute;ng để đầu tư? H&atilde;y c&ugrave;ng TNC Store t&igrave;m hiểu chi tiết về sản phẩm tại b&agrave;i viết dưới đ&acirc;y nh&eacute;!</p>\n<p>&nbsp;</p>\n<p style=\"text-align: center;\"><iframe src=\"https://www.youtube.com/embed/KvZ0BNDPXEQ\" width=\"700\" height=\"400\"></iframe></p>\n<p>&nbsp;</p>\n<h3><strong>CPU Intel Core i9 14900K - PC Đồ Họa Render 3D Core i9</strong></h3>\n<p><a href=\"https://www.tncstore.vn/cpu-intel-core-i9-14900k-nk.html\" target=\"_blank\" rel=\"noopener\"><strong>CPU Intel Core i9 14900K</strong></a>&nbsp;mang đến sự kết hợp giữa sức mạnh vượt trội v&agrave; hiệu quả cao l&ecirc;n tới 24 nh&acirc;n v&agrave; 32 luồng. Đ&acirc;y l&agrave; lựa chọn l&yacute; tưởng cho bộ PC Render 3D Core i9 nhờ khả năng xử l&yacute; tốt cả trong c&aacute;c t&aacute;c vụ gaming lẫn c&ocirc;ng việc đồ họa hay xử l&yacute; video.</p>\n<p>&nbsp;</p>\n<p><img src=\"https://www.tncstore.vn/media/lib/16-11-2024/tnc-store-pc-do-hoa-render-3d-core-i9-rtx-40905.png\" alt=\"TNC Store PC Đồ Họa Render 3D - Core i9 RTX 4090\" width=\"700\" height=\"700\"></p>\n<h3><strong>Bo mạch chủ Asus Rog Strix Z790 A</strong></h3>\n<p><a href=\"https://www.tncstore.vn/bo-mach-chu-asus-rog-strix-z790-a-gaming-wifi-ii-ddr5.html\" target=\"_blank\" rel=\"noopener\"><strong>Main Asus Rog Strix Z790 A</strong></a>&nbsp;sở hữu hiệu năng thế hệ mới c&ugrave;ng những c&ocirc;ng nghệ hiện đại, mang đến sức mạnh v&agrave; tốc độ cần thiết để chơi game đỉnh cao cũng như đ&aacute;p ứng nhu cầu của c&aacute;c ứng dụng PC Render 3D ti&ecirc;n tiến với c&ocirc;ng nghệ AI độc quyền.&nbsp;</p>\n<p>&nbsp;</p>\n<p><img src=\"https://www.tncstore.vn/media/lib/16-11-2024/tnc-store-pc-do-hoa-render-3d-core-i9-rtx-40903.png\" alt=\"TNC Store PC Đồ Họa Render 3D - Core i9 RTX 4090\" width=\"700\" height=\"700\"></p>\n<h3><strong>RAM Corsair Dominator Platinum RGB 64GB 5200Mhz</strong></h3>\n<p><a href=\"https://www.tncstore.vn/ram-corsair-dominator-platinum-rgb-64gb-2x32gb-5200mhz-white-cmt64gx5m2b5200c40w.html\" target=\"_blank\" rel=\"noopener\"><strong>RAM Corsair Dominator Platinum RGB 64GB</strong></a> với dung lượng 64GB v&agrave; tốc độ 5200, điểm nhấn đ&aacute;ng ch&uacute; &yacute; l&agrave; tốc độ cao, gi&uacute;p tối ưu h&oacute;a hiệu suất cho cả việc đa nhiệm v&agrave; chơi game cho hệ thống PC.</p>\n<p>&nbsp;</p>\n<p><img src=\"https://www.tncstore.vn/media/lib/16-11-2024/tnc-store-pc-do-hoa-render-3d-core-i9-rtx-40906.png\" alt=\"TNC Store PC Đồ Họa Render 3D - Core i9 RTX 4090\" width=\"700\" height=\"700\"></p>\n<h3><strong>Ổ cứng SSD Samsung 990 EVO 1TB&nbsp;</strong></h3>\n<p>SSD <a href=\"https://www.tncstore.vn/o-cung-ssd-samsung-990-evo-1tb.html\" target=\"_blank\" rel=\"noopener\"><strong>Samsung 990 EVO</strong></a>&nbsp;mang đến cho người d&ugrave;ng những trải nghiệm tối ưu, đột ph&aacute; nhờ hiệu năng cực kỳ tuyệt vời. Với những c&ocirc;ng nghệ mới nhất gi&uacute;p hỗ trợ tốt hơn cho c&aacute;c tiến tr&igrave;nh games v&agrave; sắp xếp hợp l&yacute; c&aacute;c luồng dữ liệu của c&aacute;c tiến tr&igrave;nh đồ họa.</p>\n<p>&nbsp;</p>\n<p><img src=\"https://www.tncstore.vn/media/lib/16-11-2024/tnc-store-pc-do-hoa-render-3d-core-i9-rtx-40904.png\" alt=\"TNC Store PC Đồ Họa Render 3D - Core i9 RTX 4090\" width=\"700\" height=\"700\"></p>\n<h3><strong>Card m&agrave;n h&igrave;nh Asus ROG Strix RTX 4090 White OC Edition 24GB</strong></h3>\n<p><a href=\"https://www.tncstore.vn/card-man-hinh-asus-rog-strix-rtx-4090-white-oc-edition-24gb-gaming.html\" target=\"_blank\" rel=\"noopener\"><strong>VGA Asus ROG Strix RTX 4090 OC 24GB</strong></a> được trang bị những c&ocirc;ng nghệ xử l&yacute; đồ họa c&ugrave;ng cải tiến từ thế hệ tiền nhiệm, tự tin xử l&yacute; mọi t&aacute;c vụ đồ họa từ trung b&igrave;nh đến cao cấp một c&aacute;ch su&ocirc;n sẻ. Tối ưu l&agrave;m m&aacute;t cho hệ thống PC đồ họa nhờ khả năng tản nhiệt mạnh mẽ.&nbsp;</p>\n<p>&nbsp;</p>\n<p><img src=\"https://www.tncstore.vn/media/lib/16-11-2024/tnc-store-pc-do-hoa-render-3d-core-i9-rtx-40901.png\" alt=\"TNC Store PC Đồ Họa Render 3D - Core i9 RTX 4090\" width=\"700\" height=\"700\"></p>\n<h3><strong>Nguồn Lian Li Edge Series EG1300</strong></h3>\n<p>Nguồn<a href=\"https://www.tncstore.vn/nguon-lian-li-edge-1000w-white.html\" target=\"_blank\" rel=\"noopener\"><strong> Lian Li Edge Series EG1000 1000W</strong></a>&nbsp;c&oacute; khả năng l&agrave;m m&aacute;t tối ưu c&ugrave;ng nguồn điện li&ecirc;n tục, ổn định, đảm bảo an to&agrave;n. Sản phẩm đạt chứng nhận 80 Plus Platinum c&ugrave;ng với tự điện 100% Nhật Bản.</p>\n<p>&nbsp;</p>\n<p><img src=\"https://www.tncstore.vn/media/lib/16-11-2024/tnc-store-pc-do-hoa-render-3d-core-i9-rtx-40902.png\" alt=\"TNC Store PC Đồ Họa Render 3D - Core i9 RTX 4090\" width=\"700\" height=\"700\"></p>\n<h3><strong>Vỏ Case Lian Li O11 Vision</strong></h3>\n<p>Vỏ case&nbsp;<a href=\"https://www.tncstore.vn/vo-case-lian-li-o11-vision-white.html\" target=\"_blank\" rel=\"noopener\"><strong>Lian Li O11 Vision</strong></a>&nbsp;với kiểu thiết kế đơn giản, đẹp mắt, th&ecirc;m v&agrave;o đ&oacute; l&agrave; kh&ocirc;ng gian lưu trữ rộng lớn gi&uacute;p tối ưu lưu lượng gi&oacute;. B&ecirc;n cạnh đ&oacute;, c&oacute; thể d&ugrave;ng với chế độ đ&agrave;o ngược để trải nghiệm kh&ocirc;ng gian b&ecirc;n trong bằng k&iacute;nh cường lực ph&iacute;a trước v&agrave; b&ecirc;n h&ocirc;ng li&ecirc;n mạch ở ph&iacute;a b&ecirc;n phải của case.&nbsp;</p>\n<p>&nbsp;</p>\n<p><img src=\"https://www.tncstore.vn/media/lib/16-11-2024/tnc-store-pc-do-hoa-render-3d-core-i9-rtx-40907.png\" alt=\"TNC Store PC Đồ Họa Render 3D - Core i9 RTX 4090\" width=\"700\" height=\"700\"></p>\n<h2><strong>Tổng Kết&nbsp;</strong></h2>\n<p>Với khả năng vượt bậc về xử l&yacute; đồ họa v&agrave; h&igrave;nh ảnh&nbsp;<a href=\"https://www.tncstore.vn/pc-do-hoa-render-3d-core-i9-14900k-rtx-4090.html\" target=\"_blank\" rel=\"noopener\"><strong>PC Đồ Họa Render 3D Core i9 14900K/ 64GB/ RTX 4090</strong></a> xứng đ&aacute;ng l&agrave; lựa chọn ưu &aacute;i của c&aacute;c anh em đang t&igrave;m kiếm PC đồ họa.&nbsp;</p>'),
(12, 'PC Đồ Họa Render 3D - Ryzen 7 9800X3D/ 32GB/ RTX 4070 Ti Super      ', 1800000.00, 1590000.00, 'https://www.tncstore.vn/media/product/250-11515-pc-do-hoa-render-3d-ryzen-7-9800x3d-rtx-4070-ti-super.jpg', 15, 50, 8, 4, 4, '2025-02-12 17:56:05', '2025-04-12 08:59:05', 'Best Seller', 234, NULL),
(13, 'Màn Hình Gaming MSI MPG 321UPX QD-OLED 32 inch/ UHD QD-OLED/ 240Hz/ 0.03ms/ Type-C', 29990000.00, 28790400.00, 'https://www.tncstore.vn/media/product/250-11098-tnc-store-man-hinh-gaming-msi-mpg-321upx-qd-oled--2-.jpg', 4, 39, 2, 1, 1, '2025-02-12 17:56:05', '2025-05-20 16:49:40', 'Best Choice', 43, '<h2><strong>Đ&aacute;nh Gi&aacute; Chi Tiết</strong>&nbsp;<a href=\"https://www.tncstore.vn/man-hinh-gaming-msi-mpg-321upx-qd-oled.html\"><strong>M&agrave;n H&igrave;nh Gaming MSI MPG 321UPX QD OLED</strong></a></h2>\n<p><a href=\"https://www.tncstore.vn/man-hinh-gaming.html\"><strong>M&agrave;n h&igrave;nh gaming</strong></a>&nbsp;MSI MPG 321UPX với tấm nền QD-OLED thế hệ mới nhất, gi&uacute;p n&acirc;ng cao trải nghiệm của bạn, cung cấp h&igrave;nh ảnh sắc n&eacute;t v&agrave; sinh động hơn.</p>\n<p>&nbsp;</p>\n<p style=\"text-align: center;\"><iframe src=\"https://www.youtube.com/embed/2VSt5iwZaJY\" width=\"700\" height=\"400\"></iframe></p>\n<h3><strong>C&ocirc;ng nghệ đổi mới của m&agrave;n h&igrave;nh MSI MPG 321UPX</strong></h3>\n<p>M&agrave;n h&igrave;nh MSI MPG <a href=\"https://www.tncstore.vn/man-hinh-gaming-msi-mpg-321upx-qd-oled.html\"><strong>321UPX</strong></a> với lớp tự ph&aacute;t m&agrave;u xanh lam kết hợp với lớp chấm lượng tử ti&ecirc;n phong cho khả năng chuyển đổi m&agrave;u sắc tuyệt vời v&agrave; mức độ hiển thị m&agrave;u đen s&acirc;u hơn.</p>\n<p>&nbsp;</p>\n<p>Thời gian phản hồi GtG của sản phẩm l&ecirc;n tới 0,03 ms mang lại cho bạn trải nghiệm chơi game mượt m&agrave; nhất. Tận hưởng trải nghiệm chơi game đẳng cấp cao với tấm nền QD-OLED.</p>\n<p>&nbsp;</p>\n<p><img src=\"https://www.tncstore.vn/media/lib/22-08-2024/tnc-store-man-hinh-gaming-msi-mpg-321upx-qd-oled4.jpg\" alt=\"TNC Store M&agrave;n H&igrave;nh Gaming MSI MPG 321UPX QD-OLED\" width=\"700\" height=\"700\"></p>\n<h3><strong>Tốc độ l&agrave;m mới ấn tượng</strong></h3>\n<p><a href=\"https://www.tncstore.vn/brand/msi\"><strong>M&agrave;n h&igrave;nh MSI</strong></a> được trang bị tấm nền QD OLED tốc độ l&agrave;m mới 240Hz c&oacute; thể đạt tới tốc độ phản hồi nhanh. Điều n&agrave;y c&oacute; lợi nhất trong c&aacute;c thể thao tr&ograve; chơi chuyển động nhanh như bắn s&uacute;ng, chiến đấu, đua xe v&agrave; thể thao. Những loại tr&ograve; chơi n&agrave;y y&ecirc;u cầu chuyển động rất nhanh v&agrave; ch&iacute;nh x&aacute;c.&nbsp;</p>\n<h3><strong>Tấm m&agrave;ng Graphene với tản nhiệt t&ugrave;y biến&nbsp;</strong></h3>\n<p>Tất cả tấm nền QD-OLED của&nbsp;<a href=\"https://www.tncstore.vn/brand/msi\"><strong>MSI</strong></a>&nbsp;đều được trang bị m&agrave;ng Graphene, được biết đến với khả năng dẫn nhiệt đặc biệt để tản nhiệt. M&agrave;n h&igrave;nh MSI 321UPX cũng được trang bị thiết kế tản nhiệt t&ugrave;y biến. Điều n&agrave;y gi&uacute;p k&eacute;o d&agrave;i hơn nữa tuổi thọ của tấm nền.</p>\n<h3><strong>Giao diện th&acirc;n thiện với người d&ugrave;ng</strong></h3>\n<p>MSI MPG QD OLED được thiết kế với c&aacute;ch tiếp cận lấy người d&ugrave;ng l&agrave;m trung t&acirc;m v&agrave; cam kết về c&ocirc;ng th&aacute;i học, dễ d&agrave;ng di chuyển cần điều khiển 5 chiều xuống ch&iacute;nh giữa ph&iacute;a dưới ph&iacute;a sau m&agrave;n h&igrave;nh, mang đến cho người d&ugrave;ng trải nghiệm thoải m&aacute;i v&agrave; tiện dụng hơn.</p>\n<p>&nbsp;</p>\n<p><img src=\"https://www.tncstore.vn/media/lib/22-08-2024/tnc-store-man-hinh-gaming-msi-mpg-321upx-qd-oled3.jpg\" alt=\"TNC Store M&agrave;n H&igrave;nh Gaming MSI MPG 321UPX QD-OLED\" width=\"700\" height=\"700\"></p>\n<h2><strong>Lời kết&nbsp;</strong></h2>\n<p>Tr&ecirc;n đ&acirc;y l&agrave; những t&iacute;nh năng nổi trội của&nbsp;M&agrave;n H&igrave;nh Gaming MSI MPG 321UPX QD OLED. Để kh&aacute;m ph&aacute; th&ecirc;m nhiều sản phẩm <a href=\"https://www.tncstore.vn/monitor.html\"><strong>M&agrave;n h&igrave;nh m&aacute;y t&iacute;nh</strong></a>, h&atilde;y đến ngay Showroom <a href=\"https://www.tncstore.vn/\"><strong>TNC Store</strong></a> để trải nghiệm nh&eacute;!</p>'),
(14, 'Màn Hình Gaming LG UltraGear 32GS95UV-B 32 Inch/ OLED/ 4K/ 240Hz/ 0.03ms', 29990000.00, 28490500.00, 'https://www.tncstore.vn/media/product/250-11626-man-hinh-gaming-lg-ultragear-32gs95uv-b--6-.jpg', 5, 200, 2, 7, 7, '2025-02-12 17:56:05', '2025-08-07 16:45:09', 'Best Choice', 242, '<h2><strong>Đ&aacute;nh Gi&aacute; Chi Tiết </strong><a href=\"https://www.tncstore.vn/man-hinh-gaming-lg-ultragear-32gs95uv-b.html\" target=\"_blank\" rel=\"noopener\"><strong>M&agrave;n H&igrave;nh Gaming LG UltraGear 32GS95UV</strong></a></h2>\n<p>Bứt ph&aacute; mọi giới hạn c&ocirc;ng nghệ với LG UltraGear 32GS95UV, đ&acirc;y l&agrave; sản phẩm <a href=\"https://www.tncstore.vn/man-hinh-gaming.html\" target=\"_blank\" rel=\"noopener\"><strong>m&agrave;n h&igrave;nh gaming </strong></a>sở hữu thiết kế g&oacute;c nh&igrave;n rộng r&atilde;i c&ugrave;ng độ ph&acirc;n giải ấn tượng đưa bạn đến kh&ocirc;ng gian ch&acirc;n thực qua g&oacute;c nh&igrave;n đa dạng.&nbsp;</p>\n<p>&nbsp;</p>\n<p style=\"text-align: center;\"><iframe src=\"https://www.youtube.com/embed/dye7jPW77qc\" width=\"700\" height=\"400\"></iframe></p>\n<h3><strong>G&oacute;c nh&igrave;n mới mẻ&nbsp;với LG UltraGear 32GS95UV</strong></h3>\n<p>M&agrave;n h&igrave;nh LG UltraGear&nbsp;<a href=\"https://www.tncstore.vn/man-hinh-gaming-lg-ultragear-32gs95uv-b.html\" target=\"_blank\" rel=\"noopener\"><strong>32GS95UV </strong></a>sở hữu k&iacute;ch thước l&yacute; tưởng 31.5 inch với độ ph&acirc;n giải 4K sắc n&eacute;t (3840 x 2160), mang đến h&igrave;nh ảnh ch&acirc;n thực v&agrave; sống động. Tấm nền OLED cao cấp kh&ocirc;ng chỉ t&aacute;i tạo m&agrave;u sắc ho&agrave;n hảo m&agrave; c&ograve;n gi&uacute;p tối ưu tỷ lệ tương phản ấn tượng l&ecirc;n đến 1,500,000:1. G&oacute;c nh&igrave;n rộng 178&deg; đảm bảo chất lượng h&igrave;nh ảnh đồng nhất.</p>\n<p>&nbsp;</p>\n<p>Đặc biệt, m&agrave;n h&igrave;nh được t&iacute;ch hợp đ&egrave;n LED RGB Hexagon Lighting, kh&ocirc;ng chỉ l&agrave;m nổi bật kh&ocirc;ng gian chơi game m&agrave; c&ograve;n tạo cảm gi&aacute;c \"đắm ch&igrave;m\" trong thế giới ảo đầy m&agrave;u sắc.</p>\n<p>&nbsp;</p>\n<p><img src=\"https://www.tncstore.vn/media/product/250-11626-man-hinh-gaming-lg-ultragear-32gs95uv-b--6-.jpg\" alt=\"\"></p>\n<h3><strong>Tốc độ vượt trội</strong></h3>\n<p>Tốc độ l&agrave; điểm nổi bật nhất, <a href=\"https://www.tncstore.vn/man-hinh-lg.html\" target=\"_blank\" rel=\"noopener\"><strong>M&agrave;n h&igrave;nh LG</strong></a> n&agrave;y với thời gian phản hồi si&ecirc;u nhanh 0,03ms v&agrave; tần số qu&eacute;t 240Hz, sản phẩm đảm bảo h&igrave;nh ảnh lu&ocirc;n mượt m&agrave; v&agrave; kh&ocirc;ng bị giật lag.&nbsp;</p>\n<h3><strong>C&ocirc;ng nghệ ti&ecirc;n tiến</strong></h3>\n<p>Sản phẩm được trang bị c&aacute;c c&ocirc;ng nghệ hiện đại như AMD FreeSync Premium v&agrave; NVIDIA G-Sync Compatible, gi&uacute;p loại bỏ hiện tượng x&eacute; h&igrave;nh v&agrave; giật khung h&igrave;nh. B&ecirc;n cạnh đ&oacute;, hiệu ứng HDR c&ugrave;ng VESA TrueBlack 400 mang đến độ s&acirc;u m&agrave;u sắc v&agrave; chi tiết h&igrave;nh ảnh vượt trội.</p>\n<p>&nbsp;</p>\n<p><img src=\"https://www.tncstore.vn/media/product/250-11626-man-hinh-gaming-lg-ultragear-32gs95uv-b--4-.jpg\" alt=\"\"></p>\n<h3><strong>Kết nối linh hoạt&nbsp;</strong></h3>\n<p>LG UltraGear 32GS95UV cung cấp đa dạng cổng kết nối như HDMI, DisplayPort, USB Downstream, USB Upstream, v&agrave; đầu ra tai nghe. Điều n&agrave;y gi&uacute;p bạn dễ d&agrave;ng kết nối với nhiều thiết bị kh&aacute;c nhau, từ m&aacute;y chơi game, PC, đến c&aacute;c phụ kiện hỗ trợ. Ngo&agrave;i ra, <a href=\"https://www.tncstore.vn/brand/lg\" target=\"_blank\" rel=\"noopener\"><strong>LG</strong></a> loa t&iacute;ch hợp tr&ecirc;n m&agrave;n h&igrave;nh mang đến &acirc;m thanh sống động.</p>\n<h3><strong>T&iacute;nh năng phụ trợ&nbsp;</strong></h3>\n<p>M&agrave;n h&igrave;nh m&aacute;y t&iacute;nh LG UltraGear đi k&egrave;m c&aacute;c phụ kiện như c&aacute;p nguồn, c&aacute;p HDMI, v&agrave; c&aacute;p DisplayPort, gi&uacute;p bạn dễ d&agrave;ng thiết lập ngay từ lần đầu sử dụng. Ch&acirc;n đế linh hoạt cho ph&eacute;p điều chỉnh độ cao, g&oacute;c nghi&ecirc;ng, ph&ugrave; hợp với mọi phong c&aacute;ch chơi game. T&iacute;nh năng hiệu chỉnh phần cứng HW Calibration Ready hỗ trợ người d&ugrave;ng tinh chỉnh m&agrave;u sắc để đạt độ ch&iacute;nh x&aacute;c tối đa.</p>\n<p>&nbsp;</p>\n<p><img src=\"https://www.tncstore.vn/media/product/250-11626-man-hinh-gaming-lg-ultragear-32gs95uv-b--5-.jpg\" alt=\"\"></p>\n<h2><strong>Lời Kết&nbsp;</strong></h2>\n<p>Tr&ecirc;n đ&acirc;y l&agrave; những t&iacute;nh năng nổi trội của M&agrave;n H&igrave;nh Gaming LG UltraGear 32GS95UV. Để kh&aacute;m ph&aacute; th&ecirc;m nhiều sản phẩm <a href=\"https://www.tncstore.vn/monitor.html\" target=\"_blank\" rel=\"noopener\"><strong>M&agrave;n h&igrave;nh m&aacute;y t&iacute;nh</strong></a>, h&atilde;y đến ngay Showroom <a href=\"https://www.tncstore.vn/\" target=\"_blank\" rel=\"noopener\"><strong>TNC Store</strong></a> để trải nghiệm nh&eacute;!</p>'),
(15, 'Màn hình Samsung Odyssey OLED G9 G95SC LS49CG954SEXXV 49 inch / Cong / OLED / DQHD / 240 Hz / 0.03 ms', 39990000.00, 34791300.00, 'https://www.tncstore.vn/media/product/250-9984-tnc-store-man-hinh-samsung-odyssey-oled-g9-g95sc-ls49cg954sexxv--8-.jpg', 13, 245, 2, 7, 7, '2025-02-12 17:56:05', '2025-05-20 16:57:43', 'Best Choice', 150, '<h2><strong>Đ&aacute;nh Gi&aacute; Chi Tiết </strong><a href=\"https://www.tncstore.vn/man-hinh-cong-samsung-odyssey-oled-g9-g95sc-ls49cg954sexxv-49-inch.html\"><strong>M&agrave;n h&igrave;nh Samsung Odyssey OLED G9 G95SC LS49CG954</strong></a></h2>\n<p>M&agrave;n h&igrave;nh Samsung Odyssey OLED G9 <a href=\"https://www.tncstore.vn/man-hinh-cong-samsung-odyssey-oled-g9-g95sc-ls49cg954sexxv-49-inch.html\"><strong>G95SC</strong></a> với m&agrave;n h&igrave;nh cong c&ocirc;ng nghệ Neo Quantum Processor Pro, AMD FreeSync Premium Pro, chứng chỉ VESA DisplayHDR TrueBlack 400, tần số 240Hz cho trải nghiệm vượt bậc.&nbsp;</p>\n<p>&nbsp;</p>\n<p style=\"text-align: center;\"><iframe src=\"https://www.youtube.com/embed/qwjjZ0fHBV0\" width=\"700\" height=\"400\"></iframe></p>\n<h3><strong>Khung h&igrave;nh si&ecirc;u rộng, h&igrave;nh ảnh đỉnh cao</strong></h3>\n<p>Samsung Odyssey G95SC l&agrave; một chiếc m&agrave;n h&igrave;nh cong cao cấp được trang bị nhiều c&ocirc;ng nghệ hiện đại như Quantum Processor Pro, AMD FreeSync c&ugrave;ng độ ph&acirc;n giải 5.120 x 1.440 pixel sắc n&eacute;t mang đến nhiều trải nghiệm tuyệt hảo.</p>\n<p>&nbsp;</p>\n<p><img src=\"https://www.tncstore.vn/media/lib/04-03-2024/tnc-store-man-hinh-samsung-odyssey-oled-g9-g95sc-ls49cg9544.jpg\" alt=\"TNC Store M&agrave;n h&igrave;nh Samsung Odyssey OLED G9 G95SC LS49CG954\" width=\"700\" height=\"700\"></p>\n<h3><strong>Độ ph&acirc;n giải sắc n&eacute;t</strong></h3>\n<p><a href=\"https://www.tncstore.vn/brand/samsung\"><strong>M&agrave;n h&igrave;nh Samsung</strong></a> G95SC c&oacute; m&agrave;n h&igrave;nh cong với thiết kế Slim Metal sang trọng nhưng vẫn v&ocirc; c&ugrave;ng c&aacute; t&iacute;nh với lớp ho&agrave;n thiện kim loại c&ugrave;ng độ mỏng v&ocirc; c&ugrave;ng ấn tượng.</p>\n<p>&nbsp;</p>\n<p>Nếu l&agrave; người y&ecirc;u th&iacute;ch trải nghiệm tr&ecirc;n m&agrave;n h&igrave;nh rộng, bạn sẽ kh&ocirc;ng hề thất vọng khi thiết bị sở hữu k&iacute;ch thước m&agrave;n h&igrave;nh 49 inch rộng r&atilde;i c&ugrave;ng độ ph&acirc;n giải 5120 x 1440 pixel v&agrave; tấm nền OLED mang đến những khung h&igrave;nh ch&acirc;n thực, m&atilde;n nh&atilde;n.</p>\n<h3><strong>C&ocirc;ng nghệ Quantum c&ugrave;ng khả năng t&aacute;i hiện m&agrave;u ấn tượng</strong></h3>\n<p>Một trong những c&ocirc;ng nghệ g&acirc;y ấn tượng tr&ecirc;n mẫu m&agrave;n h&igrave;nh n&agrave;y đ&oacute; ch&iacute;nh l&agrave; Neo Quantum Processor Pro độc quyền của nh&agrave; Samsung, kết hợp c&ugrave;ng tấm nền OLED gi&uacute;p t&aacute;i hiện h&igrave;nh ảnh đỉnh cao với m&agrave;u sắc trung thực, sống động c&ugrave;ng với độ s&aacute;ng v&agrave; độ tương phản h&uacute;t mắt.</p>\n<p>&nbsp;</p>\n<p>Th&ecirc;m v&agrave;o đ&oacute;, khả năng t&aacute;i hiện m&agrave;u đen G9 G95SC cũng v&ocirc; c&ugrave;ng tuyệt đẹp, đạt chứng chỉ VESA DisplayHDR TrueBlack 400 cho m&agrave;u đen s&acirc;u hơn, khiến cho h&igrave;nh ảnh c&oacute; chiều s&acirc;u v&agrave; l&agrave;m nổi bật những m&agrave;u sắc kh&aacute;c một c&aacute;ch đẹp mắt, sống động.</p>\n<p>&nbsp;</p>\n<p><img src=\"https://www.tncstore.vn/media/lib/04-03-2024/tnc-store-man-hinh-samsung-odyssey-oled-g9-g95sc-ls49cg9541.jpg\" alt=\"TNC Store M&agrave;n h&igrave;nh Samsung Odyssey OLED G9 G95SC LS49CG954\" width=\"700\" height=\"700\"></p>\n<h3><strong>Trải nghiệm h&igrave;nh ảnh si&ecirc;u mướt với tần số qu&eacute;t 240Hz v&agrave; c&ocirc;ng nghệ AMD FreeSync</strong></h3>\n<p>M&agrave;n h&igrave;nh Samsung Odyssey OLED G9 c&ograve;n c&oacute; tần số qu&eacute;t l&ecirc;n đến 240Hz c&ugrave;ng thời gian phản hồi gần như tức th&igrave; 0.03ms v&igrave; vậy bạn sẽ lu&ocirc;n được chi&ecirc;m ngưỡng khung h&igrave;nh mượt m&agrave;, nắm bắt ưu thế trong mọi t&igrave;nh huống, nhạy b&eacute;n đến từng chuyển động.</p>\n<p>&nbsp;</p>\n<p>Ngo&agrave;i ra c&ocirc;ng nghệ AMD FreeSync Premium Pro cũng được t&iacute;ch hợp để gi&uacute;p giảm thiểu t&igrave;nh trạng x&eacute; h&igrave;nh, giật h&igrave;nh trong những khung h&igrave;nh c&oacute; tốc độ cao, những khung cảnh h&agrave;nh động. V&igrave; vậy bạn sẽ được trải nghiệm h&igrave;nh ảnh tối ưu, mượt m&agrave; v&agrave; sắc n&eacute;t ở bất cứ cảnh n&agrave;o.</p>\n<p>&nbsp;</p>\n<p><img src=\"https://www.tncstore.vn/media/lib/04-03-2024/tnc-store-man-hinh-samsung-odyssey-oled-g9-g95sc-ls49cg9543.jpg\" alt=\"TNC Store M&agrave;n h&igrave;nh Samsung Odyssey OLED G9 G95SC LS49CG954\" width=\"700\" height=\"700\"></p>\n<h3><strong>T&iacute;ch hợp loa ngo&agrave;i cho kh&ocirc;ng gian giải tr&iacute; th&ecirc;m sống động</strong></h3>\n<p>Một điểm cộng của m&agrave;n h&igrave;nh Samsung Odyssey OLED G9 G95SC LS49CG954 đ&oacute; ch&iacute;nh l&agrave; được t&iacute;ch hợp loa ngo&agrave;i với chất lượng &acirc;m thanh ấn tượng. Nhờ loa ngo&agrave;i t&iacute;ch hợp, bạn c&oacute; thể sử dụng trực tiếp loa của m&agrave;n h&igrave;nh m&agrave; kh&ocirc;ng cần phải kết nối th&ecirc;m phụ kiện &acirc;m thanh.</p>\n<p>&nbsp;</p>\n<p>Th&ecirc;m v&agrave;o đ&oacute;, v&igrave; kh&ocirc;ng cần kết nối với phụ kiện n&ecirc;n b&agrave;n l&agrave;m việc của bạn sẽ gọn g&agrave;ng cũng như tiết kiệm chi ph&iacute; sắm phụ kiện.</p>\n<p>&nbsp;</p>\n<p><img src=\"https://www.tncstore.vn/media/lib/04-03-2024/tnc-store-man-hinh-samsung-odyssey-oled-g9-g95sc-ls49cg9542.jpg\" alt=\"TNC Store M&agrave;n h&igrave;nh Samsung Odyssey OLED G9 G95SC LS49CG954\" width=\"700\" height=\"700\"></p>\n<h2><strong>Lời kết&nbsp;</strong></h2>\n<p>Tr&ecirc;n đ&acirc;y l&agrave; những t&iacute;nh năng nổi trội của M&agrave;n h&igrave;nh Samsung Odyssey OLED G9 G95SC. Để kh&aacute;m ph&aacute; th&ecirc;m nhiều sản phẩm <a href=\"https://www.tncstore.vn/monitor.html\"><strong>M&agrave;n h&igrave;nh m&aacute;y t&iacute;nh</strong></a>, h&atilde;y đến ngay Showroom <a href=\"https://www.tncstore.vn/\"><strong>TNC Store</strong></a> để trải nghiệm nh&eacute;!</p>'),
(16, 'Màn Hình Cong Gaming Asus ROG Swift OLED PG39WCDM 39 Inch/ WQHD/ OLED/ 240Hz/ 0.03ms', 45990000.00, 43690500.00, 'https://www.tncstore.vn/media/product/250-11538-man-hinh-cong-gaming-asus-rog-swift-oled-pg39wcdm--1-.jpg', 5, 9, 2, 1, 1, '2025-02-12 17:56:05', '2025-05-15 17:24:35', 'Best Choice', 10, '<h2><strong>Đ&aacute;nh Gi&aacute; Chi Tiết </strong><a href=\"https://www.tncstore.vn/man-hinh-cong-gaming-asus-rog-swift-oled-pg39wcdm.html\" target=\"_blank\" rel=\"noopener\"><strong>M&agrave;n H&igrave;nh Cong Gaming Asus ROG Swift OLED PG39WCDM</strong></a></h2>\n<p>Asus ROG Swift OLED PG39WCDM l&agrave; <strong><a href=\"https://www.tncstore.vn/man-hinh-gaming.html\">M&agrave;n H&igrave;nh Gaming</a></strong> sở hữu k&iacute;ch thước cực kỳ rộng lớn với 39 inch, c&ugrave;ng nhiều t&iacute;nh năng hiện đại v&agrave; tầm nh&igrave;n mang lại trải nghiệm chơi game m&ecirc; hoặc.</p>\n<p>&nbsp;</p>\n<p style=\"text-align: center;\"><iframe src=\"https://www.youtube.com/embed/2b40yy_AB4E\" width=\"700\" height=\"400\"></iframe></p>\n<h3><strong>H&igrave;nh ảnh sống động, sắc n&eacute;t với m&agrave;n h&igrave;nh Asus PG39WCDM</strong></h3>\n<p>Asus ROG Swift <a href=\"https://www.tncstore.vn/man-hinh-cong-gaming-asus-rog-swift-oled-pg39wcdm.html\" target=\"_blank\" rel=\"noopener\"><strong>PG39WCDM</strong></a>&nbsp;vượt qua giới hạn chơi game với g&oacute;c nh&igrave;n si&ecirc;u rộng. M&agrave;n h&igrave;nh c&oacute; tấm nền c&ocirc;ng nghệ ROG OLED thế hệ thứ 3 39 inch mang lại h&igrave;nh ảnh s&aacute;ng hơn 30% so với thiết bị tiền nhiệm với 100% cửa sổ ở chế độ HDR. Giảm viền m&agrave;u v&agrave; c&ocirc;ng nghệ ASUS Extreme Low Motion Blur (ELMB).&nbsp;</p>\n<p>&nbsp;</p>\n<p><img src=\"https://www.tncstore.vn/media/product/250-11538-man-hinh-cong-gaming-asus-rog-swift-oled-pg39wcdm--5-.jpg\" alt=\"TNC Store M&agrave;n H&igrave;nh Cong Gaming Asus ROG Swift OLED PG39WCDM\" width=\"700\" height=\"700\"></p>\n<h3><strong>Tốc độ l&agrave;m mới ấn tượng&nbsp;</strong></h3>\n<p><a href=\"https://www.tncstore.vn/man-hinh-asus.html\" target=\"_blank\" rel=\"noopener\"><strong>M&agrave;n h&igrave;nh Asus</strong></a>&nbsp;n&agrave;y c&oacute; tốc độ l&agrave;m mới 240Hz v&agrave; thời gian phản hồi từ x&aacute;m sang x&aacute;m (GTG) 0,03 ms đảm bảo thế giới ảo v&ocirc; c&ugrave;ng sống động m&agrave; kh&ocirc;ng bị nh&ograve;e chuyển động hoặc r&aacute;ch m&agrave;n h&igrave;nh. Ngo&agrave;i ra, thiết kế tản nhiệt t&ugrave;y chỉnh ti&ecirc;n tiến gi&uacute;p giảm nguy cơ ch&aacute;y ảnh để cải thiện hiệu suất. Tuổi thọ của tấm nền OLED được n&acirc;ng cao.</p>\n<h3><strong>Trải nghiệm game CHANGER&nbsp;</strong></h3>\n<p>M&agrave;n h&igrave;nh ROG Swift mở ra một thế giới trải nghiệm chơi game v&agrave; giải tr&iacute; sống động v&agrave; ch&acirc;n thực, đảm bảo h&igrave;nh ảnh mượt m&agrave; v&agrave; loại bỏ hiện tượng nh&ograve;e chuyển động để mang lại cho bạn lợi thế trong c&aacute;c tr&ograve; chơi c&oacute; nhịp độ nhanh.</p>\n<p>&nbsp;</p>\n<p><img src=\"https://www.tncstore.vn/media/product/250-11538-man-hinh-cong-gaming-asus-rog-swift-oled-pg39wcdm--1-.jpg\" alt=\"TNC Store M&agrave;n H&igrave;nh Cong Gaming Asus ROG Swift OLED PG39WCDM\" width=\"700\" height=\"700\"></p>\n<h2><strong>Lời Kết&nbsp;</strong></h2>\n<p>Tr&ecirc;n đ&acirc;y l&agrave; những t&iacute;nh năng nổi trội của M&agrave;n H&igrave;nh Cong Gaming Asus ROG Swift OLED PG39WCDM. Để kh&aacute;m ph&aacute; th&ecirc;m nhiều sản phẩm <a href=\"https://www.tncstore.vn/monitor.html\" target=\"_blank\" rel=\"noopener\"><strong>M&agrave;n h&igrave;nh m&aacute;y t&iacute;nh</strong></a>, h&atilde;y đến ngay Showroom <a href=\"https://www.tncstore.vn/\" target=\"_blank\" rel=\"noopener\"><strong>TNC Store</strong></a> để trải nghiệm nh&eacute;!</p>'),
(17, 'Máy Chơi Game PS Portal - Playstation Portal Remote Players for PS5', 7990000.00, 5752800.00, 'https://www.tncstore.vn/media/product/250-9330-ps5-6.jpg', 28, 10, 4, 1, 1, '2025-02-12 17:56:05', '2025-05-20 16:49:40', 'Best Choice', 435, '<h2><strong>Đ&aacute;nh Gi&aacute; Chi Tiết M&aacute;y Chơi Game PS Portal&nbsp;</strong></h2>\n<p>M&aacute;y chơi game <a href=\"https://www.tncstore.vn/may-choi-game-ps-portal.html\"><strong>PS Portal</strong></a> đang nổi l&ecirc;n như một thiết bị giải tr&iacute; đột ph&aacute;, gi&uacute;p người d&ugrave;ng c&oacute; thể trải nghiệm được sự th&uacute; vị của c&aacute;c tựa game mọi l&uacute;c mọi nơi.</p>\n<p>&nbsp;</p>\n<p style=\"text-align: center;\"><iframe src=\"https://www.youtube.com/embed/C7bqowyE-wA\" width=\"700\" height=\"350\"></iframe></p>\n<h3><strong>Trải nghiệm giải tr&iacute; đắm ch&igrave;m c&ugrave;ng PS Portal&nbsp; trong thế giới h&igrave;nh ảnh cực kỳ sắc n&eacute;t</strong></h3>\n<p>M&aacute;y chơi game PS Portal với độ ph&acirc;n giải Full HD 1080p c&ugrave;ng tần số qu&eacute;t 60Hz, m&aacute;y dễ d&agrave;ng mang tới cho người d&ugrave;ng trải nghiệm h&igrave;nh ảnh sống động v&agrave; cực kỳ sắc n&eacute;t.</p>\n<p><img src=\"https://www.tncstore.vn/media/lib/04-12-2023/tnc-store-may-choi-game-ps-portal3.jpg\" alt=\"TNC Store M&aacute;y Chơi Game PS Portal\" width=\"700\" height=\"700\"></p>\n<h3><strong>M&agrave;n h&igrave;nh Sony PlayStation Portal&nbsp;</strong></h3>\n<p>B&ecirc;n cạnh đ&oacute;, PS Portal c&ograve;n được trang bị m&agrave;n h&igrave;nh hiển thị cỡ lớn, l&ecirc;n tới 8 inch, đem tới cho bạn trải nghiệm đắm ch&igrave;m v&agrave; n&acirc;ng cao sự tập trung của bạn trong qu&aacute; tr&igrave;nh chơi game giải tr&iacute;.</p>\n<h3><strong>Thiết kế b&ecirc;n ngo&agrave;i năng động, đậm chất gaming</strong></h3>\n<p>Về mặt thiết kế, PS Portal được v&iacute; như phi&ecirc;n bản mở rộng của tay cầm PS5, mang đến cảm gi&aacute;c quen thuộc cho người d&ugrave;ng như ở c&aacute;c thế hệ tay cầm chơi game truyền thống trước đ&oacute;. Với hệ thống n&uacute;t bấm, joystick được thiết kế tương tự như PS5, thế hệ m&aacute;y chơi game PlayStation Portal sẽ đem lại cho bạn sự thoải m&aacute;i v&agrave; tự nhi&ecirc;n trong suốt qu&aacute; tr&igrave;nh chơi game giải tr&iacute;.&nbsp;</p>\n<h3><strong>Thiết kế Sony PlayStation Portal&nbsp;</strong></h3>\n<p>Ph&iacute;a sau của PS Portal được tạo h&igrave;nh liền mạch với c&aacute;c g&oacute;c bo cong mềm mại, mang đến trải nghiệm cầm nắm v&ocirc; c&ugrave;ng thoải m&aacute;i. C&ograve;n ở cạnh tr&ecirc;n, thiết bị cũng được sắp xếp hợp l&yacute; với cổng sạc, 2 n&uacute;t tăng giảm &acirc;m lượng, n&uacute;t nguồn v&agrave; khe tản nhiệt. Tất cả đ&atilde; được sắp đặt một c&aacute;ch gọn g&agrave;ng v&agrave; tiện lợi để hỗ trợ bạn c&oacute; được trải nghiệm chiến game h&agrave;ng đầu.</p>\n<p><img src=\"https://www.tncstore.vn/media/lib/04-12-2023/tnc-store-may-choi-game-ps-portal2.jpg\" alt=\"TNC Store M&aacute;y Chơi Game PS Portal\" width=\"700\" height=\"700\"></p>\n<h3><strong>Hỗ trợ kết nối kh&ocirc;ng d&acirc;y th&ocirc;ng minh, n&acirc;ng cấp trải nghiệm người d&ugrave;ng</strong></h3>\n<p>Trong lần ra mắt tới đ&acirc;y, <a href=\"https://www.tncstore.vn/may-play-station-5.html\"><strong>m&aacute;y Playstation 5</strong></a> sẽ kh&ocirc;ng được trang bị kết nối Bluetooth như ở c&aacute;c ph&acirc;n kh&uacute;c tay cầm chơi game th&ocirc;ng thường kh&aacute;c. Nhưng thay v&agrave;o đ&oacute;, m&aacute;y lại thể hiện sự vượt trội của m&igrave;nh khi sở hữu khả năng kết nối kh&ocirc;ng d&acirc;y đỉnh cao. Theo đ&oacute;, PlayStation Portal cho ph&eacute;p người d&ugrave;ng kết nối với mạng Internet Wifi linh hoạt với tốc độ tối đa c&oacute; thể l&ecirc;n tới 15Mbps.&nbsp;</p>\n<p>Nhờ vậy m&agrave; bạn sẽ lu&ocirc;n được tận hưởng những ph&uacute;t gi&acirc;y giải tr&iacute; thư gi&atilde;n hết sức mượt m&agrave; tr&ecirc;n Sony PlayStation Portal m&agrave; kh&ocirc;ng gặp phải bất kỳ vấn đề g&igrave; về kết nối.</p>\n<h3><strong>Kết nối Sony PlayStation Portal&nbsp;</strong></h3>\n<p>Kh&ocirc;ng chỉ hỗ trợ kết nối Wifi m&agrave; <a href=\"https://www.tncstore.vn/may-play-station-5.html\"><strong>m&aacute;y Playstation 5</strong></a> c&ograve;n được t&iacute;ch hợp kết nối PlayStation Link của Sony. Đ&acirc;y l&agrave; một chuẩn kết nối độc quyền được đ&aacute;nh gi&aacute; cao về độ mượt m&agrave;, linh hoạt trong t&iacute;n hiệu kết nối. Qua đ&oacute;, n&oacute; gi&uacute;p đảm bảo truyền tải &acirc;m thanh chất lượng cao v&agrave; khả năng chuyển đổi nhanh giữa c&aacute;c thiết bị hỗ trợ.&nbsp;</p>\n<p><img src=\"https://www.tncstore.vn/media/lib/04-12-2023/tnc-store-may-choi-game-ps-portal1.jpg\" alt=\"TNC Store M&aacute;y Chơi Game PS Portal\" width=\"700\" height=\"700\"></p>\n<h2><strong>Lời Kết</strong>&nbsp;&nbsp;</h2>\n<p>Tr&ecirc;n đ&acirc;y l&agrave; những t&iacute;nh năng nổi trội của m&aacute;y chơi game <strong>PS Porta</strong></p>'),
(18, 'Tay Cầm Chơi Game Sony PS5 Dualsense White - Nhập Khẩu', 1990000.00, 1492500.00, 'https://www.tncstore.vn/media/product/250-9021-tay-cam-choi-game-ps5-1-wh.jpg', 25, 38, 4, 1, 2, '2025-02-12 17:56:05', '2025-05-20 17:01:47', 'Best Choice', 43, '<h2 dir=\"ltr\"><span style=\"font-family: Chakra Petch;\">Đ&aacute;nh gi&aacute; chi tiết sản phẩm Tay cầm chơi Game Sony PS5 DualSense White NK</span></h2>\n<p><strong id=\"docs-internal-guid-4b2f197b-7fff-1f35-c724-61b30e0590e9\"><span style=\"font-family: Chakra Petch;\">&nbsp;</span></strong></p>\n<p dir=\"ltr\"><span style=\"font-family: Chakra Petch;\">Chiếc <a href=\"https://www.tncstore.vn/tay-cam-choi-game-sony-ps5-dualsense-white-nhap-khau\">tay cầm PS5 DualSense White</a> sở hữu nhiều t&iacute;nh năng nổi trội so với đ&agrave;n anh đi trước. C&ugrave;ng <a href=\"https://www.tncstore.vn/\">TNC Store</a> kh&aacute;m ph&aacute; những điểm nổi bật của <a href=\"https://www.tncstore.vn/tay-cam-ps5.html\">tay cầm PS5</a> n&agrave;y nh&eacute;!</span></p>\n<p dir=\"ltr\"><span style=\"font-family: Chakra Petch;\">&nbsp;</span></p>\n<p dir=\"ltr\"><img title=\"TNC Store Tay cầm Sony PS5 Dualsense White\" src=\"https://www.tncstore.vn/image/catalog/nh%20b%C3%A0i%20vi%E1%BA%BFt%20bmin/tnc-store-tay-cam-choi-game-sony-ps5-white%20(1).jpg\" alt=\"TNC Store Tay cầm Sony PS5 Dualsense White\"></p>'),
(19, 'Máy Chơi Game Steam Deck Oled 512GB (NVME SSD)', 8000000.00, 7500000.00, 'https://www.tncstore.vn/media/product/250-9983-z5255803007923_4e49386f76356e720c9002faf9ad3249.jpg', 20, 20, 4, 6, 6, '2025-02-12 17:56:05', '2025-04-12 08:59:10', 'Best Choice', 242, NULL);
INSERT INTO `products` (`productId`, `name`, `priceOld`, `priceNew`, `imageUrl`, `sale`, `stockQuantity`, `categoryId`, `supplierId`, `brandId`, `createdAt`, `updatedAt`, `highlightType`, `reviewCount`, `descHTML`) VALUES
(20, 'Máy Chơi Game Nintendo Switch Oled model - The Legend of Zelda: Tears Of The Kingdom Edition', 15000000.00, 14250000.00, 'https://product.hstatic.net/1000231532/product/nintendo_switch_lite_gray_chinh_hang_e422646773684da6a9d6a39e337db13e_master.png', 5, 25, 4, 7, 7, '2025-02-12 17:56:05', '2025-05-21 16:20:34', 'Best Seller', 150, '<p><strong>Hệ m&aacute;y d&agrave;nh cho game thủ th&iacute;ch di chuyển!</strong>&nbsp;Nintendo Switch Lite l&agrave; một th&agrave;nh vi&ecirc;n nhỏ gọn, nhẹ nh&agrave;ng gia nhập v&agrave;o gia đ&igrave;nh Nintendo Switch. N&oacute; sở hữu thiết kế nguy&ecirc;n khối chắc chắn v&agrave; đặc biệt ph&ugrave; hợp với kiểu chơi cầm tay, v&igrave; vậy bạn c&oacute; thể ngay lập tức thưởng thức c&aacute;c tựa game m&igrave;nh th&iacute;ch bất kỳ l&uacute;c n&agrave;o m&igrave;nh muốn.</p>\n<p><strong>&gt;T&igrave;m hiểu th&ecirc;m về Nintendo Switch Lite:</strong>&nbsp;<a href=\"https://www.nshop.com.vn/blogs/san-pham-moi/thong-tin-nintendo-switch-lite\" target=\"_blank\" rel=\"noopener noreferrer\">&lt;Click v&agrave;o&gt;</a></p>\n<h2>Trailer giới thiệu Nintendo Switch Lite</h2>\n<p><span class=\"mce-object-iframe mce-preview-object\" style=\"display: table; margin-left: auto; margin-right: auto;\"><iframe id=\"pWHB2oq9Lq8\" src=\"https://www.youtube.com/embed/pWHB2oq9Lq8?flag=1&amp;enablejsapi=1&amp;origin=https://www.nshop.com.vn\" width=\"600\" height=\"336\" frameborder=\"0\" allowfullscreen=\"allowfullscreen\" data-gtm-yt-inspected-8970334_100=\"true\"></iframe></span></p>\n<p><span class=\"mce-object-iframe mce-preview-object\" style=\"display: table; margin-left: auto; margin-right: auto;\"><iframe id=\"8Qit0uzYOuo\" src=\"https://www.youtube.com/embed/8Qit0uzYOuo?flag=1&amp;enablejsapi=1&amp;origin=https://www.nshop.com.vn\" width=\"600\" height=\"336\" frameborder=\"0\" allowfullscreen=\"allowfullscreen\" data-gtm-yt-inspected-8970334_100=\"true\"></iframe></span></p>\n<p><img src=\"https://c1.staticflickr.com/5/4337/37045627076_3ea02ebf49_o.gif\">&nbsp;C&oacute; thể mua trả g&oacute;p qua thẻ ng&acirc;n h&agrave;ng, xem hướng dẫn&nbsp;<strong><a href=\"https://www.nshop.com.vn/blogs/huong-dan-game/mua-nintendo-switch-ps4-tra-gop\" target=\"_blank\" rel=\"noopener noreferrer\">&lt;TẠI Đ&Acirc;Y&gt;</a></strong></p>\n<p><a href=\"https://www.nshop.com.vn/blogs/huong-dan-game/mua-nintendo-switch-ps4-tra-gop\" target=\"_blank\" rel=\"noopener noreferrer\"><img style=\"display: block; margin-left: auto; margin-right: auto;\" src=\"https://file.hstatic.net/1000231532/file/tra_gop_qua_the_tin_dung_mpos_b6767cc0c0564fcda70c04562d05beb4_grande.jpg\" alt=\"tra gop qua the tin dung mpos\"></a></p>'),
(21, 'Chuột Gaming Razer Basilisk V3 - RZ01-04000100-R3M1', 1090000.00, 904700.00, 'https://www.tncstore.vn/media/product/250-8824-razer-basilisk-v3---rz01-04000100-r3m1-1.jpg', 17, 14, 3, 2, 8, '2025-02-12 17:56:05', '2025-04-28 15:50:53', 'Best Choice', 32, '<h2 dir=\"ltr\"><span style=\"font-family: Chakra Petch;\">Đ&aacute;nh gi&aacute; chi tiết chuột Razer Basilisk V3</span></h2>\n<p><strong id=\"docs-internal-guid-3388869b-7fff-40de-be2b-b1a9c45bc6ff\"><span style=\"font-family: Chakra Petch;\">&nbsp;</span></strong></p>\n<p dir=\"ltr\"><span style=\"font-family: Chakra Petch;\">Razer mới vừa tung ra thị trường phi&ecirc;n bản mới của <a href=\"https://www.tncstore.vn/chuot-gaming-razer-basilisk-V3.html\">Razer Basilisk V3</a>. Bạn ho&agrave;n to&agrave;n c&oacute; thể tạo n&ecirc;n phong c&aacute;ch chơi game ri&ecirc;ng cho bản th&acirc;n, l&agrave;m chủ v&agrave; n&acirc;ng cao phong độ tr&ecirc;n mọi trận đấu. Mang thiết kế c&ocirc;ng th&aacute;i học của một <a href=\"https://www.tncstore.vn/chuot-gaming.html\">chuột gaming</a> điển h&igrave;nh v&agrave; 11 n&uacute;t c&oacute; thể t&aacute;i lập tr&igrave;nh, Basilisk V3 cho ph&eacute;p bạn điều chỉnh hiệu suất của chuột cho ph&ugrave; hợp với nhu cầu trải nghiệm của bản th&acirc;n. Ngo&agrave;i ra, n&oacute; c&ograve;n t&iacute;ch hợp con lăn c&oacute; độ nhạy tốt, th&ocirc;ng minh v&agrave; đ&egrave;n LED Razer Chroma RGB. Đ&atilde; đến l&uacute;c khuấy động những trận đấu theo c&aacute;ch ri&ecirc;ng của bạn.</span></p>\n<p dir=\"ltr\"><span style=\"font-family: Chakra Petch;\">&nbsp;</span></p>\n<p dir=\"ltr\"><img title=\"TNC Store Chuột Razer Basilisk V3\" src=\"https://www.tncstore.vn/image/catalog/nh%20b%C3%A0i%20vi%E1%BA%BFt%20bmin/tnc-store-chuot-razer-basilisk-v3%20(1).jpg\" alt=\"TNC Store Chuột Razer Basilisk V3\"><span style=\"font-family: Chakra Petch;\"><br></span></p>\n<h3 dir=\"ltr\"><span style=\"font-family: Chakra Petch;\">Khả năng t&ugrave;y chỉnh chức năng</span></h3>\n<p dir=\"ltr\"><span style=\"font-family: Chakra Petch;\">11 n&uacute;t thao t&aacute;c tr&ecirc;n Basilisk V3 đ&atilde; được g&aacute;n tất cả c&aacute;c n&uacute;t macro v&agrave; chức năng phụ cần thiết (bao gồm c&aacute;c tr&igrave;nh k&iacute;ch hoạt đa chức năng được đ&aacute;nh gi&aacute; cao), để bạn dễ d&agrave;ng thực hiện c&aacute;c thao t&aacute;c cơ bản như &ldquo;nhấn để n&oacute;i&rdquo;, ping, v.v.</span></p>\n<p><strong><span style=\"font-family: Chakra Petch;\">&nbsp;</span></strong></p>\n<p dir=\"ltr\"><span style=\"font-family: Chakra Petch;\">Bạn c&oacute; thể thiết lập lại chức năng của c&aacute;c n&uacute;t thao t&aacute;c sao cho ph&ugrave; hợp với c&aacute;c t&aacute;c vụ v&agrave; tựa game. Chỉ cần nhấn n&uacute;t thay đổi lập tr&igrave;nh ở ph&iacute;a dưới con chuột, bạn đ&atilde; c&oacute; thể linh hoạt thay đổi cấu tr&uacute;c chuột sao cho ph&ugrave; hợp với nhu cầu c&aacute; nh&acirc;n.</span></p>\n<p dir=\"ltr\"><span style=\"font-family: Chakra Petch;\">&nbsp;</span></p>\n<p dir=\"ltr\"><img title=\"TNC Store Chuột Razer Basilisk V3\" src=\"https://www.tncstore.vn/image/catalog/nh%20b%C3%A0i%20vi%E1%BA%BFt%20bmin/tnc-store-chuot-razer-basilisk-v3%20(2).jpg\" alt=\"TNC Store Chuột Razer Basilisk V3\"><span style=\"font-family: Chakra Petch;\"><br></span></p>\n<h3 dir=\"ltr\"><span style=\"font-family: Chakra Petch;\">Những n&acirc;ng cấp mới tr&ecirc;n Chuột Razer Basilisk V3</span></h3>\n<p dir=\"ltr\"><span style=\"font-family: Chakra Petch;\">Con lăn đ&atilde; được cải tiến v&agrave; l&agrave;m mới rất nhiều. Bạn chắc chắn sẽ kh&ocirc;ng thể bỏ qua sự đổi mới ng&agrave;y tr&ecirc;n Basilisk V3.</span></p>\n<p><strong><span style=\"font-family: Chakra Petch;\">&nbsp;</span></strong></p>\n<p dir=\"ltr\"><span style=\"font-family: Chakra Petch;\">Phi&ecirc;n bản mới được cung cấp hai kiểu cuộn để linh hoạt hơn trong việc di chuột. Basilisk V3 c&oacute; thể tự động chuyển đổi nhờ v&agrave;o chức năng Smart Reel ti&ecirc;n tiến được t&iacute;ch hợp, gi&uacute;p mang lại cảm gi&aacute;c mượt m&agrave; khi chơi game.</span></p>\n<p><strong><span style=\"font-family: Chakra Petch;\">&nbsp;</span></strong></p>\n<p><img title=\"TNC Store Chuột Razer Basilisk V3\" src=\"https://www.tncstore.vn/image/catalog/nh%20b%C3%A0i%20vi%E1%BA%BFt%20bmin/tnc-store-chuot-razer-basilisk-v3%20(5).jpg\" alt=\"TNC Store Chuột Razer Basilisk V3\"><strong><span style=\"font-family: Chakra Petch;\"><br></span></strong></p>\n<p dir=\"ltr\"><span style=\"font-family: Chakra Petch;\">Chế độ Smart Reel l&agrave; một chức năng mới tr&ecirc;n chuột nh&agrave; Razer. Ch&uacute;ng được thiết lập th&ocirc;ng qua Razer Synapse. Con lăn sẽ tự động chuyển từ chế độ x&uacute;c gi&aacute;c sang chế độ quay tự do khi bạn cuộn nhanh hơn. Điều n&agrave;y sẽ gi&uacute;p bạn t&igrave;m thấy th&ocirc;ng tin, duyệt t&agrave;i liệu hay x&aacute;c định vị tr&iacute; tr&ecirc;n m&agrave;n h&igrave;nh được dễ d&agrave;ng v&agrave; nhanh ch&oacute;ng hơn.</span></p>\n<h3 dir=\"ltr\"><span style=\"font-family: Chakra Petch;\">Thiết kế th&ocirc;ng minh, s&aacute;ng tạo</span></h3>\n<p><strong><span style=\"font-family: Chakra Petch;\">&nbsp;</span></strong></p>\n<p dir=\"ltr\"><span style=\"font-family: Chakra Petch;\">Basilisk V3 rất được ưa chuộng từ c&aacute;c game thủ. Kh&ocirc;ng chỉ v&igrave; những t&iacute;nh năng đắc lực v&agrave; độc đ&aacute;o m&agrave; c&ograve;n ghi điểm bởi thiết kế ấn tượng v&agrave; tiện lợi. Thiết kế của n&oacute; hỗ trợ ho&agrave;n hảo cho thao t&aacute;c tay của bạn. V&agrave; c&aacute;c n&uacute;t của chuột được bố tr&iacute; ở vị tr&iacute; tối ưu nhất để bạn c&oacute; thể sử dụng nhanh ch&oacute;ng v&agrave; dễ d&agrave;ng nhất c&oacute; thể.</span></p>\n<p dir=\"ltr\"><span style=\"font-family: Chakra Petch;\">&nbsp;</span></p>\n<p dir=\"ltr\"><img title=\"TNC Store Chuột Razer Basilisk V3\" src=\"https://www.tncstore.vn/image/catalog/nh%20b%C3%A0i%20vi%E1%BA%BFt%20bmin/tnc-store-chuot-razer-basilisk-v3%20(3).jpg\" alt=\"TNC Store Chuột Razer Basilisk V3\"><span style=\"font-family: Chakra Petch;\"><br></span></p>\n<p><strong><span style=\"font-family: Chakra Petch;\">&nbsp;</span></strong></p>\n<p dir=\"ltr\"><span style=\"font-family: Chakra Petch;\">C&ocirc;ng tắc khởi động v&agrave; chạy nhanh ch&oacute;ng trong 0,2 ms v&agrave; c&oacute; thể đ&aacute;p ứng đến 70 triệu lần nhấp. Bạn sẽ kh&ocirc;ng y&ecirc;u cầu g&igrave; th&ecirc;m ở một con chuột gaming ngo&agrave;i việc phản hồi nhanh ch&oacute;ng, ch&iacute;nh x&aacute;c v&agrave; kh&ocirc;ng c&oacute; nhấp chuột lỗi. Những điều n&agrave;y Basilisk V3 thừa sức l&agrave;m được.</span></p>\n<p><strong><span style=\"font-family: Chakra Petch;\">&nbsp;</span></strong></p>\n<p dir=\"ltr\"><span style=\"font-family: Chakra Petch;\">C&ugrave;ng kh&aacute;m ph&aacute; th&ecirc;m c&aacute;c sản phẩm <a href=\"https://www.tncstore.vn/gaming-gear.html\">Gaming Gears</a> ở <a href=\"https://www.tncstore.vn/\">TNC Store</a> nh&eacute;!</span></p>'),
(22, 'Bàn Phím Razer Huntsman V2 Tenkeyless-Optical Gaming Keyboard-Clicky Purple Switch_RZ03-03940300-R3M1', 2790000.00, 2678400.00, 'https://www.tncstore.vn/media/product/250-9297-ban-phim-razer-tenkeyless-1.jpg', 4, 25, 3, 3, 2, '2025-02-12 17:56:05', '2025-05-21 06:21:09', 'Best Choice', 44, '<p><strong>Đ&aacute;nh Gi&aacute; Chi Tiết B&agrave;n Ph&iacute;m Razer Huntsman V2 Tenkeyless</strong></p>\n<p style=\"text-align: center;\"><strong><iframe src=\"https://www.youtube.com/embed/T9RatlwPDFo\" width=\"700\" height=\"400\"></iframe></strong></p>\n<p><strong><a href=\"https://www.tncstore.vn/ban-phim-razer-huntsman-v2-tenkeyless-clicky-purple-switch.html\" target=\"_blank\" rel=\"noopener\">Razer Huntsman V2 Tenkeyless</a></strong> l&agrave; một trong những loại b&agrave;n ph&iacute;m cơ gaming vượt trội phục vụ cho việc chiến những trận game nảy lửa.&nbsp;</p>\n<h3><strong>Razer Huntsman V2 Tenkeyless c&oacute; thiết kế gọn nhẹ&nbsp;</strong></h3>\n<p>B&agrave;n ph&iacute;m Razer Huntsman V2 Tenkeyless&nbsp; c&oacute; khả năng phản hồi một c&aacute;ch nhanh ch&oacute;ng v&agrave; ổn định. Đ&acirc;y l&agrave; loại b&agrave;n ph&iacute;m chơi game quang kh&ocirc;ng cần ph&iacute;m với &acirc;m thanh được cải thiện, độ trễ đầu v&agrave;o gần như bằng 0 v&agrave; c&aacute;c t&iacute;nh năng cao cấp kh&aacute;c để đảm bảo kiểu d&aacute;ng nhỏ gọn hướng đến hiệu suất ở k&iacute;ch thước đầy đủ.</p>\n<p><img src=\"https://www.tncstore.vn/media/lib/27-11-2023/tnc-store-ban-phim-razer-huntsman-v2-tenkeyless3.jpg\" alt=\" TNC Store B&agrave;n Ph&iacute;m Razer Huntsman V2 Tenkeyless  \" width=\"600\" height=\"600\"></p>\n<h3><strong>Keycap PBT Double-Shot chắc chắn</strong></h3>\n<p>Sử dụng nhựa PBT si&ecirc;u bền v&agrave; cứng hơn nhựa ABS đ&atilde; tạo n&ecirc;n sự chắc chắn cho từng keycap. C&aacute;c k&yacute; hiệu được in bằng c&ocirc;ng nghệ Double-Shot b&aacute;m cực l&acirc;u. Người d&ugrave;ng thỏa sức g&otilde; ph&iacute;m m&agrave; kh&ocirc;ng lo bị m&agrave;i m&ograve;n theo thời gian.</p>\n<h3><strong>B&agrave;n ph&iacute;m được trang bị Sound Dampening Foam đặc biệt</strong></h3>\n<p><a href=\"https://www.tncstore.vn/ban-phim-co.html\" target=\"_blank\" rel=\"noopener\"><strong>B&agrave;n ph&iacute;m cơ</strong></a>&nbsp;Razer được gắn th&ecirc;m một lớp foam đặc biệt để cải thiện &acirc;m thanh cho những lần g&otilde; ph&iacute;m. Mang đến trải nghiệm g&otilde; &ecirc;m tai hơn v&agrave; giảm thiểu tiếng ồn.</p>\n<p><img src=\"https://www.tncstore.vn/media/lib/27-11-2023/tnc-store-ban-phim-razer-huntsman-v2-tenkeyless1.jpg\" alt=\" TNC Store B&agrave;n Ph&iacute;m Razer Huntsman V2 Tenkeyless  \" width=\"600\" height=\"600\"></p>\n<h3><strong>L&oacute;t nghỉ tay si&ecirc;u thoải m&aacute;i</strong></h3>\n<p>Dựa v&agrave;o trải nghiệm sử dụng b&agrave;n ph&iacute;m li&ecirc;n tục, Razer đ&atilde; trang bị th&ecirc;m miếng l&oacute;t nghỉ tay cho người d&ugrave;ng. Giờ đ&acirc;y, họ c&oacute; thể sử dụng n&oacute; để căn chỉnh tư thế tay sao cho ph&ugrave; hợp, giảm &aacute;p lực cổ tay cho mỗi lần nhấn ph&iacute;m.</p>\n<h2><strong>Lời Kết&nbsp;</strong></h2>\n<p>Tr&ecirc;n đ&acirc;y l&agrave; những t&iacute;nh năng nổi trội của<strong> B&agrave;n Ph&iacute;m Razer Huntsman V2 Tenkeyless</strong>. Để kh&aacute;m ph&aacute; th&ecirc;m nhiều sản phẩm&nbsp;<a href=\"https://www.tncstore.vn/gaming-gear.html\" target=\"_blank\" rel=\"noopener\"><strong>Gaming Gears</strong></a>, h&atilde;y đến ngay Showroom <a href=\"https://www.tncstore.vn/\" target=\"_blank\" rel=\"noopener\"><strong>TNC Store</strong></a> để trải nghiệm nh&eacute;!</p>'),
(23, 'Chuột Razer DeathAdder Essential-Ergonomic Wired_RZ01-03850100-R3M1', 1800000.00, 2070000.00, 'https://www.tncstore.vn/media/product/250-7591-chuot-razer-deathadder-essential-ergonomic-001.jpg', 15, 50, 3, 4, 4, '2025-02-12 17:56:05', '2025-04-12 08:59:19', 'Best Seller', 234, '<h2 dir=\"ltr\">Đ&aacute;nh gi&aacute; chi tiết chuột Razer Deathadder Essential</h2>\n<p style=\"text-align: center;\"><iframe src=\"https://www.youtube.com/embed/0EJzqz_XjHI\" width=\"700\" height=\"400\"></iframe></p>\n<h3 dir=\"ltr\">Chuột Razer Deathadder Essential sở hữu thiết kế c&ocirc;ng th&aacute;i học&nbsp;</h3>\n<p><span id=\"docs-internal-guid-56761db7-7fff-e94b-43f1-de037601ed3f\">&nbsp;</span></p>\n<p dir=\"ltr\"><a href=\"https://www.tncstore.vn/chuot-razer-deathadder-essential-ergonomic-white.html\">Chuột gaming Razer DeathAdder Essential</a> được Razer thiết kế với kiểu d&aacute;ng c&ocirc;ng th&aacute;i học (Ergonomic) cổ điển. Thiết kế đẹp mắt v&agrave; kh&aacute;c biệt ở c&aacute;c d&ograve;ng chuột m&aacute;y t&iacute;nh kh&aacute;c, tạo ra sự thoải m&aacute;i, cho ph&eacute;p người chơi duy tr&igrave; mức hiệu suất cao trong suốt thời gian chơi game d&agrave;i, v&igrave; vậy bạn sẽ kh&ocirc;ng bao giờ bị ngập ngừng trong c&aacute;c trận chiến n&oacute;ng bỏng. Hứa hẹn đ&acirc;y sẽ l&agrave; một trong những d&ograve;ng <a href=\"https://www.tncstore.vn/chuot-gaming.html\">chuột gaming</a> dưới 1 triệu rất đ&aacute;ng trải nghiệm.</p>\n<p dir=\"ltr\"><img title=\"TNC Store Chuột Razer DeathAdder Essential Ergonomic\" src=\"https://www.tncstore.vn/image/catalog/nh%20b%C3%A0i%20vi%E1%BA%BFt%20bmin/tnc-store-chuot-razer-deathadder-essential-ergonomic%20(3).jpg\" alt=\"TNC Store Chuột Razer DeathAdder Essential Ergonomic\"></p>\n<p dir=\"ltr\">&nbsp;</p>\n<h3 dir=\"ltr\">Trang bị c&ocirc;ng nghệ hiện đại</h3>\n<p>&nbsp;</p>\n<p dir=\"ltr\">Trang bị đến 5 n&uacute;t Hyperesponse người chơi c&oacute; thể lập tr&igrave;nh được, một trong những d&ograve;ng chuột gaming gi&aacute; rẻ mang đến cho người chơi c&oacute; được lợi thế cạnh tranh khi điều khiển trận đấu. N&uacute;t cơ học c&ocirc;ng nghệ Razer Mechanical với độ tin cậy cao c&ugrave;ng với độ bền cao l&ecirc;n đến 10 triệu lần nhấp.</p>\n<p dir=\"ltr\">&nbsp;</p>\n<p dir=\"ltr\"><img title=\"TNC Store Chuột Razer DeathAdder Essential Ergonomic\" src=\"https://www.tncstore.vn/image/catalog/nh%20b%C3%A0i%20vi%E1%BA%BFt%20bmin/tnc-store-chuot-razer-deathadder-essential-ergonomic%20(1).jpg\" alt=\"TNC Store Chuột Razer DeathAdder Essential Ergonomic\"></p>\n<h3 dir=\"ltr\">N&acirc;ng cao khả năng kiểm so&aacute;t trận đấu</h3>\n<p>&nbsp;</p>\n<p dir=\"ltr\">Khả năng kiểm so&aacute;t trận đấu ch&iacute;nh l&agrave; ưu điểm của những d&ograve;ng sản phẩm b&agrave;n ph&iacute;m cơ, tai nghe gaming trong c&ugrave;ng hệ sinh th&aacute;i của Razer. V&agrave; Razer Deathadder Essential cũng kh&ocirc;ng ngoại lệ, sở hữu cảm biến quang học l&ecirc;n đến 6.400 DPI cho ph&eacute;p vuốt chuột đi nhanh v&agrave; chuẩn x&aacute;c, cung cấp khả năng kiểm so&aacute;t tốt hơn cho game thủ với những nhu cầu thiết yếu nhất. Mang đến lợi thế cho người d&ugrave;ng khi trải nghiệm c&aacute;c tựa game y&ecirc;u th&iacute;ch.</p>\n<h2 dir=\"ltr\">Lời Kết</h2>\n<p>&nbsp;</p>\n<p dir=\"ltr\">Tr&ecirc;n đ&acirc;y l&agrave; những t&iacute;nh năng nổi trội của chuột Razer DeathAdder Essential. Để kh&aacute;m ph&aacute; th&ecirc;m nhiều sản phẩm <a href=\"https://www.tncstore.vn/gaming-gear.html\">Gaming Gears</a>, h&atilde;y đến ngay Showroom <a href=\"https://www.tncstore.vn/\">TNC Store</a> để trải nghiệm nh&eacute;!</p>'),
(24, 'Chuột Razer DeathAdder Essential-Ergonomic Wired-Trắng(White)_RZ01-03850200-R3M1', 1099000.00, 1044050.00, 'https://www.tncstore.vn/media/product/250-8724-tnc-store-ban-phim-co-monsgeek-mg75-prunus-lannesiana-white-led-cream-blue-24-.png', 5, 10, 3, 8, 1, '2025-02-12 17:56:05', '2025-05-20 16:57:06', 'Best Choice', 10, '<h2 dir=\"ltr\"><span style=\"font-family: Chakra Petch;\">Đ&aacute;nh gi&aacute; chi tiết b&agrave;n ph&iacute;m cơ MonsGeek MG75 Prunus Lannesiana</span></h2>\n<p><strong id=\"docs-internal-guid-17f7f844-7fff-efc8-0bc7-c87bee23ee5c\"><span style=\"font-family: Chakra Petch;\">&nbsp;</span></strong></p>\n<p dir=\"ltr\"><span style=\"font-family: Chakra Petch;\"><a href=\"https://www.tncstore.vn/ban-phim-co-monsgeek-mg75-prunus-lannnesiana-cream-blue.html\">B&agrave;n ph&iacute;m cơ MonsGeek MG75 Prunus Lannesiana</a> với thiết kế đẹp mắt, phối m&agrave;u độc lạ năng động, l&agrave; một trong những sản phẩm mới ra mắt của nh&agrave; MonsGeek &ndash; một thương hiệu con của <a href=\"https://www.tncstore.vn/ban-phim-co-akko.html\">AKKO</a>. B&agrave;n ph&iacute;m cơ MG75 Prunus Lannesiana layout 75% quen thuộc c&ugrave;ng nhiều cải tiến về hiệu năng.</span></p>\n<p dir=\"ltr\"><span style=\"font-family: Chakra Petch;\">&nbsp;</span></p>\n<p dir=\"ltr\" style=\"text-align: center;\"><iframe class=\"note-video-clip\" src=\"https://www.youtube.com/embed/aLko5EBIdzo\" width=\"640\" height=\"360\" frameborder=\"0\"></iframe><span style=\"font-family: Chakra Petch;\"><br></span></p>\n<p><strong><span style=\"font-family: Chakra Petch;\">&nbsp;</span></strong></p>\n<p dir=\"ltr\"><span style=\"font-family: Chakra Petch;\">Với mức gi&aacute; v&ocirc; c&ugrave;ng phải chăng, <a href=\"https://www.tncstore.vn/ban-phim-co.html\">b&agrave;n ph&iacute;m cơ</a> MG75 Prunus Lannesiana hứa hẹn sẽ rất hot trong ph&acirc;n kh&uacute;c d&agrave;nh cho người d&ugrave;ng phổ th&ocirc;ng.</span></p>\n<h3 dir=\"ltr\"><span style=\"font-family: Chakra Petch;\">B&agrave;n ph&iacute;m cơ MonsGeek MG75 Prunus Lannesiana Cream Yellow Switch c&oacute; ngoại h&igrave;nh hiện đại, layout 75% đang rất hot hiện nay</span></h3>\n<p><strong><span style=\"font-family: Chakra Petch;\">&nbsp;</span></strong></p>\n<p dir=\"ltr\"><span style=\"font-family: Chakra Petch;\">MG75 Black &amp; Cyan sở hữu layout 75%, layout y&ecirc;u th&iacute;ch của những người d&ugrave;ng b&agrave;n ph&iacute;m cơ. Layout nhỏ gọn, trang bị đầy đủ c&aacute;c ph&iacute;m chức năng cần thiết, c&aacute;c ph&iacute;m được bố tr&iacute; bố cục hết sức th&ocirc;ng minh, gi&uacute;p mang lại sự gọn nhẹ tiện lợi cho người sử dụng.</span></p>\n<p dir=\"ltr\"><span style=\"font-family: Chakra Petch;\">&nbsp;</span></p>\n<p dir=\"ltr\"><img title=\"TNC Store B&agrave;n ph&iacute;m cơ MonsGeek MG75 Prunus Lannesiana\" src=\"https://www.tncstore.vn/image/catalog/nh%20b%C3%A0i%20vi%E1%BA%BFt%20bmin/tnc-store-ban-phim-co-monsgeek-mg75-prunus-lannesiana%20(1).jpg\" alt=\"TNC Store B&agrave;n ph&iacute;m cơ MonsGeek MG75 Prunus Lannesiana\"><span style=\"font-family: Chakra Petch;\"><br></span></p>\n<h3 dir=\"ltr\"><span style=\"font-family: Chakra Petch;\">Keycap PBT Cherry profile sử dụng c&ocirc;ng nghệ in Double-Shot</span></h3>\n<p><strong><span style=\"font-family: Chakra Petch;\">&nbsp;</span></strong></p>\n<p dir=\"ltr\"><span style=\"font-family: Chakra Petch;\">Keycaps tr&ecirc;n b&agrave;n ph&iacute;m cơ MonsGeek MG75 Prunus Lannesiana được l&agrave;m từ chất liệu cao cấp PBT với độ bền v&agrave; tuổi thọ cao hơn so nhựa ABS ở 1 số b&agrave;n ph&iacute;m cơ th&ocirc;ng thường.</span></p>\n<p><strong><span style=\"font-family: Chakra Petch;\">&nbsp;</span></strong></p>\n<p dir=\"ltr\"><span style=\"font-family: Chakra Petch;\">Cherry profile l&agrave; loại keycap c&oacute; chiều cao v&agrave; h&igrave;nh d&aacute;ng tương tự như keycaps của d&ograve;ng b&agrave;n ph&iacute;m Cherry MX, mang lại trải nghiệm g&otilde; ph&iacute;m tốt hơn so với keycap dạng OEM.</span></p>\n<p dir=\"ltr\"><span style=\"font-family: Chakra Petch;\">&nbsp;</span></p>\n<p dir=\"ltr\"><img title=\"TNC Store B&agrave;n ph&iacute;m cơ MonsGeek MG75 Prunus Lannesiana\" src=\"https://www.tncstore.vn/image/catalog/nh%20b%C3%A0i%20vi%E1%BA%BFt%20bmin/tnc-store-ban-phim-co-monsgeek-mg75-prunus-lannesiana%20(2).jpg\" alt=\"TNC Store B&agrave;n ph&iacute;m cơ MonsGeek MG75 Prunus Lannesiana\"><span style=\"font-family: Chakra Petch;\"><br></span></p>\n<p><strong><span style=\"font-family: Chakra Petch;\">&nbsp;</span></strong></p>\n<p dir=\"ltr\"><span style=\"font-family: Chakra Petch;\">Việc sử dụng c&ocirc;ng nghệ in Double-Shot gi&uacute;p tạo ra c&aacute;c k&yacute; tự sắc n&eacute;t, kh&ocirc;ng bị xước v&agrave; kh&ocirc;ng bị phai mờ theo thời gian sử dụng.&nbsp;</span></p>\n<h3 dir=\"ltr\"><span style=\"font-family: Chakra Petch;\">Sử dụng AKKO switch v3 v&agrave; LED trắng được build sẵn</span></h3>\n<p><strong><span style=\"font-family: Chakra Petch;\">&nbsp;</span></strong></p>\n<p dir=\"ltr\"><span style=\"font-family: Chakra Petch;\">B&agrave;n ph&iacute;m cơ gi&aacute; rẻ MG75 Prunus Lannesiana được h&atilde;ng ưu &aacute;i trang bị Switch AKKO v3. Đ&acirc;y l&agrave; loại switch được đ&aacute;nh gi&aacute; cao bởi độ bền v&agrave; độ ch&iacute;nh x&aacute;c, gi&uacute;p tăng trải nghiệm g&otilde; ph&iacute;m v&agrave; độ nhạy của b&agrave;n ph&iacute;m l&ecirc;n đ&aacute;ng kể. C&aacute;c phi&ecirc;n bản Switch AKKO v3 l&agrave; Cream Blue v&agrave; Cream Yellow đều c&oacute; cảm gi&aacute;c g&otilde; ph&iacute;m &ecirc;m &aacute;i v&agrave; &ecirc;m tay, đồng thời c&ograve;n mang lại &acirc;m thanh tuyệt vời khi g&otilde;.</span></p>\n<p><strong><span style=\"font-family: Chakra Petch;\">&nbsp;</span></strong></p>\n<p><img title=\"TNC Store B&agrave;n ph&iacute;m cơ MonsGeek MG75 Prunus Lannesiana\" src=\"https://www.tncstore.vn/image/catalog/nh%20b%C3%A0i%20vi%E1%BA%BFt%20bmin/tnc-store-ban-phim-co-monsgeek-mg75-prunus-lannesiana%20(3).jpg\" alt=\"TNC Store B&agrave;n ph&iacute;m cơ MonsGeek MG75 Prunus Lannesiana\"><strong><span style=\"font-family: Chakra Petch;\"><br></span></strong></p>\n<p dir=\"ltr\"><span style=\"font-family: Chakra Petch;\">LED trắng được t&iacute;ch hợp sẵn gi&uacute;p b&agrave;n ph&iacute;m cơ AKKO MonsGeek MG75 Black &amp; Cyan trở n&ecirc;n lung linh v&agrave; độc đ&aacute;o hơn. C&aacute;c LED s&aacute;ng rực v&agrave; việc t&iacute;ch hợp LED sẵn tr&ecirc;n b&agrave;n ph&iacute;m cơ MG75 Prunus Lannesiana gi&uacute;p trải nghiệm người d&ugrave;ng tốt hơn ở kh&ocirc;ng gian thiếu s&aacute;ng.</span></p>\n<h3 dir=\"ltr\"><span style=\"font-family: Chakra Petch;\">Tương th&iacute;ch đa hệ điều h&agrave;nh</span></h3>\n<p><strong><span style=\"font-family: Chakra Petch;\">&nbsp;</span></strong></p>\n<p dir=\"ltr\"><span style=\"font-family: Chakra Petch;\">B&agrave;n ph&iacute;m cơ gi&aacute; rẻ MG75 Prunus Lannesiana tương th&iacute;ch với c&aacute;c hệ điều h&agrave;nh phổ biến hiện nay bao gồm Windows, MacOS v&agrave; Linux. Bạn c&oacute; thể sử dụng b&agrave;n ph&iacute;m cơ n&agrave;y tr&ecirc;n nhiều thiết bị kh&aacute;c nhau m&agrave; kh&ocirc;ng cần lo lắng về sự tương th&iacute;ch n&agrave;y.</span></p>\n<p><img title=\"TNC Store B&agrave;n ph&iacute;m cơ MonsGeek MG75 Prunus Lannesiana\" src=\"https://www.tncstore.vn/image/catalog/nh%20b%C3%A0i%20vi%E1%BA%BFt%20bmin/tnc-store-ban-phim-co-monsgeek-mg75-prunus-lannesiana%20(4).jpg\" alt=\"TNC Store B&agrave;n ph&iacute;m cơ MonsGeek MG75 Prunus Lannesiana\"><strong><span style=\"font-family: Chakra Petch;\"><br></span></strong></p>\n<p><strong><span style=\"font-family: Chakra Petch;\">&nbsp;</span></strong></p>\n<p dir=\"ltr\"><span style=\"font-family: Chakra Petch;\">Ngo&agrave;i ra, MG75 Prunus Lannesiana được với chế độ kết nối USB Type-C to Type-A (d&acirc;y c&oacute; thể th&aacute;o rời).</span></p>\n<h3 dir=\"ltr\"><span style=\"font-family: Chakra Petch;\">Trang bị nhiều t&iacute;nh năng hiện đại</span></h3>\n<p><strong><span style=\"font-family: Chakra Petch;\">&nbsp;</span></strong></p>\n<p dir=\"ltr\"><span style=\"font-family: Chakra Petch;\">MG75 Prunus Lannesiana c&oacute; cấu tr&uacute;c Traymount v&agrave; stab plate-mount, cho ph&eacute;p sử dụng c&aacute;c loại switch v&agrave; keycaps kh&aacute;c nhau để linh hoạt t&ugrave;y chỉnh theo sở th&iacute;ch của người sử dụng. Switch AKKO v3 Stabilizer được cải tiến về chất lượng, gi&uacute;p giảm thiểu được hiện tượng chattering v&agrave; gi&uacute;p giảm thiểu tiếng ồn khi g&otilde; ph&iacute;m.</span></p>\n<p>&nbsp;</p>\n<p dir=\"ltr\"><span style=\"font-family: Chakra Petch;\">B&agrave;n ph&iacute;m cơ MonsGeek MG75 Prunus Lannesiana cũng hỗ trợ chế độ NKRO (N-key Rollover) gi&uacute;p hạn chế hiện tượng ghosting, đồng thời hỗ trợ cả c&aacute;c t&iacute;nh năng Multimedia, Macro v&agrave; Kh&oacute;a ph&iacute;m Win để sử dụng dễ d&agrave;ng hơn trong qu&aacute; tr&igrave;nh l&agrave;m việc hoặc giải tr&iacute;.</span></p>\n<p><strong><span style=\"font-family: Chakra Petch;\">&nbsp;</span></strong></p>\n<h2 dir=\"ltr\"><span style=\"font-family: Chakra Petch;\">Tổng Kết</span></h2>\n<p><span style=\"font-family: Chakra Petch;\">&nbsp;</span></p>\n<p dir=\"ltr\"><span style=\"font-family: Chakra Petch;\">Tr&ecirc;n đ&acirc;y l&agrave; những t&iacute;nh năng nổi trội của B&agrave;n ph&iacute;m cơ AKKO MonsGeek MG75 Prunus Lannesiana. Để kh&aacute;m ph&aacute; th&ecirc;m nhiều sản phẩm <a href=\"https://www.tncstore.vn/gaming-gear.html\">Gaming Gears</a>, h&atilde;y đến ngay Showroom <a href=\"https://www.tncstore.vn/\">TNC Store</a> để trải nghiệm nh&eacute;!</span></p>'),
(25, 'Bàn phím AKKO 5075B Plus Naruto (AKKO CS switch - Crystal)', 2999000.00, 2579140.00, 'https://www.tncstore.vn/media/product/250-8346-ban-phim-co-khong-day-akko-5075b-plus-naruto-rgb-hotswap-akko-cs-sw-crystal.jpg', 14, 12, 3, 2, 2, '2025-02-12 17:56:05', '2025-05-20 16:48:28', 'Best Choice', 32, '<h2 dir=\"ltr\"><span style=\"font-family: Chakra Petch;\">Đ&aacute;nh gi&aacute; chi tiết b&agrave;n ph&iacute;m cơ AKKO 5075B Plus Naruto</span></h2>\n<p><span style=\"font-family: Chakra Petch;\">&nbsp;</span></p>\n<p dir=\"ltr\"><span style=\"font-family: Chakra Petch;\"><a href=\"https://www.tncstore.vn/ban-phim-co-akko-5075b-plus-naruto.html\">B&agrave;n ph&iacute;m cơ AKKO 5075B Plus Naruto</a> ph&aacute; vỡ đi mọi quy tắc về một chiếc <a href=\"https://www.tncstore.vn/ban-phim-co.html\">b&agrave;n ph&iacute;m gaming</a>. Sở hữu thiết kế v&ocirc; c&ugrave;ng mềm mại, nhẹ nh&agrave;ng với t&ocirc;ng m&agrave;u trắng với c&aacute;c chi tiết phối xanh độc đ&aacute;o, ấn tượng. Layout v&ocirc; c&ugrave;ng nhỏ gọn c&ugrave;ng nhiều t&iacute;nh năng nổi bật, bạn c&oacute; thể sử dụng b&agrave;n ph&iacute;m AKKO 5075B Plus ở bất kỳ đ&acirc;u khi cần. C&ugrave;ng <a href=\"https://www.tncstore.vn/\">TNC Store</a> kh&aacute;m ph&aacute; chiếc <a href=\"https://www.tncstore.vn/ban-phim-co-akko.html\">b&agrave;n ph&iacute;m AKKO</a> n&agrave;y nh&eacute;!</span></p>\n<p dir=\"ltr\"><span style=\"font-family: Chakra Petch;\">&nbsp;</span></p>\n<p dir=\"ltr\" style=\"text-align: center;\"><iframe class=\"note-video-clip\" src=\"https://www.youtube.com/embed/iHaVBWTrYpo\" width=\"640\" height=\"360\" frameborder=\"0\"></iframe><span style=\"font-family: Chakra Petch;\"><br></span></p>\n<h3 dir=\"ltr\"><span style=\"font-family: Chakra Petch;\">AKKO 5075B Plus Naruto sở hữu Layout 75% nhỏ gọn</span></h3>\n<p><span style=\"font-family: Chakra Petch;\">&nbsp;</span></p>\n<p dir=\"ltr\"><span style=\"font-family: Chakra Petch;\">AKKO 5075B Plus Naruto l&agrave; d&ograve;ng b&agrave;n ph&iacute;m TKL sở hữu layout 75% v&ocirc; c&ugrave;ng nhỏ gọn nhưng vẫn đ&aacute;p ứng tốt mọi nhu cầu từ h&agrave;ng triệu người sử dụng. C&ugrave;ng với đ&oacute;, AKKO c&ograve;n tinh tế trang bị th&ecirc;m n&uacute;m xoay tiện lợi. Với k&iacute;ch thước 335x146x42 mm v&agrave; chỉ nặng ~ 1.1Kg bạn ho&agrave;n to&agrave;n c&oacute; thể cất gọn trong balo c&ugrave;ng c&aacute;c thiết bị kh&aacute;c như chuột m&aacute;y t&iacute;nh, tai nghe v&agrave; nhiều phụ kiện gaming gear để c&oacute; thể sử dụng ở bất kỳ đ&acirc;u khi cần.</span></p>\n<p dir=\"ltr\"><span style=\"font-family: Chakra Petch;\">&nbsp;</span></p>\n<p dir=\"ltr\"><img title=\"TNC Store b&agrave;n ph&iacute;m cơ AKKO 5075B Plus Naruto\" src=\"https://www.tncstore.vn/image/catalog/nh%20b%C3%A0i%20vi%E1%BA%BFt%20bmin/tncstore-ban-phim-co-akko-5075b-plus-naruto-1.jpg\" alt=\"TNC Store b&agrave;n ph&iacute;m cơ AKKO 5075B Plus Naruto\"><span style=\"font-family: Chakra Petch;\"><br></span></p>\n<h3 dir=\"ltr\"><span style=\"font-family: Chakra Petch;\">Thiết kế sang trọng với họa tiết Naruto</span></h3>\n<p><span style=\"font-family: Chakra Petch;\">&nbsp;</span></p>\n<p dir=\"ltr\"><span style=\"font-family: Chakra Petch;\">Ph&aacute; đi mọi quy tắc về một chiếc b&agrave;n ph&iacute;m m&aacute;y t&iacute;nh sở hữu t&ocirc;ng m&agrave;u huyền b&iacute; với c&aacute;c chi tiết g&oacute;c cạnh mạnh mẽ. AKKO mang đến thị trường d&ograve;ng sản phẩm sở hữu t&ocirc;ng m&agrave;u nhẹ nh&agrave;ng với c&aacute;c chi tiết được gia c&ocirc;ng tỉ mỉ tạo n&ecirc;n tổng thể v&ocirc; c&ugrave;ng sang trọng.&nbsp;</span></p>\n<p dir=\"ltr\"><span style=\"font-family: Chakra Petch;\">&nbsp;</span></p>\n<p dir=\"ltr\"><img title=\"TNC Store b&agrave;n ph&iacute;m cơ AKKO 5075B Plus Naruto\" src=\"https://www.tncstore.vn/image/catalog/nh%20b%C3%A0i%20vi%E1%BA%BFt%20bmin/tncstore-ban-phim-co-akko-5075b-plus-naruto-3.jpg\" alt=\"TNC Store b&agrave;n ph&iacute;m cơ AKKO 5075B Plus Naruto\"><span style=\"font-family: Chakra Petch;\"><br></span></p>\n<h3 dir=\"ltr\"><span style=\"font-family: Chakra Petch;\">LED RGB c&oacute; thể nh&aacute;y theo nhạc v&agrave; c&oacute; cả LED viền</span></h3>\n<p><span style=\"font-family: Chakra Petch;\">&nbsp;</span></p>\n<p dir=\"ltr\"><span style=\"font-family: Chakra Petch;\">B&ecirc;n cạnh thiết kế độc đ&aacute;o, phối m&agrave;u ấn tượng để tăng th&ecirc;m phần nổi bật, AKKO sử dụng hệ thống đ&egrave;n LED RGB tăng th&ecirc;m phần nổi bật của chiếc b&agrave;n ph&iacute;m với nhiều hiệu ứng ri&ecirc;ng biệt. Ngo&agrave;i rai, phần LED chiếu s&aacute;ng tr&ecirc;n 5075B Plus c&ograve;n c&oacute; thể nh&aacute;y theo nhạc, tạo n&ecirc;n kh&ocirc;ng gian đầy sắc m&agrave;u RGB khi kết hợp c&ugrave;ng chuột m&aacute;y t&iacute;nh, tai nghe gaming v&agrave; nhiều phụ kiện kh&aacute;c.</span></p>\n<p dir=\"ltr\"><span style=\"font-family: Chakra Petch;\">&nbsp;</span></p>\n<p dir=\"ltr\"><img title=\"TNC Store b&agrave;n ph&iacute;m cơ AKKO 5075B Plus Naruto\" src=\"https://www.tncstore.vn/image/catalog/nh%20b%C3%A0i%20vi%E1%BA%BFt%20bmin/tncstore-ban-phim-co-akko-5075b-plus-naruto-4.jpg\" alt=\"TNC Store b&agrave;n ph&iacute;m cơ AKKO 5075B Plus Naruto\"><span style=\"font-family: Chakra Petch;\"><br></span></p>\n<h3 dir=\"ltr\"><span style=\"font-family: Chakra Petch;\">AKKO 5075B Plus Naruto sử dụng AKKO Switch v3 độc quyền</span></h3>\n<p dir=\"ltr\"><span style=\"font-family: Chakra Petch;\">Cảm gi&aacute;c g&otilde; đầm, chắc tay độ phản hồi nhanh ch&iacute;nh l&agrave; những g&igrave; bạn c&oacute; thể cảm nhận khi test b&agrave;n ph&iacute;m AKKO 5075B Plus Naruto tại TNC Store. Sử dụng Switch AKKO V3 độc quyền với AKKO Crystal Switch để người chơi c&oacute; thể t&igrave;m được chiếc b&agrave;n ph&iacute;m ph&ugrave; hợp với nhu cầu sử dụng v&agrave; sở th&iacute;ch c&aacute; nh&acirc;n.</span></p>\n<p dir=\"ltr\"><span style=\"font-family: Chakra Petch;\">&nbsp;</span></p>\n<p dir=\"ltr\"><img title=\"TNC Store b&agrave;n ph&iacute;m cơ AKKO 5075B Plus Naruto\" src=\"https://www.tncstore.vn/image/catalog/nh%20b%C3%A0i%20vi%E1%BA%BFt%20bmin/tncstore-ban-phim-co-akko-5075b-plus-naruto-5.jpg\" alt=\"TNC Store b&agrave;n ph&iacute;m cơ AKKO 5075B Plus Naruto\"><span style=\"font-family: Chakra Petch;\"><br></span></p>\n<h3 dir=\"ltr\"><span style=\"font-family: Chakra Petch;\">Keycap PBT Double-Shot, ASA profile</span></h3>\n<p dir=\"ltr\"><span style=\"font-family: Chakra Petch;\">Kh&ocirc;ng dừng lại ở đ&oacute;, bộ keycaps với chất liệu PBT si&ecirc;u bền c&ugrave;ng c&ocirc;ng nghệ in Double-Shot gi&uacute;p c&aacute;c k&yacute; tự đẹp mắt, chống ố m&agrave;u tr&ecirc;n mỗi ph&iacute;m bấm của họa tiết Naruto theo thời gian sử dụng.</span></p>\n<p dir=\"ltr\"><span style=\"font-family: Chakra Petch;\">&nbsp;</span></p>\n<p dir=\"ltr\"><img title=\"TNC Store b&agrave;n ph&iacute;m cơ AKKO 5075B Plus Naruto\" src=\"https://www.tncstore.vn/image/catalog/nh%20b%C3%A0i%20vi%E1%BA%BFt%20bmin/tncstore-ban-phim-co-akko-5075b-plus-naruto-2.jpg\" alt=\"TNC Store b&agrave;n ph&iacute;m cơ AKKO 5075B Plus Naruto\"><span style=\"font-family: Chakra Petch;\"><br></span></p>\n<h3 dir=\"ltr\"><span style=\"font-family: Chakra Petch;\">Dễ d&agrave;ng tương th&iacute;ch với mọi thiết bị</span></h3>\n<p dir=\"ltr\"><span style=\"font-family: Chakra Petch;\">Để tăng th&ecirc;m t&iacute;nh tiện lợi AKKO 5075B Plus Naruto được t&iacute;ch hợp 3 chế độ kết nối kh&aacute;c nhau để sử dụng tốt tr&ecirc;n c&aacute;c thiết bị sử dụng hệ điều h&agrave;nh Windows / MacOS / Linux.&nbsp; Bạn c&oacute; thể sử dụng như những chiếc b&agrave;n ph&iacute;m bluetooth với độ trễ cực kỳ thấp, b&agrave;n ph&iacute;m kh&ocirc;ng d&acirc;y qua c&ocirc;ng nghệ Wireless 2.4GHz với phạm vi kết nối l&ecirc;n đến 10M v&agrave; c&oacute; d&acirc;y tiện lợi qua c&aacute;p c&oacute; thể th&aacute;o rời.</span></p>\n<p dir=\"ltr\"><span style=\"font-family: Chakra Petch;\">&nbsp;</span></p>\n<p dir=\"ltr\"><img title=\"TNC Store b&agrave;n ph&iacute;m cơ AKKO 5075B Plus Naruto\" src=\"https://www.tncstore.vn/image/catalog/nh%20b%C3%A0i%20vi%E1%BA%BFt%20bmin/tncstore-ban-phim-co-akko-5075b-plus-naruto-6.jpg\" alt=\"TNC Store b&agrave;n ph&iacute;m cơ AKKO 5075B Plus Naruto\"><span style=\"font-family: Chakra Petch;\"><br></span></p>\n<h2 dir=\"ltr\"><span style=\"font-family: Chakra Petch;\">Lời kết</span></h2>\n<p><span style=\"font-family: Chakra Petch;\">&nbsp;</span></p>\n<p dir=\"ltr\"><span style=\"font-family: Chakra Petch;\">Đ&acirc;y l&agrave; một trong những mẫu b&agrave;n ph&iacute;m cơ được rất nhiều người y&ecirc;u th&iacute;ch đặc biệt với những bạn l&agrave; fan của bộ truyện tranh Naruto.</span></p>'),
(26, 'Máy chơi game Sony Playstation 5 (PS5) Standard Marvel\'s Spider-Man 2 Limited - Hàng NK', 19799000.00, 12869350.00, 'https://www.tncstore.vn/media/product/250-9012-ps5-1.jpg', 35, 28, 4, 3, 3, '2025-02-12 17:56:05', '2025-05-20 16:49:40', 'Best Choice', 44, '<h2 dir=\"ltr\">Đ&aacute;nh gi&aacute; chi tiết M&aacute;y chơi game Sony Playstation 5 Standard Marvel\'s Spider-Man 2 Limited</h2>\n<p><strong id=\"docs-internal-guid-96251db4-7fff-531e-7c5c-278806e2c9c1\">&nbsp;</strong></p>\n<p dir=\"ltr\"><a href=\"https://www.tncstore.vn/\">TNC Store</a> giới thiệu đến qu&yacute; kh&aacute;ch h&agrave;ng <a href=\"https://www.tncstore.vn/may-play-station-5.html\">m&aacute;y PlayStation 5</a> c&oacute; thiết kế được lấy cảm hứng từ symbiote trong tr&ograve; chơi đang chiếm lĩnh <a href=\"https://www.tncstore.vn/may-choi-game.html\">m&aacute;y chơi game</a> v&agrave; tay cầm điều khiển, nhưng bạn vẫn c&oacute; thể thấy một số m&agrave;u đỏ b&ecirc;n dưới c&aacute;c đường g&acirc;n. Điều n&agrave;y thể hiện nhiều c&aacute;ch kh&aacute;c nhau m&agrave; người chơi sẽ trải nghiệm khi sở hữu <a href=\"https://www.tncstore.vn/may-play-station-5/may-choi-game-sony-playstation-standard-marvel-spider-man-2-chinh-hang.html\">m&aacute;y chơi game Sony PlayStation 5 Standard Marvel&rsquo;s Spider-Man 2 Limited</a>.</p>\n<p dir=\"ltr\">&nbsp;</p>\n<p dir=\"ltr\" style=\"text-align: center;\"><iframe src=\"https://www.youtube.com/embed/BuqYez4j3fw\" width=\"700\" height=\"350\"></iframe></p>\n<p dir=\"ltr\">&nbsp;</p>\n<p dir=\"ltr\"><img title=\"TNC Store Sony Playstation 5 Standard Marvel Spider Man 2 nhập khẩu\" src=\"https://www.tncstore.vn/image/catalog/nh%20b%C3%A0i%20vi%E1%BA%BFt%20bmin/tnc-store-sony-playstation-5-standard-marvel-spider-man-2-nhap-khau%20(1).jpg\" alt=\"TNC Store Sony Playstation 5 Standard Marvel Spider Man 2 nhập khẩu\"></p>\n<h3 dir=\"ltr\">Tay cầm Dualsense</h3>\n<p><strong>&nbsp;</strong></p>\n<p dir=\"ltr\">Chiếc tay cầm Dualsense mang đến một trải nghiệm mới lạ,&nbsp; hấp dẫn hơn cho người chơi.</p>\n<p dir=\"ltr\">&nbsp;</p>\n<p dir=\"ltr\"><img title=\"TNC Store Sony Playstation 5 Standard Marvel Spider Man 2 nhập khẩu\" src=\"https://www.tncstore.vn/image/catalog/nh%20b%C3%A0i%20vi%E1%BA%BFt%20bmin/tnc-store-sony-playstation-5-standard-marvel-spider-man-2-nhap-khau%20(6).jpg\" alt=\"TNC Store Sony Playstation 5 Standard Marvel Spider Man 2 nhập khẩu\"></p>\n<h4 dir=\"ltr\">Adaptive Triggers</h4>\n<p><strong>&nbsp;</strong></p>\n<p><img title=\"TNC Store Sony Playstation 5 Standard Marvel Spider Man 2 nhập khẩu\" src=\"https://www.tncstore.vn/image/catalog/nh%20b%C3%A0i%20vi%E1%BA%BFt%20bmin/tnc-store-sony-playstation-5-standard-marvel-spider-man-2-nhap-khau%20(14).jpg\" alt=\"TNC Store Sony Playstation 5 Standard Marvel Spider Man 2 nhập khẩu\"><strong><br></strong></p>\n<h4 dir=\"ltr\">T&iacute;nh năng phản hồi rung</h4>\n<p><strong>&nbsp;</strong></p>\n<p><img title=\"TNC Store Sony Playstation 5 Standard Marvel Spider Man 2 nhập khẩu\" src=\"https://www.tncstore.vn/image/catalog/nh%20b%C3%A0i%20vi%E1%BA%BFt%20bmin/tnc-store-sony-playstation-5-standard-marvel-spider-man-2-nhap-khau%20(13).jpg\" alt=\"TNC Store Sony Playstation 5 Standard Marvel Spider Man 2 nhập khẩu\"><strong><br></strong></p>\n<h4 dir=\"ltr\">Microphone t&iacute;ch hợp</h4>\n<p><strong>&nbsp;</strong></p>\n<p><img title=\"TNC Store Sony Playstation 5 Standard Marvel Spider Man 2 nhập khẩu\" src=\"https://www.tncstore.vn/image/catalog/nh%20b%C3%A0i%20vi%E1%BA%BFt%20bmin/tnc-store-sony-playstation-5-standard-marvel-spider-man-2-nhap-khau%20(7).jpg\" alt=\"TNC Store Sony Playstation 5 Standard Marvel Spider Man 2 nhập khẩu\"><strong><br></strong></p>\n<h4 dir=\"ltr\">N&uacute;t Share tiện lợi</h4>\n<p><strong>&nbsp;</strong></p>\n<p><img title=\"TNC Store Sony Playstation 5 Standard Marvel Spider Man 2 nhập khẩu\" src=\"https://www.tncstore.vn/image/catalog/nh%20b%C3%A0i%20vi%E1%BA%BFt%20bmin/tnc-store-sony-playstation-5-standard-marvel-spider-man-2-nhap-khau%20(10).jpg\" alt=\"TNC Store Sony Playstation 5 Standard Marvel Spider Man 2 nhập khẩu\"><strong><br></strong></p>\n<h4 dir=\"ltr\">SSD si&ecirc;u nhanh</h4>\n<p><strong>&nbsp;</strong></p>\n<p><img title=\"TNC Store Sony Playstation 5 Standard Marvel Spider Man 2 nhập khẩu\" src=\"https://www.tncstore.vn/image/catalog/nh%20b%C3%A0i%20vi%E1%BA%BFt%20bmin/tnc-store-sony-playstation-5-standard-marvel-spider-man-2-nhap-khau%20(9).jpg\" alt=\"TNC Store Sony Playstation 5 Standard Marvel Spider Man 2 nhập khẩu\"><strong><br></strong></p>\n<h4 dir=\"ltr\">Cải thiện tốc độ load game</h4>\n<p><strong>&nbsp;</strong></p>\n<p dir=\"ltr\">SSD thế hệ mới với tốc độ cực cao tối ưu thời gian chơi game của bạn với việc load game cực nhanh</p>\n<h4 dir=\"ltr\">Mở ra những c&aacute;ch s&aacute;ng tạo game mới</h4>\n<p dir=\"ltr\">Việc load c&aacute;c chi tiết một c&aacute;ch nhanh ch&oacute;ng, dễ d&agrave;ng, kể cả với những chi tiết phức tạp, gi&uacute;p cho nh&agrave; ph&aacute;t triển game c&oacute; thể s&aacute;ng tạo th&ecirc;m c&aacute;c chi tiết, c&aacute;ch chơi mới trong game</p>\n<h4 dir=\"ltr\">C&oacute; thể n&acirc;ng cấp</h4>\n<p dir=\"ltr\">Ngo&agrave;i chiếc SSD được t&iacute;ch hợp tr&ecirc;n bo mạch, người d&ugrave;ng c&oacute; thể n&acirc;ng cấp dung lượng th&ocirc;ng qua khe SSD M2 được bố tr&iacute; kh&aacute; dễ d&agrave;ng lắp đặt</p>\n<p><strong>&nbsp;</strong></p>\n<p dir=\"ltr\">*Lưu &yacute;: M&aacute;y tương th&iacute;ch với SSD M2 NVMe Gen 4x4</p>\n<p dir=\"ltr\">&nbsp;</p>\n<p dir=\"ltr\"><img title=\"TNC Store Sony Playstation 5 Standard Marvel Spider Man 2 nhập khẩu\" src=\"https://www.tncstore.vn/image/catalog/nh%20b%C3%A0i%20vi%E1%BA%BFt%20bmin/tnc-store-sony-playstation-5-standard-marvel-spider-man-2-nhap-khau%20(15).jpg\" alt=\"TNC Store Sony Playstation 5 Standard Marvel Spider Man 2 nhập khẩu\"></p>\n<h3 dir=\"ltr\">Đồ hoạ cải tiến đ&aacute;ng kinh ngạc</h3>\n<p dir=\"ltr\">Với phần cứng mạnh mẽ, PS5 c&oacute; thể đ&aacute;p ứng c&aacute;c ti&ecirc;u ch&iacute; đồ hoạ cao cấp m&agrave; vẫn mang lại sự mượt m&agrave; cho trải nghiệm chơi game</p>\n<p><strong>&nbsp;</strong></p>\n<h4 dir=\"ltr\">Ray Traycing</h4>\n<p><strong>&nbsp;</strong></p>\n<p><img title=\"TNC Store Sony Playstation 5 Standard Marvel Spider Man 2 nhập khẩu\" src=\"https://www.tncstore.vn/image/catalog/nh%20b%C3%A0i%20vi%E1%BA%BFt%20bmin/tnc-store-sony-playstation-5-standard-marvel-spider-man-2-nhap-khau%20(8).jpg\" alt=\"TNC Store Sony Playstation 5 Standard Marvel Spider Man 2 nhập khẩu\"><strong><br></strong></p>\n<h4 dir=\"ltr\">Dải m&agrave;u ấn tượng</h4>\n<p><strong>&nbsp;</strong></p>\n<p><img title=\"TNC Store Sony Playstation 5 Standard Marvel Spider Man 2 nhập khẩu\" src=\"https://www.tncstore.vn/image/catalog/nh%20b%C3%A0i%20vi%E1%BA%BFt%20bmin/tnc-store-sony-playstation-5-standard-marvel-spider-man-2-nhap-khau%20(12).jpg\" alt=\"TNC Store Sony Playstation 5 Standard Marvel Spider Man 2 nhập khẩu\"><strong><br></strong></p>\n<h4 dir=\"ltr\">Độ ph&acirc;n giải hiển thị cao, mượt m&agrave;</h4>\n<p><strong>&nbsp;</strong></p>\n<p><img title=\"TNC Store Sony Playstation 5 Standard Marvel Spider Man 2 nhập khẩu\" src=\"https://www.tncstore.vn/image/catalog/nh%20b%C3%A0i%20vi%E1%BA%BFt%20bmin/tnc-store-sony-playstation-5-standard-marvel-spider-man-2-nhap-khau%20(4).jpg\" alt=\"TNC Store Sony Playstation 5 Standard Marvel Spider Man 2 nhập khẩu\"><strong><br></strong></p>\n<h4 dir=\"ltr\">T&iacute;nh năng VRR</h4>\n<p><strong>&nbsp;</strong></p>\n<p dir=\"ltr\">Variable Refresh Rate - t&iacute;nh năng nổi bật mới được update, VRR tự động đồng bộ h&oacute;a tần số qu&eacute;t (hay tốc độ l&agrave;m tươi, tốc độ l&agrave;m mới) của TV v&agrave; m&agrave;n h&igrave;nh PC HDMI 2.1 (y&ecirc;u cầu tương th&iacute;ch VRR) với đầu ra đồ họa của PS5, gi&uacute;p giảm thiểu hoặc loại bỏ c&aacute;c vấn đề về h&igrave;nh ảnh như tốc độ khung h&igrave;nh trồi sụt hay hiện tượng x&eacute; h&igrave;nh mang lại trải nghiệm si&ecirc;u mượt.</p>\n<p dir=\"ltr\">&nbsp;</p>\n<p dir=\"ltr\"><img title=\"TNC Store Sony Playstation 5 Standard Marvel Spider Man 2 nhập khẩu\" src=\"https://www.tncstore.vn/image/catalog/nh%20b%C3%A0i%20vi%E1%BA%BFt%20bmin/tnc-store-sony-playstation-5-standard-marvel-spider-man-2-nhap-khau%20(11).jpg\" alt=\"TNC Store Sony Playstation 5 Standard Marvel Spider Man 2 nhập khẩu\"></p>\n<h4 dir=\"ltr\">T&iacute;nh năng 3D Audio</h4>\n<p><img title=\"TNC Store Sony Playstation 5 Standard Marvel Spider Man 2 nhập khẩu\" src=\"https://www.tncstore.vn/image/catalog/nh%20b%C3%A0i%20vi%E1%BA%BFt%20bmin/tnc-store-sony-playstation-5-standard-marvel-spider-man-2-nhap-khau%20(5).jpg\" alt=\"TNC Store Sony Playstation 5 Standard Marvel Spider Man 2 nhập khẩu\"><strong><br></strong></p>\n<h4 dir=\"ltr\">Kho Game phong ph&uacute;, tuyệt vời</h4>\n<p><strong>&nbsp;</strong></p>\n<p dir=\"ltr\">Ngo&agrave;i c&aacute;c game PS5, Sony cũng đem lại cho người d&ugrave;ng t&iacute;nh năng tương th&iacute;ch ngược đ&aacute;ng kinh ngạc, bạn c&oacute; thể chơi lại cả kho game PS4 bằng c&aacute;ch sử dụng đĩa game vật l&yacute; hoặc tải về từ hệ thống Playstation Store</p>\n<p><strong>&nbsp;</strong></p>\n<p><img title=\"TNC Store Sony Playstation 5 Standard Marvel Spider Man 2 nhập khẩu\" src=\"https://www.tncstore.vn/image/catalog/nh%20b%C3%A0i%20vi%E1%BA%BFt%20bmin/tnc-store-sony-playstation-5-standard-marvel-spider-man-2-nhap-khau%20(2).jpg\" alt=\"TNC Store Sony Playstation 5 Standard Marvel Spider Man 2 nhập khẩu\"><strong><br></strong></p>\n<p><strong>&nbsp;</strong></p>\n<p><img title=\"TNC Store Sony Playstation 5 Standard Marvel Spider Man 2 nhập khẩu\" src=\"https://www.tncstore.vn/image/catalog/nh%20b%C3%A0i%20vi%E1%BA%BFt%20bmin/tnc-store-sony-playstation-5-standard-marvel-spider-man-2-nhap-khau%20(3).jpg\" alt=\"TNC Store Sony Playstation 5 Standard Marvel Spider Man 2 nhập khẩu\"><strong><br></strong></p>\n<p><strong>&nbsp;</strong></p>\n<p><iframe class=\"note-video-clip\" src=\"https://www.youtube.com/embed/T03PxxuCfDA\" width=\"640\" height=\"360\" frameborder=\"0\"></iframe><strong><br></strong></p>\n<p dir=\"ltr\">Kh&aacute;m ph&aacute; th&ecirc;m c&aacute;c sản phẩm m&aacute;y chơi game ở <a href=\"https://www.tncstore.vn/\">TNC Store</a> nh&eacute;!</p>'),
(27, 'Laptop Lenovo LOQ 15ARP9 AMD R7-7435HS/ 16GB/ 512GB/ RTX4060/ 15.6 inch FHD/ Win 11/ Grey/ NK_83JC0000US', 1800000.00, 1590000.00, 'https://www.tncstore.vn/media/product/250-11184-laptop-lenovo-loq-15arp9-83jc0000us.jpg', 15, 50, 7, 4, 4, '2025-02-12 17:56:05', '2025-04-12 08:59:26', 'Best Seller', 234, NULL);
INSERT INTO `products` (`productId`, `name`, `priceOld`, `priceNew`, `imageUrl`, `sale`, `stockQuantity`, `categoryId`, `supplierId`, `brandId`, `createdAt`, `updatedAt`, `highlightType`, `reviewCount`, `descHTML`) VALUES
(28, 'PC Gaming - Sentinal I4090 Eva 02 Limited Edition 01', 135990000.00, 129190500.00, 'https://www.tncstore.vn/media/product/250-9204-pc-gaming-sentinal-i4090-eva-02-limited-edition-01--16-.jpg', 5, 119, 1, 8, 8, '2025-02-12 17:56:05', '2025-05-15 17:25:22', 'Best Choice', 10, '<h2><strong>Đ&aacute;nh Gi&aacute; Chi Tiết </strong><a href=\"https://www.tncstore.vn/pc-gaming-sentinal-i4090-eva-02-limited-edition-01.html\"><strong>PC Gaming Sentinal I4090 Eva 02 Limited Edition 01&nbsp;</strong></a></h2>\n<p><strong>PC Sentinal I4090 Eva 02 Limited Edition 01 </strong>l&agrave; bộ PC Gaming mạnh mẽ về hiệu năng cũng như sự tinh tế về thiết kế của từng linh kiện, chắc chắn sẽ l&agrave; bộ PC quốc d&acirc;n được săn đ&oacute;n nhiều nhất gần đ&acirc;y sẽ l&agrave; lựa chọn tuyệt vời cho game thủ.</p>\n<p style=\"text-align: center;\"><strong><iframe src=\"https://www.youtube.com/embed/FJe1HUTmUiQ\" width=\"700\" height=\"400\"></iframe></strong></p>\n<h3><strong>CPU Intel Core i3-12100F - PC Gaming Sentinal I4090 Eva 02 Limited Edition 0</strong></h3>\n<p>Chip Intel Core i3-12100F thế hệ 12 n&agrave;y được cải tiến nhiều về tốc độ, hiệu suất c&ugrave;ng với sự kết hợp giữa nh&acirc;n tiết kiệm điện Efficient-cores (E-cores). C&ugrave;ng với đ&oacute; l&agrave; nh&acirc;n hiệu năng cao Performance cores (P-cores).</p>\n<p><strong><img src=\"https://www.tncstore.vn/media/lib/06-11-2023/tnc-store-pc-gaming-sentinal-i4090-eva-02-limited-edition-011.jpg\" alt=\"TNC Store PC Gaming Sentinal I4090 Eva 02 Limited Edition 01\" width=\"613\" height=\"613\"></strong></p>\n<p><a href=\"https://www.tncstore.vn/cpu-intel-core-i3-12100f.html\"><strong>CPU Intel Core i3-12100F</strong></a> được trang bị bộ tản nhiệt c&oacute; thiết kế h&igrave;nh xoắn ốc kết nối với tấm đế đồng. B&ecirc;n cạnh đ&oacute; c&ograve;n c&oacute; 5 c&aacute;nh quạt bằng nh&ocirc;m với logo Intel c&oacute; nhiệm vụ l&agrave;m m&aacute;t chip. Từ đ&oacute; gi&uacute;p tăng hiệu quả tản nhiệt tốt hơn cho CPU. Với cơ chế lắp r&aacute;p, bộ tản nhiệt n&agrave;y bao gồm 4 ch&acirc;n đẩy v&agrave; k&eacute;o, dễ d&agrave;ng lắp r&aacute;p tr&ecirc;n bất kỳ bo mạch chủ n&agrave;o của LGA 1700.&nbsp;</p>\n<p><strong>&nbsp;</strong></p>\n<h3><strong>Bo Mạch Chủ Asus ROG MAXIMUS Z790 HERO EVA 02 DDR5</strong></h3>\n<p><strong><img src=\"https://www.tncstore.vn/media/lib/06-11-2023/tnc-store-pc-gaming-sentinal-i4090-eva-02-limited-edition-018.jpg\" alt=\"TNC Store PC Gaming Sentinal I4090 Eva 02 Limited Edition 01\" width=\"590\" height=\"590\"></strong></p>\n<p><a href=\"https://www.tncstore.vn/bo-mach-chu-asus-rog-maximus-z790-hero-eva-02-ddr5.html\"><strong>ROG Maximus Z790 Hero EVA-02 Edition</strong></a> l&agrave; kết quả của sự hợp t&aacute;c mới xoay quanh EVA-02 v&agrave; Asuka của bộ anime Evangelion nổi tiếng từ l&acirc;u. Sau khi thu h&uacute;t sự ch&uacute; &yacute; của bạn với chủ đề m&agrave;u đỏ cam đặc trưng của EVA-02 v&agrave; c&aacute;c vệt m&agrave;u xanh l&aacute; c&acirc;y, sự khởi sắc về mặt nghệ thuật tiếp tục xuất hiện: thiết kế AT Field bao quanh ổ cắm CPU v&agrave; đ&egrave;n Polymo tr&ecirc;n nắp I/O chuyển đổi giữa Asuka v&agrave; EVA th&ocirc;ng thường -02. Thiết kế tấm ốp lưng thể hiện chế độ EVA-02 &ldquo;The Beast&rdquo; v&agrave; c&aacute;c mẫu Evangelion, l&agrave;m tăng th&ecirc;m vẻ hấp dẫn về mặt h&igrave;nh ảnh của bo mạch chủ. V&agrave; với tư c&aacute;ch l&agrave; bo mạch chủ ROG Maximus, n&oacute; cung cấp tất cả c&aacute;c t&iacute;nh năng mạnh mẽ, l&agrave;m m&aacute;t v&agrave; linh hoạt cần thiết để n&acirc;ng hiệu năng l&ecirc;n một tầm cao mới.</p>\n<h3><strong>Tản nhiệt nước ASUS ROG RYUJIN III 360 ARGB EVA-02 EDITION</strong></h3>\n<p><strong>&nbsp;</strong></p>\n<p>C&aacute;c quạt ARGB trong <a href=\"https://www.tncstore.vn/tan-nhiet-nuoc-asus-rog-ryujin-iii-360-argb-eva-02-edition.html\"><strong>Tản nhiệt nước ASUS ROG RYUJIN III 360 ARGB EVA-02 EDITION</strong></a> t&ugrave;y chỉnh c&oacute; thể gh&eacute;p với nhau th&ocirc;ng qua một đầu nối nam ch&acirc;m, kết nối c&aacute;c quạt v&agrave; truyền t&iacute;n hiệu điều khiển v&agrave; nguồn điện. Chỉ cần một d&acirc;y c&aacute;p cho cả hai quạt, gi&uacute;p việc c&agrave;i đặt v&agrave; quản l&yacute; d&acirc;y c&aacute;p trở n&ecirc;n đơn giản hơn bao giờ hết.</p>\n<p><strong><img src=\"https://www.tncstore.vn/media/lib/06-11-2023/tnc-store-pc-gaming-sentinal-i4090-eva-02-limited-edition-015.jpg\" alt=\"TNC Store PC Gaming Sentinal I4090 Eva 02 Limited Edition 01\" width=\"613\" height=\"613\"></strong></p>\n<p>M&agrave;n h&igrave;nh LCD 3.5 inch h&agrave;ng đầu trong ng&agrave;nh được t&iacute;ch hợp v&agrave;o khối bơm cung cấp gi&aacute;m s&aacute;t nhanh ch&oacute;ng về tần số đồng hồ, điện &aacute;p, nhiệt độ, tốc độ quạt v&agrave; lưu lượng nước, hoặc những GIF t&ugrave;y chỉnh của bạn.</p>\n<h3><strong>Nguồn Asus ROG Thor 1000W - 80 Plus Platinum II Eva Edition</strong></h3>\n<p><strong><img src=\"https://www.tncstore.vn/media/lib/06-11-2023/tnc-store-pc-gaming-sentinal-i4090-eva-02-limited-edition-012.jpg\" alt=\"TNC Store PC Gaming Sentinal I4090 Eva 02 Limited Edition 01\" width=\"700\" height=\"700\"></strong></p>\n<p>Sau sự kết hợp th&agrave;nh c&ocirc;ng với Gundam th&igrave; nay ASUS tiếp tục chiều fan anime/manga với một collab với series anime kh&ocirc;ng k&eacute;m phần nổi tiếng đến từ đất nước mặt trời mọc, Evangelion. Những h&igrave;nh tượng về Angel, Unit trong bộ phim đ&atilde; tạo cảm hứng x&acirc;y dựng n&ecirc;n những chi tiết bắt mắt tr&ecirc;n <a href=\"https://www.tncstore.vn/nguon-asus-rog-thor-1000w-80-plus-platinum-2-eva-edition.html\"><strong>nguồn m&aacute;y t&iacute;nh ASUS ROG Thor 1000W Platinum II EVA Edition</strong></a>. Những chi tiết từ logo ASUS ROG đến h&igrave;nh vẽ li&ecirc;n quan đến Evangelion được trau chuốt bắt mắt, khi đ&oacute; logo nổi bật với đ&egrave;n nền. Mặt tr&ecirc;n l&agrave; những đường ch&eacute;o bắt ngang qua tr&ecirc;n phần quạt tản nhiệt tạo cảm gi&aacute;c về một bộ m&aacute;y chuẩn bị tham gia v&agrave;o trận chiến. Đ&acirc;y sẽ sự lựa chọn tuyệt vời t&ocirc; điểm cho case m&aacute;y t&iacute;nh.</p>\n<h3><strong>Card M&agrave;n H&igrave;nh Asus ROG Strix RTX&reg; 4090 OC EVA 02 Edition 24GB</strong></h3>\n<p><strong><img src=\"https://www.tncstore.vn/media/lib/06-11-2023/tnc-store-pc-gaming-sentinal-i4090-eva-02-limited-edition-017.jpg\" alt=\"TNC Store PC Gaming Sentinal I4090 Eva 02 Limited Edition 01\" width=\"598\" height=\"598\"></strong></p>\n<p>ROG tiếp tục dự &aacute;n EVANGELION d&agrave;nh cho game thủ với thiết kế m&aacute;y ho&agrave;n to&agrave;n mới xoay quanh EVA-02 v&agrave; Asuka. Bước v&agrave;o tương lai với <a href=\"https://www.tncstore.vn/card-man-hinh-asus-rog-strix-rtx-4090-oc-eva-02-edition-24gb.html\"><strong>Asus ROG Strix GeForce RTX 4090 OC EVA 02 Edition</strong></a>. Được thiết kế với sự hợp t&aacute;c của dự &aacute;n EVANGELION, card đồ họa mạnh mẽ n&agrave;y tự h&agrave;o c&oacute; t&iacute;nh thẩm mỹ tuyệt đẹp lấy cảm hứng từ EVA-02. Tấm che v&agrave; tấm ốp lưng c&oacute; c&aacute;c yếu tố thiết kế phức tạp, trong khi bảng ARGB ph&iacute;a trước thể hiện hiệu ứng đồng bộ h&oacute;a mang t&iacute;nh biểu tượng.</p>\n<h3><strong>RAM Corsair Dominator Platinum RGB 32GB (2x16GB) 5600Mhz</strong></h3>\n<p><strong>&nbsp;</strong></p>\n<p><a href=\"https://www.tncstore.vn/ram-corsair-dominator-platinum-rgb-32gb-5600mhz.html\"><strong>Corsair DOMINATOR PLATINUM RGB</strong></a> Heatspreader sử dụng chuẩn DDR5 mới nhất cho hiệu năng tốt hơn hẳn DDR4, sẵn s&agrave;ng cho c&aacute;c thế hệ CPU &amp; bo mạch chủ mới nhất đến từ Intel.&nbsp;</p>\n<p><strong><img src=\"https://www.tncstore.vn/media/lib/06-11-2023/tnc-store-pc-gaming-sentinal-i4090-eva-02-limited-edition-013.jpg\" alt=\"TNC Store PC Gaming Sentinal I4090 Eva 02 Limited Edition 01\" width=\"619\" height=\"619\"></strong></p>\n<p>Đ&acirc;y cũng l&agrave; d&ograve;ng RAM cao cấp nhất của Corsair v&agrave; lu&ocirc;n đứng đầu trong những bộ kit RAM cao cấp nhất. Với khả năng kiểm so&aacute;t v&agrave; tự động điều chỉnh điện &aacute;p gi&uacute;p tối ưu khả năng &eacute;p xung, gia tăng hiệu năng.</p>\n<h3><strong>Ổ cứng SSD Samsung 990 PRO 2TB M.2 NVMe PCIe Gen 4.0 x4</strong></h3>\n<p><strong>&nbsp;</strong></p>\n<p><a href=\"https://www.tncstore.vn/o-cung-ssd-samsung-990-pro-2tb-m2-gen-4.html\"><strong>Ổ cứng SSD Samsung 990 PRO 2TB M.2 NVMe PCIe Gen 4.0 x4</strong></a> l&agrave; sản phẩm cực kỳ mới sử dụng c&ocirc;ng nghệ cao. Giao diện PCIe Gen 4.0 mang đến sự vượt trội hơn Gen 3 rất nhiều. Tốc độ của n&oacute; c&oacute; thể l&ecirc;n tới 7450MB/s, đọc &ndash; ghi ngẫu nhi&ecirc;n đạt tới 1550K IOPS. Đ&acirc;y l&agrave; một hiệu suất cực kỳ cao cho m&aacute;y t&iacute;nh hoạt động với những t&aacute;c vụ đ&ograve;i hỏi y&ecirc;u cầu cao.&nbsp;</p>\n<p><strong><img src=\"https://www.tncstore.vn/media/lib/06-11-2023/tnc-store-pc-gaming-sentinal-i4090-eva-02-limited-edition-014.jpg\" alt=\"TNC Store PC Gaming Sentinal I4090 Eva 02 Limited Edition 01\" width=\"597\" height=\"597\"></strong></p>\n<p>Sử dụng h&igrave;nh thức M.2 n&ecirc;n chiếc ổ cứng n&agrave;y v&ocirc; c&ugrave;ng nhỏ gọn, tiết kiệm diện t&iacute;ch m&aacute;y t&iacute;nh. N&oacute; c&oacute; khả năng tương th&iacute;ch với cả m&aacute;y b&agrave;n, laptop. Tuy nhi&ecirc;n, dung lượng của sản phẩm th&ecirc;m v&agrave;o l&ecirc;n tới 2TB. Người d&ugrave;ng c&oacute; thể thỏa sức lưu trữ những tựa game y&ecirc;u th&iacute;ch, dữ liệu c&aacute; nh&acirc;n, c&ocirc;ng việc,&hellip;&nbsp;</p>\n<p><strong>&nbsp;</strong></p>\n<h3><strong>Vỏ case Asus ROG Hyperion GR701 EVA</strong></h3>\n<p><strong>&nbsp;</strong></p>\n<p><a href=\"https://www.tncstore.vn/vo-case-asus-rog-hyperion-gr701-eva.html\"><strong>Case m&aacute;y t&iacute;nh Asus ROG Hyperion GR701 EVA</strong></a> hỗ trợ tản nhiệt k&eacute;p 420mm. Bốn quạt 140mm v&agrave; trung t&acirc;m quạt t&iacute;ch hợp mang đến nhiều khả năng tối ưu về lưu lượng kh&ocirc;ng kh&iacute;.</p>\n<p><strong><img src=\"https://www.tncstore.vn/media/lib/06-11-2023/tnc-store-pc-gaming-sentinal-i4090-eva-02-limited-edition-016.jpg\" alt=\"TNC Store PC Gaming Sentinal I4090 Eva 02 Limited Edition 01\" width=\"600\" height=\"600\"></strong></p>\n<p>ASUS gi&uacute;p người d&ugrave;ng c&oacute; thể lắp đặt dễ d&agrave;ng c&aacute;c card đồ họa mạnh mẽ nhất. Hệ thống quản l&yacute; d&acirc;y c&aacute;p rộng r&atilde;i với kh&ocirc;ng gian s&acirc;u 34mm v&agrave; k&ecirc;nh định hướng rộng 46mm. Tiện &iacute;ch Hinged tool-free side panels gi&uacute;p dễ d&agrave;ng mở v&agrave; truy cập nội thất. Ngăn k&eacute;o lưu trữ t&iacute;ch hợp v&agrave; gi&aacute; đỡ card đồ họa kim loại l&agrave;m tăng trải nghiệm x&acirc;y dựng m&aacute;y t&iacute;nh.</p>\n<h2><strong>Tổng kết</strong></h2>\n<p><strong>&nbsp;</strong></p>\n<p>Với sự mạnh mẽ về hiệu năng cũng như sự tinh tế về thiết kế của từng linh kiện, <a href=\"https://www.tncstore.vn/pc-gaming-sentinal-i4090-eva-02-limited-edition-01.html\"><strong>PC Gaming Sentinal I4090 Eva 02 Limited Edition 01</strong></a> xứng đ&aacute;ng l&agrave; bộ <a href=\"https://www.tncstore.vn/gaming-pc.html\"><strong>PC Gaming</strong></a> quốc d&acirc;n được săn đ&oacute;n nhiều nhất trong thời gian tới đ&acirc;y.</p>\n<p><strong>&nbsp;</strong></p>\n<p>Hi vọng qua b&agrave;i viết n&agrave;y, <a href=\"https://www.tncstore.vn/\"><strong>TNC Store</strong></a> gi&uacute;p anh em c&oacute; thể lựa chọn cho m&igrave;nh bộ PC ưng &yacute; nhất ! Ngo&agrave;i ra, TNC Store c&ograve;n <a href=\"https://www.tncstore.vn/buildpc\"><strong>x&acirc;y dựng cấu h&igrave;nh PC</strong></a> ph&ugrave; hợp với nhu cầu sử dụng của kh&aacute;ch h&agrave;ng.</p>'),
(29, 'PC Đồ Họa Render 3D - Core i5 14500/32GB/RTX 4070Ti Super', 1800000.00, 1590000.00, 'https://www.tncstore.vn/media/product/250-11676-pc-render-core-i5-14400f-rtx-4060--1-.jpg', 15, 50, 8, 4, 4, '2025-02-12 17:56:05', '2025-04-12 08:59:29', 'Best Seller', 234, NULL),
(30, 'Màn Hình Gaming Asus ROG Swift PG43UQ VA/ 4K/ 144Hz', 42690500.00, 38421450.00, 'https://www.tncstore.vn/media/product/250-4017-asus-pg43uq.jpg', 10, 117, 2, 1, 1, '2025-02-12 17:56:05', '2025-05-01 14:31:01', 'Best Choice', 10, '<p>M&agrave;n H&igrave;nh Gaming Asus ROG Swift PG43UQ l&agrave; chiếc m&agrave;n h&igrave;nh hội tụ đầy đủ c&aacute;c c&ocirc;ng nghệ m&agrave; c&aacute;c gamer cần. C&oacute; thể n&oacute;i đ&acirc;y l&agrave; một si&ecirc;u phẩm nữa đến từ ASUS d&agrave;nh cho fanboy. Hiện sản phẩm đang được b&aacute;n tại&nbsp;<a href=\"http://tncstore.vn/\">TNC Store</a></p>\n<p><img src=\"https://www.tncstore.vn/image/catalog/m%C3%A0n%20h%C3%ACnh%20asus/PG43UQ/man-hinh-asus-rog-swift-pg43uq-a.jpg\"></p>'),
(3015, 'PC Gaming - Sentinal A4080 Super', 106990000.00, 103780300.00, 'https://www.tncstore.vn/media/product/250-11564-tnc-store-pc-gaming-sentinal-a4080-super--6-.jpg', 3, 3, 1, 3, 11, '2025-03-17 15:35:36', '2025-05-20 17:02:26', 'Best Choice', 0, '<h2><strong>Đ&aacute;nh Gi&aacute; Chi Tiết</strong>&nbsp;<a href=\"https://www.tncstore.vn/pc-gaming-sentinal-a4080-super.html\" target=\"_blank\" rel=\"noopener\"><strong>PC Gaming Sentinal A4080 Super</strong></a></h2>\n<p>Với thiết kế <a href=\"https://www.tncstore.vn/gaming-pc.html\" target=\"_blank\" rel=\"noopener\"><strong>PC Gaming</strong></a>&nbsp;hiện đại, hiệu năng vượt trội từ card đồ họa RTX 4080 Super v&agrave; cấu h&igrave;nh mạnh mẽ, PC Gaming Sentinal A4080 Super kh&ocirc;ng chỉ đ&aacute;p ứng mọi nhu cầu xử l&yacute; c&ocirc;ng việc nặng m&agrave; c&ograve;n mang lại trải nghiệm ho&agrave;n hảo cho game thủ v&agrave; người d&ugrave;ng s&aacute;ng tạo.&nbsp;</p>\n<p>&nbsp;</p>\n<p style=\"text-align: center;\"><iframe src=\"https://www.youtube.com/embed/Ok18bNREVwA\" width=\"700\" height=\"400\"></iframe></p>\n<h3><strong>CPU AMD Ryzen 9 9950X - PC Luxury Sentinal A4080 Super&nbsp;</strong></h3>\n<p>Được x&acirc;y dựng tr&ecirc;n kiến tr&uacute;c Zen 5 đột ph&aacute;, <a href=\"https://www.tncstore.vn/cpu-amd-ryzen-9-9950x.html\" target=\"_blank\" rel=\"noopener\"><strong>CPU AMD Ryzen 9 9950X</strong></a> sở hữu 16 nh&acirc;n v&agrave; 32 luồng xử l&yacute;, mang đến khả năng đa nhiệm vượt trội. Kiến tr&uacute;c Zen 5 c&ograve;n được tối ưu h&oacute;a để tăng cường hiệu suất đơn nh&acirc;n v&agrave; đa nh&acirc;n, gi&uacute;p bạn xử l&yacute; mọi t&aacute;c vụ một c&aacute;ch nhanh ch&oacute;ng v&agrave; mượt m&agrave;.</p>\n<p>&nbsp;</p>\n<p><img src=\"https://www.tncstore.vn/media/lib/16-12-2024/tnc-store-pc-gaming-sentinal-a4080-super5.png\" alt=\"TNC Store PC Gaming Sentinal A4080 Super\" width=\"700\" height=\"700\"></p>\n<h3><strong>Bo mạch chủ Asus ROG CROSSHAIR X870E HERO</strong></h3>\n<p><a href=\"https://www.tncstore.vn/bo-mach-chu-asus-rog-crosshair-x870e-hero.html\" target=\"_blank\" rel=\"noopener\"><strong>Bo mạch chủ Asus ROG CROSSHAIR X870E HERO</strong></a> sở hữu thiết kế đậm chất gaming với t&ocirc;ng m&agrave;u đen chủ đạo v&agrave; c&aacute;c chi tiết &aacute;nh kim nổi bật. Hệ thống đ&egrave;n Aura Sync RGB cho ph&eacute;p bạn t&ugrave;y chỉnh hiệu ứng &aacute;nh s&aacute;ng theo phong c&aacute;ch ri&ecirc;ng, tạo điểm nhấn độc đ&aacute;o cho hệ thống PC Gaming. Nổi bật với khả năng hỗ trợ &eacute;p xung mạnh mẽ, hệ thống tản nhiệt tối ưu v&agrave; c&aacute;c c&ocirc;ng nghệ độc quyền của Asus.&nbsp;</p>\n<p>&nbsp;</p>\n<p><img src=\"https://www.tncstore.vn/media/lib/16-12-2024/tnc-store-pc-gaming-sentinal-a4080-super6.png\" alt=\"TNC Store PC Gaming Sentinal A4080 Super\" width=\"700\" height=\"700\"></p>\n<h3><strong>RAM Corsair Dominator Titanium RGB 64GB DDR5 Bus 6600MHz&nbsp;</strong></h3>\n<p><a href=\"https://www.tncstore.vn/ram-corsair-dominator-titanium-rgb-64gb-ddr5-bus-6600mhz-cmp64gx5m2x6600c32.html\" target=\"_blank\" rel=\"noopener\"><strong>RAM Corsair Dominator Titanium RGB 64GB</strong></a> với dung lượng 64GB v&agrave; tốc độ 6600MHz, điểm nhấn đ&aacute;ng ch&uacute; &yacute; l&agrave; tốc độ cao, gi&uacute;p tối ưu h&oacute;a hiệu suất cho cả việc đa nhiệm v&agrave; chơi game cho hệ thống PC.</p>\n<p>&nbsp;</p>\n<p><img src=\"https://www.tncstore.vn/media/lib/16-12-2024/tnc-store-pc-gaming-sentinal-a4080-super3.png\" alt=\"TNC Store PC Gaming Sentinal A4080 Super\" width=\"700\" height=\"700\"></p>\n<h3><strong>Ổ cứng SSD Samsung 990 PRO 2TB&nbsp;</strong></h3>\n<p><a href=\"https://www.tncstore.vn/o-cung-ssd-samsung-990-pro-2tb-m2-gen-4.html\" target=\"_blank\" rel=\"noopener\"><strong>Ổ cứng SSD Samsung 990 PRO 2TB</strong></a>&nbsp;mang đến cho người d&ugrave;ng những trải nghiệm tối ưu, đột ph&aacute; nhờ hiệu năng cực kỳ tuyệt vời. Với những c&ocirc;ng nghệ mới nhất gi&uacute;p hỗ trợ tốt hơn cho c&aacute;c tiến tr&igrave;nh games v&agrave; sắp xếp hợp l&yacute; c&aacute;c luồng dữ liệu của c&aacute;c tiến tr&igrave;nh đồ họa.</p>\n<p>&nbsp;</p>\n<p><img src=\"https://www.tncstore.vn/media/lib/16-12-2024/tnc-store-pc-gaming-sentinal-a4080-super7.png\" alt=\"TNC Store PC Gaming Sentinal A4080 Super\" width=\"700\" height=\"700\"></p>\n<h3><strong>Card m&agrave;n h&igrave;nh Asus Rog Strix Geforce RTX 4080 Super 16GB Gaming GDDR6X</strong></h3>\n<p><a href=\"https://www.tncstore.vn/card-man-hinh-asus-rog-strix-rtx-4080-super-16gb-gaming.html\" target=\"_blank\" rel=\"noopener\"><strong>Card m&agrave;n h&igrave;nh Asus ROG Strix GeForce RTX 4080 Super 16GB</strong></a> l&agrave; linh kiện quan trọng trong bộ PC. L&agrave; một trong những card đồ họa cao cấp thuộc d&ograve;ng sản phẩm ROG Strix của Asus, được thiết kế d&agrave;nh cho game thủ v&agrave; những người đ&ograve;i hỏi hiệu suất đồ họa vượt trội.&nbsp; Sản phẩm mang đến hiệu năng mạnh mẽ, khả năng tản nhiệt hiệu quả v&agrave; thiết kế đẹp mắt.&nbsp;</p>\n<p>&nbsp;</p>\n<p><img src=\"https://www.tncstore.vn/media/lib/16-12-2024/tnc-store-pc-gaming-sentinal-a4080-super1.png\" alt=\"TNC Store PC Gaming Sentinal A4080 Super\" width=\"700\" height=\"700\"></p>\n<h3><strong>Nguồn Asus ROG Thor 1000P2 - 80 Plus Platinum II</strong></h3>\n<p><a href=\"https://www.tncstore.vn/nguon-asus-rog-thor-1000p2-80-plus-platinum.html\" target=\"_blank\" rel=\"noopener\"><strong>Nguồn Asus ROG Thor 1000P2</strong></a> cung cấp d&ograve;ng điện ổn định v&agrave; hiệu suất đạt chuẩn 80 Plus Platinum, đảm bảo cung cấp đủ năng lượng cho hệ thống mạnh mẽ n&agrave;y. Thiết kế cao cấp đi k&egrave;m m&agrave;n h&igrave;nh hiển thị OLED tạo n&ecirc;n sự kh&aacute;c biệt v&agrave; đẳng cấp.</p>\n<p>&nbsp;</p>\n<p><img src=\"https://www.tncstore.vn/media/lib/16-12-2024/tnc-store-pc-gaming-sentinal-a4080-super4.png\" alt=\"TNC Store PC Gaming Sentinal A4080 Super\" width=\"700\" height=\"700\"></p>\n<h3><strong>Vỏ case HYTE Y70 Touch Infinite Case&nbsp;</strong></h3>\n<p><a href=\"https://www.tncstore.vn/vo-case-hyte-y70-touch-black-white.html\" target=\"_blank\" rel=\"noopener\"><strong>Vỏ case Y70 Touch</strong></a> c&oacute; một thiết kế hiện đại v&agrave; đẹp mắt, với bề mặt mặt k&iacute;nh panorama 3 mảnh, cho ph&eacute;p bạn thể hiện to&agrave;n bộ bộ m&aacute;y t&iacute;nh b&ecirc;n trong. Thiết kế dual chamber gi&uacute;p giữ phần trước của case lu&ocirc;n sạch sẽ v&agrave; gọn g&agrave;ng, trong khi vẫn c&oacute; đủ kh&ocirc;ng gian để quản l&yacute; d&acirc;y c&aacute;p ở ph&iacute;a sau, th&iacute;ch hợp x&acirc;y dựng hệ thống PC Gaming Sentinal A4080 Super.</p>\n<p>&nbsp;</p>\n<p><img src=\"https://www.tncstore.vn/media/lib/16-12-2024/tnc-store-pc-gaming-sentinal-a4080-super2.png\" alt=\"TNC Store PC Gaming Sentinal A4080 Super\" width=\"700\" height=\"700\"></p>\n<h2><strong>Tổng Kết&nbsp;</strong></h2>\n<p>Với khả năng vượt bậc về xử l&yacute; đồ họa v&agrave; h&igrave;nh ảnh <a href=\"https://www.tncstore.vn/pc-gaming-sentinal-a4080-super.html\" target=\"_blank\" rel=\"noopener\"><strong>PC Gaming Sentinal A4080 Super</strong></a> xứng đ&aacute;ng l&agrave; lựa chọn ưu &aacute;i của c&aacute;c anh em đang t&igrave;m kiếm PC cấu h&igrave;nh tốt.&nbsp;</p>'),
(3016, 'PC Gaming - Sentinel I4080 - WH', 110890000.00, 86494200.00, 'https://www.tncstore.vn/media/product/250-8026-sentinel-i4080---wh--10000-.jpg', 22, 5, 1, 3, 5, '2025-03-17 15:41:48', '2025-03-28 10:24:01', 'Best Seller', 0, '<h2 dir=\"ltr\">Đ&aacute;nh gi&aacute; chi tiết PC Gaming Sentinel I4080 WH</h2>\n<p>&nbsp;</p>\n<p dir=\"ltr\">Nếu như anh em l&agrave; fan ruột của Intel, mong muốn trải nghiệm c&aacute;c tựa game game 2K tham ch&iacute; l&agrave; 4K với mức setting ultra th&igrave; chắc chắn kh&ocirc;ng thể bỏ qua cấu h&igrave;nh <a href=\"https://www.tncstore.vn/gaming-pc/pc-gaming-sentinel-i4080-wh.html\">PC Gaming Sentinel I4080 WH</a>. N&agrave;o h&atilde;y c&ugrave;ng <a href=\"https://www.tncstore.vn/\">TNC Store</a> điểm qua một v&agrave;i t&iacute;nh năng, th&ocirc;ng số của bộ PC n&agrave;y nh&eacute;.</p>\n<p dir=\"ltr\">&nbsp;</p>\n<p dir=\"ltr\" style=\"text-align: center;\"><iframe class=\"note-video-clip\" src=\"https://www.youtube.com/embed/CohwonpTPLg\" width=\"700\" height=\"400\" frameborder=\"0\"></iframe></p>\n<h3 dir=\"ltr\">CPU Intel Core i9 - 13900K chất lượng cao tr&ecirc;n PC Gaming Sentinel I4080 WH</h3>\n<p>&nbsp;</p>\n<p dir=\"ltr\">D&ograve;ng vi xử l&yacute; thế hệ thứ 13 của Intel, được biết đến nhiều hơn với t&ecirc;n gọi &ldquo;Alder Lake&rdquo;, đ&atilde; đ&aacute;nh dấu một sự thay đổi đ&aacute;ng kể trong c&aacute;ch c&ocirc;ng ty x&acirc;y dựng bộ vi xử l&yacute; của m&igrave;nh. Theo truyền thống, Intel chỉ sử dụng một kiến ​​tr&uacute;c CPU duy nhất, nhưng với Alder Lake, về cơ bản n&oacute; đ&atilde; &aacute;p dụng triết l&yacute; thiết kế big.LITTLE của Arm. B&ecirc;n trong bộ vi xử l&yacute; Alder Lake cao cấp l&agrave; c&aacute;c l&otilde;i <a href=\"https://www.tncstore.vn/cpu.html\">CPU</a> hiệu suất cao được đặt t&ecirc;n l&agrave; P-Cores v&agrave; c&aacute;c l&otilde;i nhỏ hơn, tiết kiệm năng lượng hơn được gọi l&agrave; E-Core.</p>\n<p>&nbsp;</p>\n<p dir=\"ltr\">Intel cũng tăng k&iacute;ch thước của bộ nhớ đệm L3 v&agrave; L2 tr&ecirc;n <a href=\"https://www.tncstore.vn/cpu-intel-core-i9-13900k.html\">CPU Intel Core I9 13900K</a>, cung cấp cho n&oacute; 36MB bộ nhớ đệm L3 v&agrave; 32MB bộ nhớ đệm L2. Bộ nhớ đệm L3 của Core i9-12900K kh&ocirc;ng nhỏ hơn nhiều ở mức 30MB, nhưng bộ nhớ đệm L2 của n&oacute; nhỏ hơn đ&aacute;ng kể chỉ 14MB. Tốc độ xung nhịp cũng tăng tr&ecirc;n cả hai loại l&otilde;i xử l&yacute;, với P-Core của Core i9-13900K hoạt động nhanh hơn 600 MHz so với P-Core trong Core i9-12900K v&agrave; E-Core tr&ecirc;n Core i9-13900K hoạt động cao hơn 400MHz.</p>\n<p dir=\"ltr\">&nbsp;</p>\n<p dir=\"ltr\"><img title=\"TNC Store PC Gaming Sentinel I4080 WH\" src=\"https://www.tncstore.vn/image/catalog/nh%20b%C3%A0i%20vi%E1%BA%BFt%20bmin/tncstore-pc-gaming-sentinel-i4080-wh-2.jpg\" alt=\"TNC Store PC Gaming Sentinel I4080 WH\"></p>\n<p>&nbsp;</p>\n<p dir=\"ltr\">Nh&igrave;n chung, Raptor Lake r&otilde; r&agrave;ng kh&ocirc;ng phải l&agrave; một sự kh&aacute;c biệt đ&aacute;ng kể so với Alder Lake về thiết kế tổng thể. Thay v&agrave;o đ&oacute;, Raptor Lake thu được phần lớn hiệu suất từ ​​việc chạy nhanh hơn v&agrave; c&oacute; nhiều bộ nhớ cache v&agrave; l&otilde;i hơn để thực hiện c&ocirc;ng việc.</p>\n<p>&nbsp;</p>\n<p dir=\"ltr\">Như bạn c&oacute; thể mong đợi v&agrave; sẽ sớm thấy, đ&acirc;y l&agrave; một c&aacute;ch rất hiệu quả để tăng hiệu suất nếu được thực hiện đ&uacute;ng c&aacute;ch v&agrave; chắc chắn Intel đ&atilde; l&agrave;m đ&uacute;ng c&aacute;ch. Một chi tiết quan trọng cuối c&ugrave;ng x&aacute;c định điều n&agrave;y, m&agrave; ch&uacute;ng t&ocirc;i chưa đưa ra cho đến b&acirc;y giờ, l&agrave; sức mạnh.</p>\n<p>&nbsp;</p>\n<p dir=\"ltr\">Bộ vi xử l&yacute; c&agrave;ng y&ecirc;u cầu nhiều năng lượng, th&igrave; n&oacute; c&agrave;ng chạy c&agrave;ng n&oacute;ng v&agrave; điều đ&oacute; c&oacute; thể g&acirc;y ra tất cả c&aacute;c loại vấn đề về hiệu suất. Việc th&ecirc;m nhiều l&otilde;i chỉ đơn giản l&agrave; sẽ kh&ocirc;ng gi&uacute;p được g&igrave; nhiều nếu chip ti&ecirc;u thụ nhiều năng lượng hơn v&agrave; li&ecirc;n tục qu&aacute; n&oacute;ng.</p>\n<p>&nbsp;</p>\n<p dir=\"ltr\">CPU Intel Core I9 13900K ho&agrave;n to&agrave;n kh&ocirc;ng ngốn nhiều điện hơn so với người tiền nhiệm của n&oacute;. N&oacute; ti&ecirc;u thụ nhiều năng lượng hơn v&agrave; chắc chắn n&oacute; chạy n&oacute;ng hơn ch&uacute;ng ta muốn, nhưng cả hai điểm n&agrave;y đều kh&ocirc;ng đủ vấn đề để giữ cho bộ xử l&yacute; kh&ocirc;ng hoạt động tốt hơn mọi thứ.</p>\n<p>&nbsp;</p>\n<p dir=\"ltr\">CPU Intel Core I9 13900K chứa bộ xử l&yacute; đồ họa t&iacute;ch hợp (IGP) giống với bộ xử l&yacute; được t&igrave;m thấy b&ecirc;n trong nhiều bộ xử l&yacute; Alder Lake, bao gồm cả Core i9-12900K. Đồ họa Intel UHD 770 chứa 32 đơn vị thực thi hoặc EU v&agrave; n&oacute; hoạt động ở tốc độ 1,65GHz b&ecirc;n trong Core i9-13900K, tăng 100MHz so với Core i9-12900K.</p>\n<h3 dir=\"ltr\">Mainboard Asus ROG STRIX Z790-A GAMING WIFI D4</h3>\n<p>&nbsp;</p>\n<p dir=\"ltr\"><a href=\"https://www.tncstore.vn/bo-mach-chu-asus-rog-strix-z790-a-gaming-wifi-d4.html\">ASUS ROG STRIX Z790-A GAMING WIFI DDR4</a> l&agrave; d&ograve;ng <a href=\"https://www.tncstore.vn/mainboard-bo-mach-chu.html\">bo mạch chủ</a> mới thuộc series Z790 mới nhất đến từ ASUS. Sở hữu thiết kế độc đ&aacute;o c&ugrave;ng t&ocirc;ng m&agrave;u sang chảnh, c&ugrave;ng với hiệu năng đỉnh cao từ chipset Intel&nbsp; Z790 LGA 1700 ATX với 16 + 1 tầng nguồn, hỗ trợ bộ nhớ DDR4, bốn khe cắm M.2, &eacute;p xung v&agrave; l&agrave;m m&aacute;t AI II,...Đặc biệt, với &aacute;nh s&aacute;ng Aura Sync RGB sẽ l&agrave;m sinh động th&ecirc;m g&oacute;c m&aacute;y khi kết hợp c&ugrave;ng với những d&ograve;ng linh kiện PC kh&aacute;c.</p>\n<p dir=\"ltr\">&nbsp;</p>\n<p dir=\"ltr\"><img title=\"TNC Store PC Gaming Sentinel I4080 WH\" src=\"https://www.tncstore.vn/image/catalog/nh%20b%C3%A0i%20vi%E1%BA%BFt%20bmin/tncstore-pc-gaming-sentinel-i4080-wh-3.jpg\" alt=\"TNC Store PC Gaming Sentinel I4080 WH\"></p>\n<p>&nbsp;</p>\n<p dir=\"ltr\">Trước khi điểm qua hiệu năng đỉnh cao của d&ograve;ng bo mạch chủ mới nhất đến từ ASUS. Thiết kế ch&iacute;nh l&agrave; điểm ấn tượng đầu ti&ecirc;n tr&ecirc;n d&ograve;ng sản phẩm ASUS ROG STRIX Z790-A GAMING WIFI DDR4 ch&iacute;nh l&agrave; sở hữu thiết kế v&ocirc; c&ugrave;ng độc đ&aacute;o, sang chảnh với t&ocirc;ng m&agrave;u bạc trắng kết hợp với những chi tiết g&oacute;c cạnh được l&agrave;m hết sức tỉ mỉ gi&uacute;p người chơi tăng th&ecirc;m phần s&aacute;ng tạo khi build <a href=\"https://www.tncstore.vn/gaming-pc.html\">PC gaming</a>.&nbsp;</p>\n<p>&nbsp;</p>\n<p dir=\"ltr\">Để tối ưu ho&aacute; được mọi nhu cầu sử dụng từ người d&ugrave;ng, ASUS ROG STRIX Z790-A GAMING WIFI DDR4 được trang bị c&ocirc;ng nghệ xử l&yacute; th&ocirc;ng minh. &Eacute;p xung AI độc quyền của ASUS, l&agrave;m m&aacute;t bằng AI II, mạng AI. Đặc biệt, đ&acirc;y sẽ l&agrave; d&ograve;ng main hỗ trợ loại bỏ tiếng ồn th&ocirc;ng minh hai chiều gi&uacute;p đơn giản h&oacute;a việc thiết lập v&agrave; cải thiện hiệu suất.</p>\n<h3 dir=\"ltr\">Ram Corsair Dominator Platinum</h3>\n<p>&nbsp;</p>\n<p dir=\"ltr\"><a href=\"https://www.tncstore.vn/ram-corsair-16gb-3200-2x8-dominator-plantinum-white-rgb.html\">Ram PC Corsair Dominator Platinum White RGB DDR4</a> với thiết kế cực kỳ hiện đại k&egrave;m theo hệ thống chiếu s&aacute;ng RGB cực kỳ hầm hố, đồng thời mang lại hiệu suất cao nhất của DDR4 khi được trang bị chip nhớ tần số cao chất lượng cực tốt, đảm bảo hiệu suất cực kỳ ổn định v&agrave; khả năng &eacute;p xung, nhờ bảng mạch t&ugrave;y chỉnh 10 lớp được l&agrave;m m&aacute;t bằng c&ocirc;ng nghệ l&agrave;m m&aacute;t Dual-Path DHX được cấp bằng s&aacute;ng chế của Corsair.&nbsp;</p>\n<p dir=\"ltr\">&nbsp;</p>\n<p dir=\"ltr\"><img title=\"TNC Store PC Gaming Sentinel I4080 WH\" src=\"https://www.tncstore.vn/image/catalog/nh%20b%C3%A0i%20vi%E1%BA%BFt%20bmin/tncstore-pc-gaming-sentinel-i4080-wh-4.jpg\" alt=\"TNC Store PC Gaming Sentinel I4080 WH\"></p>\n<p>&nbsp;</p>\n<p dir=\"ltr\">Phần mềm CORSAIR iCUE mạnh mẽ gi&uacute;p bạn theo d&otilde;i t&igrave;nh trạng hoạt động theo thời gian thực v&agrave; nhiệt độ của <a href=\"https://www.tncstore.vn/ram.html\">RAM</a>, khả năng tinh chỉnh t&ugrave;y biến l&agrave;m hệ thống m&aacute;y của bạn trở n&ecirc;n sống động với khả năng tinh chỉnh RGB năng động tr&ecirc;n 12 đ&egrave;n LED RGB độc lập. Phần mềm n&agrave;y cũng c&oacute; thể đồng bộ tr&ecirc;n tất cả c&aacute;c sản phẩm tương th&iacute;ch iCUE bao gồm bộ nhớ, quạt, dải đ&egrave;n LED RGB, b&agrave;n ph&iacute;m, chuột v&agrave; nhiều hơn nữa. Bạn cũng c&oacute; thể lưu nhiều Profile c&ugrave;ng một l&uacute;c để thay đổi nhanh ch&oacute;ng v&agrave; dễ d&agrave;ng hơn.</p>\n<h3 dir=\"ltr\">Ổ cứng SSD Samsung 980 PRO PCIe NVMe M.2 2280</h3>\n<p>&nbsp;</p>\n<p dir=\"ltr\"><a href=\"https://www.tncstore.vn/ssd-o-the-ran.html\">Ổ cứng SSD</a>&nbsp;<a href=\"https://www.tncstore.vn/o-cung-ssd-samsung-980-pro-1tb-m2-gen-4.html\">Samsung 980 PRO PCIe NVMe M.2 2280 V-NAND</a> được trang bị chuẩn giao tiếp PCIe Gen4.0 x4 băng th&ocirc;ng rộng mang đến cho bạn một hiệu năng cực k&igrave; tuyệt vời.</p>\n<p dir=\"ltr\">&nbsp;</p>\n<p dir=\"ltr\"><img title=\"TNC Store PC Gaming Sentinel I4080 WH\" src=\"https://www.tncstore.vn/image/catalog/nh%20b%C3%A0i%20vi%E1%BA%BFt%20bmin/tncstore-pc-gaming-sentinel-i4080-wh-5.jpg\" alt=\"TNC Store PC Gaming Sentinel I4080 WH\"></p>\n<p>&nbsp;</p>\n<ul>\n<li dir=\"ltr\">\n<p dir=\"ltr\">C&ocirc;ng nghệ Samsung V-NAND v&agrave; Dynamic Thermal Guard, ổ cứng SSD Samsung 970 PRO PCIe 4.0 x4 NVMe1.3c M.2 2280 V-NAND đảm bảo t&iacute;nh an to&agrave;n của dữ liệu.</p>\n</li>\n<li dir=\"ltr\">\n<p dir=\"ltr\">Giao diện NVMe1.3c v&agrave; Controller Samsung Elpis l&agrave;m gia tăng tốc độ đọc/ghi l&ecirc;n mức tối đa.</p>\n</li>\n<li dir=\"ltr\">\n<p dir=\"ltr\">C&ocirc;ng nghệ TurboWrite gi&uacute;p gia tăng hiệu năng, đ&aacute;p ứng mọi nhu cầu của bạn như chỉnh sửa video, ph&acirc;n t&iacute;ch dữ liệu v&agrave; chơi Games.</p>\n</li>\n</ul>\n<p dir=\"ltr\">&nbsp;</p>\n<p dir=\"ltr\">Ổ cứng SSD Samsung 980 PRO PCIe 4.0 x4 NVMe1.3c M.2 2280 V-NAND đi k&egrave;m phần mềm Magician của Samsung, gi&uacute;p dễ d&agrave;ng quản l&yacute;, theo d&otilde;i v&agrave; tối ưu h&oacute;a hiệu năng của ổ đĩa.</p>\n<h3 dir=\"ltr\">Card m&agrave;n h&igrave;nh Asus ROG Strix RTX 4080 OC 16GB Gaming</h3>\n<p>&nbsp;</p>\n<p dir=\"ltr\">Kh&ocirc;ng c&ograve;n phải b&agrave;n c&atilde;i g&igrave; nữa, chiếc <a href=\"https://www.tncstore.vn/vga-card-man-hinh.html\">Card M&agrave;n H&igrave;nh</a>&nbsp;<a href=\"https://www.tncstore.vn/card-man-hinh-asus-rog-strix-rtx-4080-oc-white.html\">Asus ROG Strix RTX 4080 OC 16GB Gaming</a> của NVIDIA đ&atilde; đ&aacute;nh bại đối thủ bằng những t&iacute;nh năng ưu việt của m&igrave;nh.</p>\n<p>&nbsp;</p>\n<p dir=\"ltr\">L&agrave; thế hệ card m&agrave;n h&igrave;nh mới nhất v&igrave; vậy NVIDIA đ&atilde; mang đến những n&acirc;ng cấp mới nhất cho GPU RTX 4080 n&oacute;i chung v&agrave; ASUS ROG Strix GeForce RTX 4080 n&oacute;i ri&ecirc;ng. Một nền tảng mới với t&ecirc;n Ada Lovelace sẽ cung cấp gấp đ&ocirc;i hiệu năng v&agrave; hiệu quả năng lượng cho VGA. Để đảm bảo khả năng xử l&yacute; h&igrave;nh ảnh tr&ecirc;n những tựa game AAA th&igrave; NVIDIA cũng đ&atilde; n&acirc;ng cấp nh&acirc;n Tensor với thế hệ thứ tư để khả năng xử l&yacute; h&igrave;nh ảnh bằng AI tăng gấp bội v&agrave; nh&acirc;n RT thế hệ thứ ba đem lại hiệu quả xử l&yacute; ray tracing tuyệt vời hơn.</p>\n<p dir=\"ltr\">&nbsp;</p>\n<p dir=\"ltr\"><img title=\"TNC Store PC Gaming Sentinel I4080 WH\" src=\"https://www.tncstore.vn/image/catalog/nh%20b%C3%A0i%20vi%E1%BA%BFt%20bmin/tncstore-pc-gaming-sentinel-i4080-wh-6.jpg\" alt=\"TNC Store PC Gaming Sentinel I4080 WH\"></p>\n<p>&nbsp;</p>\n<p dir=\"ltr\">Sức mạnh cực khủng từ RTX 4080 sẽ cần một hệ thống tản nhiệt cao cấp để xử l&yacute; v&agrave; ASUS tự tin mang đến cho sản phẩm của nh&agrave; m&igrave;nh với combo c&aacute;nh quạt tản nhiệt b&ecirc;n ngo&agrave;i v&agrave; khung tản nhiệt b&ecirc;n trong. Ba chiếc quạt tản nhiệt ho&agrave;n thiện với c&ocirc;ng nghệ Axiel-tech đem đến luồng gi&oacute; dồi d&agrave;o hơn 23%. B&ecirc;n trong l&agrave; hệ thống vapor chamber ph&aacute;t t&aacute;n nhiệt độ th&ocirc;ng qua những tấm truyền nhiệt, đem đến nhiệt độ tối ưu nhất cho GPU.</p>\n<h3 dir=\"ltr\">Nguồn m&aacute;y t&iacute;nh Asus ROG Thor 1000W - 80 Plus Platinum II Eva Edition</h3>\n<p>&nbsp;</p>\n<p dir=\"ltr\">Năm 2022, thương hiệu Republic of Gamers đang ra mắt trang bị chiến game mới cho dự &aacute;n EVANGELION. <a href=\"https://www.tncstore.vn/nguon-may-tinh.html\">Nguồn M&aacute;y T&iacute;nh</a>&nbsp;<a href=\"https://www.tncstore.vn/nguon-asus-rog-thor-1000p2-80-plus-platinum.html\">Asus ROG Thor 1000W Platinum II EVA EDITION</a> kho&aacute;c l&ecirc;n m&igrave;nh lớp ngo&agrave;i lấy cảm hứng từ EVA v&agrave; được n&acirc;ng cấp c&aacute;c th&agrave;nh phần linh kiện tản nhiệt v&agrave; l&agrave;m m&aacute;t gi&uacute;p giảm mức độ ồn xuống thấp nhất &ndash; ngay cả khi bạn đang chiến game kịch liệt nhất.</p>\n<p dir=\"ltr\">&nbsp;</p>\n<p dir=\"ltr\"><img title=\"TNC Store PC Gaming Sentinel I4080 WH\" src=\"https://www.tncstore.vn/image/catalog/nh%20b%C3%A0i%20vi%E1%BA%BFt%20bmin/tncstore-pc-gaming-sentinel-i4080-wh-7.jpg\" alt=\"TNC Store PC Gaming Sentinel I4080 WH\"></p>\n<p>&nbsp;</p>\n<ul>\n<li dir=\"ltr\">\n<p dir=\"ltr\">Thiết kế quạt kỹ thuật hướng trục&nbsp; - D&agrave;n tản nhiệt ROG</p>\n</li>\n<li dir=\"ltr\">\n<p dir=\"ltr\">Chứng chỉ Lambda A++&nbsp; - Chuẩn Platinum 80 PLUS</p>\n</li>\n<li dir=\"ltr\">\n<p dir=\"ltr\">Chứng nhận Lambda A ++ x&aacute;c nhận Thor mới nhất sở hữu sức mạnh uy hiếp trong khả năng t&agrave;ng h&igrave;nh tuyệt đối.</p>\n</li>\n<li dir=\"ltr\">\n<p dir=\"ltr\">Bộ tản nhiệt ROG bao phủ c&aacute;c th&agrave;nh phần quan trọng, mang lại nhiệt độ thấp hơn v&agrave; giảm tiếng ồn.</p>\n</li>\n<li dir=\"ltr\">\n<p dir=\"ltr\">Quạt c&ocirc;ng nghệ hướng trục 135mm với điều khiển PWM mang lại tiếng ồn thấp hơn v&agrave; giữ nhiệt lu&ocirc;n trong tầm kiểm so&aacute;t.</p>\n</li>\n<li dir=\"ltr\">\n<p dir=\"ltr\">Được chế tạo với 100% tụ điện Nhật Bản v&agrave; c&aacute;c linh kiện cao cấp kh&aacute;c để đạt được Chứng nhận 80 Plus Platinum.</p>\n</li>\n<li dir=\"ltr\">\n<p dir=\"ltr\">M&agrave;n h&igrave;nh OLED gi&aacute;m s&aacute;t điện năng ti&ecirc;u thụ trong thời gian thực.</p>\n</li>\n<li dir=\"ltr\">\n<p dir=\"ltr\">Khả năng tương th&iacute;ch Aura Sync cho ph&eacute;p bạn t&ugrave;y chỉnh v&agrave; đồng bộ h&oacute;a c&aacute;c hiệu ứng &aacute;nh s&aacute;ng với phần cứng tương th&iacute;ch kh&aacute;c</p>\n</li>\n<li dir=\"ltr\">\n<p dir=\"ltr\">C&ocirc;ng nghệ 0dB giảm nhiễu đầu ra khi tải PSU từ 50% trở xuống.</p>\n</li>\n</ul>\n<h3 dir=\"ltr\">Vỏ Case Jonsbo Mod 3 Silver</h3>\n<p>&nbsp;</p>\n<p dir=\"ltr\"><a href=\"https://www.tncstore.vn/vo-case-jonsbo-mod3-silver.html\">Vỏ Case Jonsbo Mod 3 Silver</a> được ho&agrave;n thiện với chuẩn k&iacute;ch thước nhằm phục vụ cho khả năng lắp đặt của những chiếc card m&agrave;n h&igrave;nh RTX 40 Series v&agrave; AMD Ryzen 7000 Series mới nhất. K&iacute;ch thước hỗ trợ l&ecirc;n 435mm gi&uacute;p cho chiếc <a href=\"https://www.tncstore.vn/vo-case.html\">vỏ case</a> của ch&uacute;ng ta dễ d&agrave;ng lắp đặt, vừa vặn những chiếc VGA &ldquo;khủng bố&rdquo; n&agrave;y.</p>\n<p dir=\"ltr\">&nbsp;</p>\n<p dir=\"ltr\"><img title=\"TNC Store PC Gaming Sentinel I4080 WH\" src=\"https://www.tncstore.vn/image/catalog/nh%20b%C3%A0i%20vi%E1%BA%BFt%20bmin/tncstore-pc-gaming-sentinel-i4080-wh-1.jpg\" alt=\"TNC Store PC Gaming Sentinel I4080 WH\"></p>\n<p>&nbsp;</p>\n<p dir=\"ltr\">Kh&ocirc;ng dừng lại với những luồng gi&oacute; tản nhiệt, bạn c&oacute; thể trang bị th&ecirc;m cho bộ PC Gaming của m&igrave;nh những chiếc <a href=\"https://www.tncstore.vn/tan-nuoc-all-in-one.html\">tản nhiệt AIO</a> mạnh mẽ v&agrave; hiệu quả cho c&ocirc;ng t&aacute;c tản nhiệt. Dễ d&agrave;ng lắp đặt những chiếc radiator với k&iacute;ch thước tối đa l&ecirc;n đến 360mm ở 3 mặt: trước, tr&ecirc;n v&agrave; dưới. Tất cả c&ugrave;ng tạo n&ecirc;n d&agrave;n PC mạnh mẽ v&agrave; bền bỉ nhất với khả năng tản nhiệt đ&aacute;ng ao ước.</p>'),
(3017, 'PC Gaming - Sentinel I4080 Super - WH', 89990000.00, 78291300.00, 'https://www.tncstore.vn/media/product/10066-pc-gaming-sentinel-i4080-super-wh.jpg', 13, 3, 1, 3, 5, '2025-03-17 15:49:57', '2025-05-15 16:50:59', 'Best Choice', 0, '<h2><strong>Đ&aacute;nh gi&aacute; chi tiết </strong><a href=\"https://www.tncstore.vn/pc-gaming-sentinel-i4080-super-wh.html\" target=\"_blank\" rel=\"noopener\"><strong>PC Gaming Sentinel I4080 Super WH</strong></a></h2>\n<p style=\"text-align: center;\"><strong><br><iframe src=\"https://www.youtube.com/embed/f_yJpsWyoBE\" width=\"700\" height=\"350\"></iframe><br><br></strong></p>\n<h3><strong>CPU Intel Core i7 14700K - PC Gaming Sentinel I4080 Super WH</strong></h3>\n<p><strong><img src=\"https://www.tncstore.vn/media/lib/23-03-2024/pc-gaming-sentinel-i4080-super-wh5.jpg\" alt=\"PC Gaming Sentinel I4080 Super WH\" width=\"700\" height=\"700\"></strong></p>\n<p><a href=\"https://www.tncstore.vn/cpu-intel-core-i7-14700k-nhap-khau.html\" target=\"_blank\" rel=\"noopener\"><strong>Bộ vi xử l&yacute; Intel Core i7 14700K</strong></a> l&agrave; một trong những CPU hiệu suất khủng đầu ti&ecirc;n của Intel Gen 14. Được trang bị cấu tr&uacute;c ho&agrave;n to&agrave;n mới với những t&iacute;nh năng n&acirc;ng cao, Intel Core i7 14700K sẽ mang lại hiệu năng khủng cho những đối tượng y&ecirc;u cầu hiệu suất cao để c&acirc;n c&aacute;c t&aacute;c vụ game tr&ecirc;n mức trung b&igrave;nh, c&aacute;c task đồ họa. Đ&acirc;y chắc chắn ch&iacute;nh l&agrave; nh&acirc;n tố quyết định cuối c&ugrave;ng l&agrave;m n&ecirc;n một d&agrave;n PC gaming mạnh mẽ m&agrave; c&aacute;c bạn kh&ocirc;ng n&ecirc;n bỏ qua.</p>\n<h3><strong>Bo mạch chủ ASUS ROG Strix Z790-A GAMING WIFI DDR5</strong></h3>\n<p><strong><img src=\"https://www.tncstore.vn/media/lib/23-03-2024/pc-gaming-sentinel-i4080-super-wh6.jpg\" alt=\"PC Gaming Sentinel I4080 Super WH\" width=\"700\" height=\"700\"></strong></p>\n<p><a href=\"https://www.tncstore.vn/bo-mach-chu-asus-rog-strix-z790-a-gaming-wifi-ddr5.html\" target=\"_blank\" rel=\"noopener\"><strong>Asus ROG Strix Z790-A Gaming Wifi DDR4</strong></a> l&agrave; d&ograve;ng bo mạch chủ mới thuộc series Z790 mới nhất đến từ ASUS. Sở hữu thiết kế độc đ&aacute;o c&ugrave;ng t&ocirc;ng m&agrave;u sang chảnh, c&ugrave;ng với hiệu năng đỉnh cao từ chipset Intel&nbsp; Z790 LGA 1700 ATX với 16 + 1 tầng nguồn, hỗ trợ bộ nhớ DDR4, bốn khe cắm M.2, &eacute;p xung v&agrave; l&agrave;m m&aacute;t AI II,...Đặc biệt, với &aacute;nh s&aacute;ng Aura Sync RGB sẽ l&agrave;m sinh động th&ecirc;m g&oacute;c m&aacute;y khi kết hợp c&ugrave;ng với những d&ograve;ng linh kiện PC kh&aacute;c.</p>\n<h3><strong>Ram Corsair Dominator Platinum RGB 32GB (2x16GB) 5600Mhz White (CMT32GX5M2B5600C36W)</strong></h3>\n<p><strong><img src=\"https://www.tncstore.vn/media/lib/23-03-2024/pc-gaming-sentinel-i4080-super-wh2.jpg\" alt=\"PC Gaming Sentinel I4080 Super WH\" width=\"700\" height=\"700\"></strong></p>\n<p><a href=\"https://www.tncstore.vn/ram-corsair-dominator-platinum-rgb-32gb-2x16gb-5600mhz-white.html\" target=\"_blank\" rel=\"noopener\"><strong>Ram PC Corsair Dominator Platinum RGB White DDR5</strong></a> với thiết kế cực kỳ hiện đại k&egrave;m theo hệ thống chiếu s&aacute;ng RGB cực kỳ hầm hố, đồng thời mang lại hiệu suất cao nhất của DDR5 khi được trang bị chip nhớ tần số cao chất lượng cực tốt, đảm bảo hiệu suất cực kỳ ổn định v&agrave; khả năng &eacute;p xung XMP 3.0</p>\n<h3><strong>Ổ cứng SSD Kingston KC3000 1TB NVMe PCIe Gen 4.0</strong></h3>\n<p><strong><img src=\"https://www.tncstore.vn/media/lib/23-03-2024/pc-gaming-sentinel-i4080-super-wh1.jpg\" alt=\"PC Gaming Sentinel I4080 Super WH\" width=\"700\" height=\"700\"></strong></p>\n<p><a href=\"https://www.tncstore.vn/o-cung-ssd-kingston-skc3000-1tb.html\" target=\"_blank\" rel=\"noopener\"><strong>Ổ cứng SSD Kingston KC3000 M.2 PCIe Gen 4 x4 NVMe</strong></a> mang đến hiệu năng si&ecirc;u cao khi được trang bị chuẩn NVMe PCIe Gen 4.0 x4. N&acirc;ng cấp khả năng lưu trữ v&agrave; độ tin cậy của hệ thống để theo kịp với khối lượng c&ocirc;ng việc đ&ograve;i hỏi v&agrave; trải nghiệm hiệu suất tốt hơn với c&aacute;c ứng dụng phần mềm như kết xuất 3D v&agrave; tạo nội dung 4K+ với tốc độ khủng khiếp l&ecirc;n đến 7.000MB/s</p>\n<h3><strong>Card M&agrave;n H&igrave;nh Colorful iGame GeForce RTX 4080 SUPER Loong Edition OC 16GB-V</strong></h3>\n<p><strong>&nbsp;</strong></p>\n<p><a href=\"https://www.tncstore.vn/card-man-hinh-colorful-igame-geforce-rtx-4080-super-loong-edition-oc-16gb-v.html\" target=\"_blank\" rel=\"noopener\"><strong>VGA Colorful iGame GeForce RTX 4080 Super Loong Edition OC</strong></a> l&agrave; lựa chọn l&yacute; tưởng cho những ai t&igrave;m kiếm hiệu suất vượt trội, thiết kế ấn tượng v&agrave; độ bền cao, đặt nền m&oacute;ng cho những trải nghiệm gaming v&agrave; đồ họa chuy&ecirc;n nghiệp tiếp theo.</p>\n<p><strong><img src=\"https://www.tncstore.vn/media/lib/23-03-2024/pc-gaming-sentinel-i4080-super-wh8.jpg\" alt=\"PC Gaming Sentinel I4080 Super WH\" width=\"700\" height=\"700\"></strong></p>\n<p>Chip Series GeForce RTX 4080 Super Loong l&agrave; điểm nhấn nổi bật nhất của sản phẩm, với nh&acirc;n CUDA 10240, VGA RTX 4080 Super Loong Edition OC đem lại sức mạnh xử l&yacute; đồ họa ấn tượng, gi&uacute;p bạn thưởng thức c&aacute;c tựa game v&agrave; ứng dụng đồ họa nặng một c&aacute;ch mượt m&agrave; v&agrave; kh&ocirc;ng gặp trở ngại.</p>\n<h3><strong>Nguồn Corsair RM1200x Shift 1200W 80 Plus Gold - Full Modul</strong></h3>\n<p><strong><img src=\"https://www.tncstore.vn/media/lib/23-03-2024/pc-gaming-sentinel-i4080-super-wh3.jpg\" alt=\"PC Gaming Sentinel I4080 Super WH\" width=\"700\"></strong></p>\n<p><a href=\"https://www.tncstore.vn/nguon-corsair-rm1200x-shift-1200w-80-plus-gold-full-modul.html\" target=\"_blank\" rel=\"noopener\"><strong>Ngu&ocirc;̀n Corsair RM1200x Shift</strong></a> cung cấp cho bạn khả năng điều chỉnh điện &aacute;p cực kỳ chặt chẽ, hoạt động &ecirc;m &aacute;i được x&acirc;y dựng với tất cả c&aacute;c tụ điện. Ch&uacute;ng l&agrave; sự lựa chọn tuyệt vời cho c&aacute;c m&aacute;y t&iacute;nh hiệu suất cao, nơi cần độ tin cậy.</p>\n<h3><strong>Vỏ Case Corsair 6500X M&agrave;u Trắng</strong></h3>\n<p><strong><img src=\"https://www.tncstore.vn/media/lib/23-03-2024/pc-gaming-sentinel-i4080-super-wh7.jpg\" alt=\"PC Gaming Sentinel I4080 Super WH\" width=\"700\" height=\"700\"></strong></p>\n<p><a href=\"https://www.tncstore.vn/vo-case-corsair-6500x-white.html\" target=\"_blank\" rel=\"noopener\"><strong>Case Corsair 6500X M&agrave;u Trắng</strong></a> với thiết kế buồng k&eacute;p mang đến luồng kh&ocirc;ng kh&iacute; c&ugrave;ng khả năng l&agrave;m m&aacute;t cực tốt đặc biệt với tấm lưới ho&agrave;n to&agrave;n v&agrave; thiết kế buồng k&eacute;p để c&oacute; một cấu tr&uacute;c ngăn nắp, tuyệt đẹp.</p>\n<h3><strong>Quạt M&aacute;y T&iacute;nh Corsair iCUE LINK QX120 RGB White - Starter Kit</strong></h3>\n<p><strong>&nbsp;</strong></p>\n<p>Corsair l&agrave; một trong những t&ecirc;n tuổi đ&aacute;ng tin cậy khi nhắc đến hiệu suất v&agrave; t&iacute;nh năng của quạt tản nhiệt. Đặc biệt, <a href=\"https://www.tncstore.vn/quat-may-tinh-corsair-icue-link-qx120-rgb-starter-kit-white.html\" target=\"_blank\" rel=\"noopener\"><strong>Corsair iCUE LINK QX120 RGB</strong></a> kh&ocirc;ng chỉ mang lại hiệu suất l&agrave;m m&aacute;t tuyệt vời m&agrave; c&ograve;n thắp s&aacute;ng cho vỏ case th&ecirc;m rực rỡ.&nbsp;</p>\n<p><strong><img src=\"https://www.tncstore.vn/media/lib/23-03-2024/pc-gaming-sentinel-i4080-super-wh9.jpg\" alt=\"PC Gaming Sentinel I4080 Super WH\" width=\"700\" height=\"700\"></strong></p>\n<p>QX120 mang lại khả năng hoạt động với độ ồn thấp chỉ với 37dBA đồng thời cũng l&agrave; hệ thống tản s&aacute;ng gi&uacute;p cho &aacute;nh s&aacute;ng mịn v&agrave; đẹp hơn rất nhiều.</p>\n<h3><strong>Tản nhiệt nước AIO Corsair H150i ELITE LCD XT WHITE</strong></h3>\n<p><strong><img src=\"https://www.tncstore.vn/media/lib/23-03-2024/pc-gaming-sentinel-i4080-super-wh4.jpg\" alt=\"PC Gaming Sentinel I4080 Super WH\" width=\"700\" height=\"700\"></strong></p>\n<p><a href=\"https://www.tncstore.vn/tan-nhiet-nuoc-aio-corsair-h150i-elite-lcd-xt-white.html\" target=\"_blank\" rel=\"noopener\"><strong>Corsair H150i Elite LCD</strong></a> sử dụng quạt l&agrave;m m&aacute;y Corsair AF RGB Elite cung cấp lưu lượng kh&ocirc;ng kh&iacute; cực lớn gi&uacute;p l&agrave;m m&aacute;t tối đa cho RAD gi&uacute;p tản nhiệt cho CPU hiệu quả hơn, giảm nhiệt hiệu quả hơn c&ugrave;ng với chế độ Zero RPM, giảm tiếng ồn của tản nước ALL IN ONE đến mức tối thiểu v&agrave; c&oacute; thể dừng hẳn khi PC chạy ở chế độ Idle, c&oacute; thể t&ugrave;y chỉnh th&ocirc;ng qua phần mềm ICUE.</p>\n<h2><strong>Tổng kết</strong></h2>\n<p><strong>&nbsp;</strong></p>\n<p>Với sự mạnh mẽ về hiệu năng cũng như sự tinh tế về thiết kế của từng linh kiện, <strong>PC Gaming Sentinel I4080 Super WH </strong>xứng đ&aacute;ng l&agrave; bộ <a href=\"https://www.tncstore.vn/gaming-pc.html\" target=\"_blank\" rel=\"noopener\"><strong>PC Gaming</strong></a> quốc d&acirc;n được săn đ&oacute;n nhiều nhất trong thời gian tới đ&acirc;y.</p>\n<p><strong>&nbsp;</strong></p>\n<p>Hi vọng qua b&agrave;i viết n&agrave;y, <a href=\"https://www.tncstore.vn/\" target=\"_blank\" rel=\"noopener\"><strong>TNC Store</strong></a> gi&uacute;p anh em c&oacute; thể lựa chọn cho m&igrave;nh bộ PC ưng &yacute; nhất ! Ngo&agrave;i ra, TNC Store c&ograve;n <a href=\"https://www.tncstore.vn/buildpc\" target=\"_blank\" rel=\"noopener\"><strong>x&acirc;y dựng cấu h&igrave;nh PC</strong></a> ph&ugrave; hợp với nhu cầu sử dụng của kh&aacute;ch h&agrave;ng.</p>');
INSERT INTO `products` (`productId`, `name`, `priceOld`, `priceNew`, `imageUrl`, `sale`, `stockQuantity`, `categoryId`, `supplierId`, `brandId`, `createdAt`, `updatedAt`, `highlightType`, `reviewCount`, `descHTML`) VALUES
(3021, 'Màn Hình Gaming Asus ROG Strix XG349C IPS/ UWQHD/ 180Hz', 26990000.00, 22941500.00, 'https://www.tncstore.vn/media/product/250-7997-man-hinh-gaming-asus-rog-strix-xg249c-1.jpg', 15, 320, 2, 2, 3, '2025-03-17 16:34:46', '2025-03-29 06:33:17', 'Best Choice', 0, '<h2 class=\"title\">M&ocirc; tả sản phẩm</h2>\n<div id=\"content-desciption\" class=\"content nd active\">\n<h2 dir=\"ltr\"><span style=\"font-family: Chakra Petch;\">Đ&aacute;nh gi&aacute; chi tiết m&agrave;n h&igrave;nh cong Asus ROG Strix XG349C 34 inch 2K 180Hz G-Sync</span></h2>\n<span style=\"font-family: Chakra Petch;\"><br></span>\n<p dir=\"ltr\"><span style=\"font-family: Chakra Petch;\"><a href=\"https://www.tncstore.vn/\">TNC Store</a> giới thiệu đến qu&yacute; kh&aacute;ch m&agrave;n chiếc <a href=\"https://www.tncstore.vn/man-hinh-asus.html\">m&agrave;n h&igrave;nh ASUS</a> sở hữu k&iacute;ch thước <a href=\"https://www.tncstore.vn/monitor.html\">m&agrave;n h&igrave;nh</a> 34 inch si&ecirc;u rộng, độ ph&acirc;n giải 2K dưới tấm nền IPS hứa hẹn mang lại h&igrave;nh ảnh sắc n&eacute;t v&agrave; ch&acirc;n thật hơn bao giờ hết. Được trang bị nhiều c&ocirc;ng nghệ ti&ecirc;n tiến v&agrave; hiện đại đi k&egrave;m, <a href=\"https://www.tncstore.vn/man-hinh-gaming/man-hinh-gaming-asus-rog-strix-xg249c.html\">m&agrave;n h&igrave;nh cong ASUS ROG Strix XG349C</a> sẽ mang đến cho bạn trải nghiệm chơi game v&agrave; giải tr&iacute; tuyệt vời.</span></p>\n<p dir=\"ltr\" style=\"text-align: center;\"><iframe class=\"note-video-clip\" src=\"https://www.youtube.com/embed/ENJ2-_BCG-0\" width=\"640\" height=\"360\" frameborder=\"0\"></iframe><span style=\"font-family: Chakra Petch;\"><br></span></p>\n<span style=\"font-family: Chakra Petch;\"><br></span>\n<h3 dir=\"ltr\"><span style=\"font-family: Chakra Petch;\">Thiết kế mới v&agrave; hiện đại</span></h3>\n<span style=\"font-family: Chakra Petch;\"><br></span>\n<p dir=\"ltr\"><span style=\"font-family: Chakra Petch;\">M&agrave;n h&igrave;nh cong Asus ROG Strix XG349C c&oacute; k&iacute;ch thước 34 inch với tỉ lệ m&agrave;n h&igrave;nh mới 21:9 gi&uacute;p mang đến nhiều kh&ocirc;ng gian hiển thị hơn 35% so với tỉ lệ m&agrave;n h&igrave;nh th&ocirc;ng thường. Bạn c&oacute; thể thoải m&aacute;i chứa nhiều ứng dụng v&agrave; l&agrave;m việc đa t&aacute;c vụ tr&ecirc;n m&agrave;n h&igrave;nh PC của m&igrave;nh. Độ cong m&agrave;n h&igrave;nh 1500R l&yacute; tưởng bao trọn mọi g&oacute;c nh&igrave;n cho bạn, gi&uacute;p mang đến tầm nh&igrave;n rộng v&agrave; bao qu&aacute;t hơn bao giờ hết.</span></p>\n<p dir=\"ltr\"><img title=\"TNC Store Asus ROG Strix XG349C\" src=\"https://www.tncstore.vn/image/catalog/nh%20b%C3%A0i%20vi%E1%BA%BFt%20bmin/tnc-store-asus-rog-strix-xg349c%20(4).jpg\" alt=\"TNC Store Asus ROG Strix XG349C\"><span style=\"font-family: Chakra Petch;\"><br></span></p>\n<span style=\"font-family: Chakra Petch;\"><br></span>\n<h3 dir=\"ltr\"><span style=\"font-family: Chakra Petch;\">Thiết kế viền ASUS ROG Strix XG349C si&ecirc;u mỏng</span></h3>\n<span style=\"font-family: Chakra Petch;\"><br></span>\n<p dir=\"ltr\"><span style=\"font-family: Chakra Petch;\">Thiết kế viền m&agrave;n h&igrave;nh si&ecirc;u mỏng gi&uacute;p bạn đắm ch&igrave;m v&agrave;o những trận game bất tận. Ch&acirc;n đế chữ \"V\" đặc trưng kh&ocirc;ng những giữ trọng lực tốt cho m&agrave;n h&igrave;nh m&agrave; c&ograve;n tạo cảm gi&aacute;c mềm mại v&agrave; thanh lịch cho Asus ROG Strix XG349C.</span></p>\n<p dir=\"ltr\"><span style=\"font-family: Chakra Petch;\">&nbsp;</span></p>\n<p dir=\"ltr\"><img title=\"TNC Store Asus ROG Strix XG349C\" src=\"https://www.tncstore.vn/image/catalog/nh%20b%C3%A0i%20vi%E1%BA%BFt%20bmin/tnc-store-asus-rog-strix-xg349c%20(2).jpg\" alt=\"TNC Store Asus ROG Strix XG349C\"><span style=\"font-family: Chakra Petch;\"><br></span></p>\n<span style=\"font-family: Chakra Petch;\"><br></span>\n<h3 dir=\"ltr\"><span style=\"font-family: Chakra Petch;\">M&agrave;n h&igrave;nh GTG si&ecirc;u nhanh v&agrave; nhạy</span></h3>\n<span style=\"font-family: Chakra Petch;\"><br></span>\n<p dir=\"ltr\"><span style=\"font-family: Chakra Petch;\">XG349C l&agrave; d&ograve;ng m&agrave;n h&igrave;nh cong ASUS được trang bị c&ocirc;ng nghệ Asus Fast IPS độc quyền, n&oacute; cho ph&eacute;p bật v&agrave; tắt m&agrave;n h&igrave;nh nhanh hơn tận 4 lần so với nhiều m&agrave;n h&igrave;nh IPS th&ocirc;ng thường. B&ecirc;n cạnh đ&oacute;, ROG Strix XG349C c&ograve;n sở hữu thời gian phản hồi 1ms GTG hạn chế c&aacute;c hiện tượng g&acirc;y kh&oacute; chịu như mờ hay nh&ograve;e chuyển động, c&aacute;c chuyển động trong game sẽ v&ocirc; c&ugrave;ng mượt m&agrave;.</span></p>\n<p dir=\"ltr\"><span style=\"font-family: Chakra Petch;\">&nbsp;</span></p>\n<p dir=\"ltr\"><img title=\"TNC Store Asus ROG Strix XG349C\" src=\"https://www.tncstore.vn/image/catalog/nh%20b%C3%A0i%20vi%E1%BA%BFt%20bmin/tnc-store-asus-rog-strix-xg349c%20(3).jpg\" alt=\"TNC Store Asus ROG Strix XG349C\"><span style=\"font-family: Chakra Petch;\"><br></span></p>\n<span style=\"font-family: Chakra Petch;\"><br></span>\n<h3 dir=\"ltr\"><span style=\"font-family: Chakra Petch;\">Tần số qu&eacute;t 180Hz</span></h3>\n<span style=\"font-family: Chakra Petch;\"><br></span>\n<p dir=\"ltr\"><span style=\"font-family: Chakra Petch;\">Song song đ&oacute;, tần số qu&eacute;t 180Hz v&ocirc; c&ugrave;ng lớn m&agrave; chắc chắn bất kỳ một game thủ n&agrave;o cũng mong muốn. Bạn sẽ được trải nghiệm h&igrave;nh ảnh chơi game mượt m&agrave; đ&aacute;ng kinh ngạc, gi&uacute;p bạn chiếm ưu thế trong c&aacute;c tựa game bắn s&uacute;ng g&oacute;c nh&igrave;n thứ nhất, đua xe, chiến lược thời gian thực v&agrave; thể thao.</span></p>\n<p dir=\"ltr\"><span style=\"font-family: Chakra Petch;\">&nbsp;</span></p>\n<p dir=\"ltr\"><img title=\"TNC Store Asus ROG Strix XG349C\" src=\"https://www.tncstore.vn/image/catalog/nh%20b%C3%A0i%20vi%E1%BA%BFt%20bmin/tnc-store-asus-rog-strix-xg349c%20(5).jpg\" alt=\"TNC Store Asus ROG Strix XG349C\"><span style=\"font-family: Chakra Petch;\"><br></span></p>\n<span style=\"font-family: Chakra Petch;\"><br></span>\n<h3 dir=\"ltr\"><span style=\"font-family: Chakra Petch;\">C&ocirc;ng nghệ chơi game h&agrave;ng đầu</span></h3>\n<span style=\"font-family: Chakra Petch;\"><br></span>\n<p dir=\"ltr\"><span style=\"font-family: Chakra Petch;\">M&agrave;n h&igrave;nh Asus ROG Strix XG349C l&agrave; một chiếc k&eacute;p phụ ho&agrave;n hảo cho game thủ v&igrave; được t&iacute;ch hợp rất nhiều c&ocirc;ng nghệ ti&ecirc;n tiến v&agrave; hiện đại để hỗ trợ qu&aacute; tr&igrave;nh chơi game của người d&ugrave;ng.&nbsp;</span></p>\n<span style=\"font-family: Chakra Petch;\"><br><br></span>\n<p dir=\"ltr\"><span style=\"font-family: Chakra Petch;\">C&ocirc;ng nghệ NVIDIA G-sync gi&uacute;p h&igrave;nh ảnh đồ họa liền mạch, kh&ocirc;ng bị x&eacute; h&igrave;nh bằng c&aacute;ch bật VRR theo mặc định tr&ecirc;n card đồ họa NVIDIA GeForce GTX 10-Series v&agrave; NVIDIA GeForce RTX 20-Series.&nbsp;</span></p>\n<span style=\"font-family: Chakra Petch;\"><br></span>\n<p dir=\"ltr\"><span style=\"font-family: Chakra Petch;\">C&ocirc;ng nghệ HDR mang lại dải m&agrave;u rộng hơn v&agrave; độ tương phản cao hơn so với nhiều loại m&agrave;n h&igrave;nh m&aacute;y t&iacute;nh truyền thống kh&aacute;c.&nbsp;</span></p>\n<span style=\"font-family: Chakra Petch;\"><br></span>\n<p dir=\"ltr\"><span style=\"font-family: Chakra Petch;\">C&ocirc;ng nghệ ASUS Shadow Boost l&agrave;m r&otilde; c&aacute;c v&ugrave;ng tối của tr&ograve; chơi m&agrave; kh&ocirc;ng l&agrave;m s&aacute;ng qu&aacute; mức c&aacute;c v&ugrave;ng s&aacute;ng kh&aacute;c, gi&uacute;p cải thiện tầm nh&igrave;n tổng thể, đồng thời dễ d&agrave;ng ph&aacute;t hiện kẻ th&ugrave; ẩn trong v&ugrave;ng tối của bản đồ.</span></p>\n<span style=\"font-family: Chakra Petch;\"><br></span>\n<p dir=\"ltr\"><span style=\"font-family: Chakra Petch;\">C&ocirc;ng nghệ Flicker-Free để giảm thiểu mỏi mắt để cải thiện sự thoải m&aacute;i khi bạn bị cuốn v&agrave;o c&aacute;c phi&ecirc;n chơi game d&agrave;i hay c&ocirc;ng nghệ &aacute;nh s&aacute;ng xanh thấp gi&uacute;p hạn chế đến mức tối thiểu lượng &aacute;nh s&aacute;nh xanh tiềm ẩn g&acirc;y hại cho mắt khi bạn phải tiếp x&uacute;c với m&agrave;n h&igrave;nh qu&aacute; nhiều.</span></p>\n<h3 dir=\"ltr\"><span style=\"font-family: Chakra Petch;\">Hỗ trợ chuyển mạch KVM tr&ecirc;n ROG Strix XG349C</span></h3>\n<span style=\"font-family: Chakra Petch;\"><br></span>\n<p dir=\"ltr\"><span style=\"font-family: Chakra Petch;\">Khi hai thiết bị được kết nối với ROG Strix XG349C, c&ocirc;ng tắc KVM cho ph&eacute;p bạn điều khiển cả hai thiết bị chỉ bằng b&agrave;n ph&iacute;m v&agrave; con chuột. Điều n&agrave;y gi&uacute;p tiết kiệm kh&ocirc;ng gian b&agrave;n l&agrave;m việc v&agrave; tiện lợi hơn. Ngo&agrave;i ra, m&agrave;n h&igrave;nh cũng được trang bị đầy đủ c&aacute;c loại cổng kết nối th&ocirc;ng dụng, bạn c&oacute; thể thoải m&aacute;i kết nối với thiết bị ngoại vi kh&aacute;c để c&oacute; được trải nghiệm giải tr&iacute; trọn vẹn nhất c&oacute; thể.</span></p>\n<p dir=\"ltr\"><span style=\"font-family: Chakra Petch;\">&nbsp;</span></p>\n<p dir=\"ltr\"><img title=\"TNC Store Asus ROG Strix XG349C\" src=\"https://www.tncstore.vn/image/catalog/nh%20b%C3%A0i%20vi%E1%BA%BFt%20bmin/tnc-store-asus-rog-strix-xg349c%20(1).jpg\" alt=\"TNC Store Asus ROG Strix XG349C\"></p>\n<span id=\"docs-internal-guid-c07266b2-7fff-03f1-7dd7-241ff1291f2b\"></span></div>'),
(3022, 'PC Gaming - ASUS ROG Hyperion 101', 127469000.00, 101975200.00, 'https://www.tncstore.vn/media/product/8490-tnc-store-pc-gaming-asus-rog-hyperion-101-14-.jpg', 20, 33, 1, 1, 3, '2025-03-17 16:36:41', '2025-03-28 10:16:07', 'Best Choice', 0, '<h2 dir=\"ltr\">Đ&aacute;nh gi&aacute; chi tiết <a href=\"https://www.tncstore.vn/pc-gaming-asus-rog-hyperion-101.html\" target=\"_blank\" rel=\"noopener\">PC Gaming - ASUS ROG Hyperion 101</a></h2>\n<p><img style=\"display: block; margin-left: auto; margin-right: auto;\" src=\"https://www.tncstore.vn/media/lib/13-08-2024/tnc-store-pc-gaming-asus-rog-hyperion-10113.jpg\" alt=\"TNC Store PC Gaming - ASUS ROG Hyperion 101\" width=\"700\" height=\"350\"></p>\n<p>Với sự mạnh mẽ về hiệu năng cũng như sự tinh tế về thiết kế của từng linh kiện,&nbsp;<strong>PC Gaming&nbsp;ASUS ROG Hyperion 101&nbsp;</strong>xứng đ&aacute;ng l&agrave; bộ&nbsp;<a href=\"https://www.tncstore.vn/gaming-pc.html\" target=\"_blank\" rel=\"noopener\"><strong>PC Gaming</strong></a>&nbsp;quốc d&acirc;n được săn đ&oacute;n nhiều nhất trong thời gian tới đ&acirc;y.</p>\n<p>&nbsp;</p>\n<h3 dir=\"ltr\">CPU Intel Core i9 13900K - Con chip tối ưu cho ASUS ROG Hyperion 101</h3>\n<p dir=\"ltr\"><a href=\"https://www.tncstore.vn/cpu-intel-core-i9-13900k.html\" target=\"_blank\" rel=\"noopener\">CPU Intel Core i9 13900K</a> l&agrave; CPU thế hệ thứ 13 của Intel. L&agrave; đứa con mạnh mẽ v&agrave; cao cấp nhất n&ecirc;n i9 13900K được ưu &aacute;i dựa tr&ecirc;n Socket LGA 1700 v&agrave; &aacute;p dụng kiến ​​tr&uacute;c mới v&agrave; c&oacute; hiệu năng vượt trội so với c&aacute;c sản phẩm thế hệ trước.</p>\n<p dir=\"ltr\">&nbsp;</p>\n<p dir=\"ltr\" style=\"text-align: center;\"><iframe src=\"https://www.youtube.com/embed/PVGxq5_NQzc\" width=\"700\" height=\"400\"></iframe>&nbsp;</p>\n<p>&nbsp;</p>\n<p dir=\"ltr\">Intel Core i9 13900K sẽ l&agrave; sự lựa chọn tuyệt vời nếu bạn muốn x&acirc;y dựng một d&agrave;n <a href=\"https://www.tncstore.vn/gaming-pc.html\" target=\"_blank\" rel=\"noopener\">PC gaming</a> tốt nhất hiện nay. Với số nh&acirc;n, số luồng v&agrave; tốc độ xung nhịp cao, n&oacute; sẽ ph&ugrave; hợp với c&aacute;c thiết bị cao cấp, dịch vụ ph&aacute;t trực tuyến, tr&ograve; chơi hoặc sử dụng phần mềm chuy&ecirc;n nghiệp.</p>\n<p dir=\"ltr\">&nbsp;</p>\n<p dir=\"ltr\"><img title=\"TNC Store - PC Gaming ASUS ROG Hyperion 101\" src=\"https://www.tncstore.vn/image/catalog/nh%20b%C3%A0i%20vi%E1%BA%BFt%20bmin/tncstore-pc-gaming-asus-rog-hyperion-101-5.jpg\" alt=\"TNC Store PC Gaming ASUS ROG Hyperion 101\" width=\"700\" height=\"474\"></p>\n<p>&nbsp;</p>\n<p dir=\"ltr\">Intel Core i9 13900K c&oacute; thể đạt được sự gia tăng đ&aacute;ng kể về hiệu suất đa l&otilde;i, chủ yếu l&agrave; nhờ v&agrave;o 8 l&otilde;i E-core bổ sung m&agrave; d&ograve;ng Alder Lake thế hệ trước chưa c&oacute; được. Tiếp theo l&agrave; một loạt c&aacute;c cải tiến chung (IPC) cho mỗi chu kỳ. Raptor Lake-S sở hữu 24 l&otilde;i v&agrave; 32 luồng. Sự đầu tư hẳn hoi của h&atilde;ng đ&atilde; hiển nhi&ecirc;n đưa Intel Core i9 13900K l&ecirc;n vị tr&iacute; dẫn đầu hiện nay.</p>\n<h3 dir=\"ltr\">Bo Mạch Chủ ASUS ROG STRIX Z790-F GAMING WIFI II<br>&nbsp;</h3>\n<p dir=\"ltr\">B&ecirc;n dưới bộ tản nhiệt tối m&agrave;u v&agrave; xếp lớp,&nbsp;<strong><a href=\"https://www.tncstore.vn/bo-mach-chu-asus-rog-strix-z790-f-gaming-wifi-ii.html\" target=\"_blank\" rel=\"noopener\">bo mạch chủ Asus Rog Strix Z790-F</a></strong>&nbsp;c&oacute; giải ph&aacute;p truyền tải điện năng c&ugrave;ng c&aacute;c t&iacute;nh năng &eacute;p xung gi&uacute;p đẩy sức mạnh bộ vi xử l&yacute; Intel Core thế hệ 13 l&ecirc;n một tầm cao mới. Với t&iacute;nh năng quản l&yacute; nhiệt ti&ecirc;n tiến cho c&aacute;c d&agrave;n m&aacute;y hoạt động &ecirc;m hơn, c&ugrave;ng sự hỗ trợ DDR5, PCIe 5.0 v&agrave; WiFi 6E, cỗ m&aacute;y được trang bị tối t&acirc;n n&agrave;y cung cấp băng th&ocirc;ng lớn cho mọi loại tải.&nbsp;</p>\n<p dir=\"ltr\">&nbsp;</p>\n<p dir=\"ltr\"><img src=\"https://www.tncstore.vn/media/lib/26-02-2024/tnc-store-pc-gaming-asus-rog-hyperion-1012.jpg\" alt=\"TNC Store PC Gaming ASUS ROG Hyperion 101\" width=\"700\" height=\"700\"></p>\n<p>&nbsp;</p>\n<p dir=\"ltr\">C&aacute;c <a href=\"https://www.tncstore.vn/mainboard-bo-mach-chu.html\" target=\"_blank\" rel=\"noopener\">bo mạch chủ</a> th&ocirc;ng thường sử dụng cảm biến một đầu được khai th&aacute;c từ một vị tr&iacute; kh&ocirc;ng l&yacute; tưởng, dẫn đến sự ch&ecirc;nh lệch lớn giữa điện &aacute;p thực tế được cấp cho CPU v&agrave; gi&aacute; trị được b&aacute;o c&aacute;o cho phần mềm. Mainboard Asus ROG MAXIMUS Z790 HERO DDR c&oacute; mạch cảm biến vi sai v&agrave; vi mạch tinh tế, gi&uacute;p đơn giản h&oacute;a qu&aacute; tr&igrave;nh &eacute;p xung v&agrave; điều chỉnh bằng c&aacute;ch cho ph&eacute;p bạn theo d&otilde;i điện &aacute;p ch&iacute;nh x&aacute;c hơn.</p>\n<h3 dir=\"ltr\">RAM Corsair Dominator Platinum RGB 128GB</h3>\n<p>&nbsp;</p>\n<p dir=\"ltr\">Ram PC Corsair Dominator Platinum RGB DDR4 với thiết kế cực kỳ hiện đại k&egrave;m theo hệ thống chiếu s&aacute;ng RGB cực kỳ hầm hố, đồng thời mang lại hiệu suất cao nhất của DDR4 khi được trang bị chip nhớ tần số cao chất lượng cực tốt, đảm bảo hiệu suất cực kỳ ổn định v&agrave; khả năng &eacute;p xung, nhờ bảng mạch t&ugrave;y chỉnh 10 lớp được l&agrave;m m&aacute;t bằng c&ocirc;ng nghệ l&agrave;m m&aacute;t Dual-Path DHX được cấp bằng s&aacute;ng chế của Corsair.</p>\n<p dir=\"ltr\">&nbsp;</p>\n<p dir=\"ltr\"><img title=\"TNC Store - PC Gaming ASUS ROG Hyperion 101\" src=\"https://www.tncstore.vn/image/catalog/nh%20b%C3%A0i%20vi%E1%BA%BFt%20bmin/tncstore-pc-gaming-asus-rog-hyperion-101-1.jpg\" alt=\"TNC Store - PC Gaming ASUS ROG Hyperion 101\">&nbsp;</p>\n<p dir=\"ltr\">&nbsp;</p>\n<p dir=\"ltr\"><a href=\"https://www.tncstore.vn/ram.html\">Ram PC</a>&nbsp;<a href=\"https://www.tncstore.vn/ram-corsair-dominator-platinum-rgb-64gb-5200mhz-white.html\" target=\"_blank\" rel=\"noopener\">Corsair Dominator Platinum RGB DDR4</a> được tối ưu h&oacute;a hiệu suất cao nhất tr&ecirc;n bo mạch chủ Intel v&agrave; AMD DDR4 mới nhất với băng th&ocirc;ng l&ecirc;n đến 4800MHz. Ram PC Corsair Dominator Platinum RGB DDR4 được trang bị dải LED gồm 12 b&oacute;ng LED RGB độc lập v&agrave; kh&ocirc;ng y&ecirc;u cầu cắm th&ecirc;m d&acirc;y hoặc c&aacute;p để điều khiển hệ thống Led. Tất cả việc bạn cần l&agrave;m l&agrave;m cắm v&agrave;o khe ram, bật phần mềm đi k&egrave;m v&agrave; hiệu chỉnh.</p>\n<h3 dir=\"ltr\">Ổ cứng SSD Samsung 980 PRO 1TB M.2</h3>\n<p>&nbsp;</p>\n<p dir=\"ltr\"><a href=\"https://www.tncstore.vn/ssd-o-the-ran.html\" target=\"_blank\" rel=\"noopener\">Ổ cứng SSD</a>&nbsp;<a href=\"https://www.tncstore.vn/o-cung-ssd-samsung-980-pro-1tb-m2-gen-4.html\" target=\"_blank\" rel=\"noopener\">Samsung 980 PRO PCIe 4.0 x4 NVMe1.3c M.2 2280 V-NAND</a> đi k&egrave;m phần mềm Magician của Samsung, gi&uacute;p dễ d&agrave;ng quản l&yacute;, theo d&otilde;i v&agrave; tối ưu h&oacute;a hiệu năng của ổ đĩa.<br><br></p>\n<p dir=\"ltr\">Với sự thay đổi từ Controller Phoenix được d&ugrave;ng cho thế hệ 970 Pro, Ổ cứng SSD Samsung 980 PRO PCIe NVMe M.2 2280 V-NAND được trang bị Controller Samsung Elpis mới nhất gi&uacute;p hỗ trợ tốt hơn cho c&aacute;c tiến tr&igrave;nh Games v&agrave; sắp xếp hợp l&yacute; c&aacute;c luồng dữ liệu của c&aacute;c tiến tr&igrave;nh đồ họa, k&egrave;m theo c&ocirc;ng nghệ TurboWrite th&ocirc;ng minh, cho tốc độ l&ecirc;n đến 7000MB/s, nhanh hơn gấp đ&ocirc;i so với thế hệ trước.</p>\n<p dir=\"ltr\">&nbsp;</p>\n<p dir=\"ltr\"><img title=\"TNC Store - PC Gaming ASUS ROG Hyperion 101\" src=\"https://www.tncstore.vn/image/catalog/nh%20b%C3%A0i%20vi%E1%BA%BFt%20bmin/tncstore-pc-gaming-asus-rog-hyperion-101-2.jpg\" alt=\"TNC Store - PC Gaming ASUS ROG Hyperion 101\" width=\"700\" height=\"467\"></p>\n<p dir=\"ltr\">&nbsp;</p>\n<h3 dir=\"ltr\"><strong>Card m&agrave;n h&igrave;nh Asus ROG Strix RTX 4090 OC 24GB</strong></h3>\n<h3><strong>&nbsp;</strong></h3>\n<p dir=\"ltr\"><a href=\"https://www.tncstore.vn/card-man-hinh-asus-rog-strix-rtx-4090-oc-24gb-gaming.html\" target=\"_blank\" rel=\"noopener\">ASUS ROG Strix GeForce RTX 4090 OC Edition 24GB GDDR6X</a> d&ograve;ng card đồ họa được trang bị v&ocirc; số n&acirc;ng cấp đ&aacute;ng kể về cả hiệu năng lẫn thiết kế. Gi&uacute;p c&aacute;c game thủ c&oacute; trải nghiệm chơi game mượt m&agrave;, chất lượng với khung h&igrave;nh ch&acirc;n thực, sống động với những chi tiết nhỏ nhất.</p>\n<p>&nbsp;</p>\n<p dir=\"ltr\">Cấu tr&uacute;c NVIDIA Ada Lovelace Streaming Multiprocessors được thiết kế cung cấp khả năng chơi game v&agrave; s&aacute;ng tạo vượt trội hơn. Khả năng xử l&yacute; đồ họa chuy&ecirc;n nghiệp mang lại h&igrave;nh ảnh ch&acirc;n thực, tạo th&ecirc;m c&aacute;c khung h&igrave;nh chất lượng cao tăng th&ecirc;m phấn khởi v&agrave; trải nghiệm cho người chơi.</p>\n<p dir=\"ltr\">&nbsp;</p>\n<p dir=\"ltr\"><img title=\"TNC Store - PC Gaming ASUS ROG Hyperion 101\" src=\"https://www.tncstore.vn/image/catalog/nh%20b%C3%A0i%20vi%E1%BA%BFt%20bmin/tncstore-pc-gaming-asus-rog-hyperion-101-3.jpg\" alt=\"TNC Store PC Gaming ASUS ROG Hyperion 101\" width=\"700\" height=\"568\"></p>\n<p>&nbsp;</p>\n<p dir=\"ltr\">D&ograve;ng <a href=\"https://www.tncstore.vn/vga-card-man-hinh.html\" target=\"_blank\" rel=\"noopener\">card đồ họa</a> thuộc series RTX 4090 được ASUS trang bị một thiết kế v&ocirc; c&ugrave;ng độc đ&aacute;o v&agrave; hầm hố. Thiết kế đậm chất gaming được gia c&ocirc;ng v&ocirc; c&ugrave;ng tỉ mỉ tạo n&ecirc;n vẻ đẹp ấn tượng m&agrave; bạn kh&ocirc;ng thể rời mắt.</p>\n<p dir=\"ltr\">&nbsp;</p>\n<h3 dir=\"ltr\"><strong>Nguồn Asus ROG Thor 1000W - 80 Plus Platinum II Eva Edition<br>&nbsp;</strong></h3>\n<p>C&aacute;c c&aacute;nh quạt trong&nbsp;<strong><a href=\"https://www.tncstore.vn/nguon-asus-rog-thor-1000w-80-plus-platinum-2-eva-edition.html\" target=\"_blank\" rel=\"noopener\">nguồn ASUS ROG Thor 1000W Platinum II EVA Edition</a></strong>&nbsp;được thiết kế với k&iacute;ch thước 135mm c&ugrave;ng c&ocirc;ng nghệ Axial-tech đem lại khả năng tản nhiệt tốt nhất, duy tr&igrave; hiệu suất mạnh mẽ. Những c&aacute;nh quạt được tối ưu giảm tiếng ồn, tạo trải nghiệm thoải m&aacute;i khi sử dụng PC Gaming cho bạn.</p>\n<p>&nbsp;</p>\n<p>&nbsp;</p>\n<p dir=\"ltr\">Phi&ecirc;n bản thứ hai của ROG Thor 1200W Platinum, d&ograve;ng <a href=\"https://www.tncstore.vn/nguon-may-tinh.html\" target=\"_blank\" rel=\"noopener\">nguồn m&aacute;y t&iacute;nh</a> tr&ecirc;n 1000W sử dụng c&aacute;c n&acirc;ng cấp về hệ thống l&agrave;m m&aacute;t v&agrave; linh kiện khiến để trở th&agrave;nh một trong những d&ograve;ng PSU hoạt động v&ocirc; c&ugrave;ng y&ecirc;n tĩnh.&nbsp;</p>\n<p dir=\"ltr\">&nbsp;</p>\n<p dir=\"ltr\"><img src=\"https://www.tncstore.vn/media/lib/26-02-2024/tnc-store-pc-gaming-asus-rog-hyperion-1011.jpg\" alt=\"TNC Store PC Gaming ASUS ROG Hyperion 101\" width=\"700\" height=\"700\"></p>\n<h3 dir=\"ltr\">Vỏ m&aacute;y t&iacute;nh ASUS ROG Hyperion GR701</h3>\n<p>&nbsp;</p>\n<p dir=\"ltr\">C&oacute; lẽ vẻ ngo&agrave;i hầm hố đến từ những chiếc <a href=\"https://www.tncstore.vn/vo-case.html\" target=\"_blank\" rel=\"noopener\">case m&aacute;y t&iacute;nh</a> đ&atilde; kh&ocirc;ng c&ograve;n l&agrave; điều g&igrave; lạ lẫm với mọi người d&ugrave;ng PC. V&agrave; một khi đ&atilde; nhắc đến những chiếc case c&oacute; vẻ ngo&agrave;i ngầu l&ograve;i nhất th&igrave; ch&uacute;ng ta kh&oacute; c&oacute; thể bỏ qua những c&aacute;i t&ecirc;n từ ASUS. Nay, ASUS tiếp tục mang đến cho bạn chiếc case si&ecirc;u đỉnh với model mang t&ecirc;n ROG Hyperion GR701.</p>\n<p>&nbsp;</p>\n<p dir=\"ltr\">Sau khi đem đến những si&ecirc;u phẩm về case, ASUS đ&atilde; kh&ocirc;ng dừng lại v&agrave; tiếp tục tr&igrave;nh l&agrave;ng một thiết kế mới tr&ecirc;n <a href=\"https://www.tncstore.vn/vo-case-asus-rog-hyperion-gr701.html\" target=\"_blank\" rel=\"dofollow noopener\"><strong>ROG Hyperion GR701</strong></a>. Những đường n&eacute;t c&ugrave;ng g&oacute;c cạnh vẫn c&ograve;n đ&oacute; l&agrave; sự hầm hố v&agrave; hiện đại, kho&aacute;c l&ecirc;n một m&agrave;u đen huyền b&iacute; biến ROG Hyperion GR701 trở th&agrave;nh một chiếc &ldquo;phi thuyền&rdquo; ngo&agrave;i h&agrave;nh tinh đ&uacute;ng nghĩa. Từ đ&oacute;, cuốn h&uacute;t mọi &aacute;nh mắt từ game thủ từ vẻ ngo&agrave;i của m&igrave;nh.</p>\n<p dir=\"ltr\">&nbsp;</p>\n<p dir=\"ltr\"><img title=\"TNC Store - PC Gaming ASUS ROG Hyperion 101\" src=\"https://www.tncstore.vn/image/catalog/nh%20b%C3%A0i%20vi%E1%BA%BFt%20bmin/tncstore-pc-gaming-asus-rog-hyperion-101-7.jpg\" alt=\"TNC Store PC Gaming ASUS ROG Hyperion 101\" width=\"700\" height=\"394\"></p>\n<p dir=\"ltr\">&nbsp;</p>\n<h2><strong>Tổng kết</strong></h2>\n<p dir=\"ltr\"><strong>&nbsp;</strong></p>\n<p>Với sự mạnh mẽ về hiệu năng cũng như sự tinh tế về thiết kế của từng linh kiện, <strong>PC Gaming Asus ROG Hyperion</strong> xứng đ&aacute;ng l&agrave; bộ <a href=\"https://www.tncstore.vn/gaming-pc.html\" target=\"_blank\" rel=\"noopener\"><strong>PC Gaming</strong></a> quốc d&acirc;n được săn đ&oacute;n nhiều nhất trong thời gian tới đ&acirc;y.</p>\n<p dir=\"ltr\"><strong><br>Hi vọng qua b&agrave;i viết n&agrave;y, <a href=\"https://www.tncstore.vn/\" target=\"_blank\" rel=\"noopener\">TNC Store</a> gi&uacute;p anh em c&oacute; thể lựa chọn cho m&igrave;nh bộ PC ưng &yacute; nhất ! Ngo&agrave;i ra, TNC Store c&ograve;n <a href=\"https://www.tncstore.vn/buildpc\" target=\"_blank\" rel=\"noopener\">x&acirc;y dựng cấu h&igrave;nh PC</a> ph&ugrave; hợp với nhu cầu sử dụng của kh&aacute;ch h&agrave;ng.</strong></p>\n<p dir=\"ltr\">&nbsp;</p>\n<p dir=\"ltr\"><strong>C&oacute; thể bạn quan t&acirc;m</strong></p>\n<p dir=\"ltr\">&nbsp;</p>\n<p dir=\"ltr\">&gt;&gt;&gt;&nbsp;<a href=\"https://www.tncstore.vn/pc-eva-02-limited-edition.html\" target=\"_blank\" rel=\"noopener\">PC Gaming - Sentinal I4090 Eva 02 Limited Edition</a></p>\n<p dir=\"ltr\">&gt;&gt;&gt;&nbsp;<a href=\"https://www.tncstore.vn/pc-gaming-sentinal-i4090-eva-02-limited-edition-01.html\" target=\"_blank\" rel=\"noopener\">PC Gaming - Sentinal I4090 Eva 02 Limited Edition 01</a></p>\n<p dir=\"ltr\">&gt;&gt;&gt;&nbsp;<a href=\"https://www.tncstore.vn/pc-gaming-sentinal-i4090-eva-02-limited-edition.html\" target=\"_blank\" rel=\"noopener\">PC Gaming - Sentinal I4080 Eva 02 Limited Edition</a></p>'),
(3024, 'Màn hình Gaming Acer Predator X28 UM.PX0SV.001 / 28 inch / fUHD/ IPS/ 152Hz', 58290000.00, 37888500.00, 'https://www.tncstore.vn/media/product/250-8706-acer-predator-x28-1.jpg', 35, 340, 2, 1, 3, '2025-03-17 16:45:03', '2025-03-29 06:21:34', 'Best Choice', 0, '<h2 dir=\"ltr\"><span style=\"font-family: Chakra Petch;\"><span id=\"docs-internal-guid-7935fec2-7fff-ab82-66cb-fd6ee47f219e\">Đ&aacute;nh gi&aacute; chi tiết m&agrave;n h&igrave;nh gaming Acer Predator X28 UM PX0SV 001</span><br></span></h2>\n<p><strong id=\"docs-internal-guid-db4868ec-7fff-ad2f-80e5-bae58aeb344e\"><span style=\"font-family: Chakra Petch;\">&nbsp;</span></strong></p>\n<p dir=\"ltr\"><span style=\"font-family: Chakra Petch;\"><a href=\"https://www.tncstore.vn/\">TNC Store</a> giới thiệu đến qu&yacute; kh&aacute;ch h&agrave;ng 1 chiếc <a href=\"https://www.tncstore.vn/monitor.html\">m&agrave;n h&igrave;nh m&aacute;y t&iacute;nh</a> được n&acirc;ng tầm trải nghiệm giải tr&iacute; bởi <a href=\"https://www.tncstore.vn/man-hinh-acer.html\">thương hiệu Acer</a>. Chiếc <a href=\"https://www.tncstore.vn/man-hinh-gaming/man-hinh-gaming-acer-predator-x28um-px0sv-001.html\">Acer Predator X28 UM PX0SV 001</a> sở hữu m&agrave;n h&igrave;nh 4K UHD c&ugrave;ng tần số qu&eacute;t 152Hz mang đến cho bạn những giờ ph&uacute;t gaming chuẩn eSports.&nbsp;</span></p>\n<p dir=\"ltr\"><span style=\"font-family: Chakra Petch;\">&nbsp;</span></p>\n<p dir=\"ltr\" style=\"text-align: center;\"><iframe class=\"note-video-clip\" src=\"https://www.youtube.com/embed/aJ7S4OcleKk\" width=\"640\" height=\"360\" frameborder=\"0\"></iframe><span style=\"font-family: Chakra Petch;\"><br></span></p>\n<p dir=\"ltr\"><span style=\"font-family: Chakra Petch;\">&nbsp;</span></p>\n<p dir=\"ltr\"><span style=\"font-family: Chakra Petch;\">&nbsp;</span></p>\n<h3 dir=\"ltr\"><span style=\"font-family: Chakra Petch;\">Tiến tới đỉnh cao&nbsp;</span></h3>\n<p><strong><span style=\"font-family: Chakra Petch;\">&nbsp;</span></strong></p>\n<p dir=\"ltr\"><span style=\"font-family: Chakra Petch;\">Với m&agrave;n h&igrave;nh FHD IPS 15.6 inch, bạn c&oacute; thể tận hưởng trải nghiệm chơi game mượt m&agrave;, kh&ocirc;ng bị nh&ograve;e với tốc độ l&agrave;m mới 144Hz v&agrave; thời gian phản hồi 3ms2. Acer đ&atilde; tăng tỷ lệ m&agrave;n h&igrave;nh so với th&acirc;n m&aacute;y l&ecirc;n 80%, viền hẹp v&agrave; cung cấp m&agrave;u sắc sống động.</span></p>\n<p dir=\"ltr\"><span style=\"font-family: Chakra Petch;\">&nbsp;</span></p>\n<p dir=\"ltr\"><img title=\"TNC Store Acer Predator X28 UM PX0SV 001\" src=\"https://www.tncstore.vn/image/catalog/nh%20b%C3%A0i%20vi%E1%BA%BFt%20bmin/tnc-store-acer-predator-x28%20(3).jpg\" alt=\"TNC Store Acer Predator X28 UM PX0SV 001\"><span style=\"font-family: Chakra Petch;\"><br></span></p>\n<p><strong><span style=\"font-family: Chakra Petch;\">&nbsp;</span></strong></p>\n<h3 dir=\"ltr\"><span style=\"font-family: Chakra Petch;\">M&agrave;n h&igrave;nh Acer Predator X28 UM PX0SV 001 d&agrave;nh ri&ecirc;ng cho game thủ</span></h3>\n<p><strong><span style=\"font-family: Chakra Petch;\">&nbsp;</span></strong></p>\n<p dir=\"ltr\"><span style=\"font-family: Chakra Petch;\">M&agrave;n h&igrave;nh NVIDIA&reg; G-SYNC&reg; tr&ecirc;n X28 được kiểm tra nghi&ecirc;m ngặt theo c&aacute;c ti&ecirc;u chuẩn cao nhất, đảm bảo mỗi khung h&igrave;nh đều mượt m&agrave;. Tốc độ l&agrave;m mới cho ph&eacute;p bạn tối ưu ho&aacute; hiệu suất ở mọi tr&ograve; chơi.&nbsp;</span></p>\n<p dir=\"ltr\"><span style=\"font-family: Chakra Petch;\">&nbsp;</span></p>\n<p dir=\"ltr\"><img title=\"TNC Store Acer Predator X28 UM PX0SV 001\" src=\"https://www.tncstore.vn/image/catalog/nh%20b%C3%A0i%20vi%E1%BA%BFt%20bmin/tnc-store-acer-predator-x28%20(4).jpg\" alt=\"TNC Store Acer Predator X28 UM PX0SV 001\"><span style=\"font-family: Chakra Petch;\"><br></span></p>\n<h3 dir=\"ltr\"><span style=\"font-family: Chakra Petch;\">Tốc độ đ&aacute;ng kinh ngạc&nbsp;</span></h3>\n<p><strong><span style=\"font-family: Chakra Petch;\">&nbsp;</span></strong></p>\n<p dir=\"ltr\"><span style=\"font-family: Chakra Petch;\">Đứng đầu trong mọi cuộc chiến c&ugrave;ng NVIDIA&reg; Reflex Latency Analyzer để mỗi c&uacute; nhấp chuột của bạn đều chuẩn x&aacute;c.</span></p>\n<p dir=\"ltr\"><span style=\"font-family: Chakra Petch;\">&nbsp;</span></p>\n<p dir=\"ltr\"><img title=\"TNC Store Acer Predator X28 UM PX0SV 001\" src=\"https://www.tncstore.vn/image/catalog/nh%20b%C3%A0i%20vi%E1%BA%BFt%20bmin/tnc-store-acer-predator-x28%20(6).jpg\" alt=\"TNC Store Acer Predator X28 UM PX0SV 001\"></p>\n<p dir=\"ltr\"><span style=\"font-family: Chakra Petch;\">&nbsp;</span></p>\n<h3 dir=\"ltr\"><span style=\"font-family: Chakra Petch;\">C&aacute;ch hoạt động ch&iacute;nh x&aacute;c</span></h3>\n<p><strong><span style=\"font-family: Chakra Petch;\">&nbsp;</span></strong></p>\n<p dir=\"ltr\"><span style=\"font-family: Chakra Petch;\">Với c&ocirc;ng nghệ n&agrave;y, bằng c&aacute;ch ph&aacute;t hiện c&uacute; nh&aacute;y chuột vừa được thực hiện, m&agrave;n h&igrave;nh sẽ ph&acirc;n t&iacute;ch v&agrave; phản hồi ngay lập tức t&iacute;n hiệu đ&oacute; ra cho người d&ugrave;ng. C&ocirc;ng nghệ n&agrave;y sẽ hạn chế tối đa độ trễ t&iacute;n hiệu như truyền thống khi t&iacute;n hiệu được truyền từ chuột đến CPU, qu&aacute; tr&igrave;nh xử l&yacute; đưa kết quả từ GPU sau đ&oacute; xuất ra m&agrave;n h&igrave;nh.</span></p>\n<p dir=\"ltr\"><span style=\"font-family: Chakra Petch;\">&nbsp;</span></p>\n<p dir=\"ltr\"><img title=\"TNC Store Acer Predator X28 UM PX0SV 001\" src=\"https://www.tncstore.vn/image/catalog/nh%20b%C3%A0i%20vi%E1%BA%BFt%20bmin/tnc-store-acer-predator-x28%20(7).jpg\" alt=\"TNC Store Acer Predator X28 UM PX0SV 001\"><span style=\"font-family: Chakra Petch;\"><br></span></p>\n<h3 dir=\"ltr\"><span style=\"font-family: Chakra Petch;\">GeForce Experience b&aacute;o c&aacute;o chỉ số độ trễ thực</span></h3>\n<p><strong><span style=\"font-family: Chakra Petch;\">&nbsp;</span></strong></p>\n<p dir=\"ltr\"><span style=\"font-family: Chakra Petch;\">Lớp phủ hiệu suất mới nhất của GeForce Experience sẽ b&aacute;o c&aacute;o c&aacute;c chỉ số về độ trễ trong thời gian thực. Sau đ&oacute;, bộ phận ph&acirc;n t&iacute;ch v&agrave; chia nhỏ ph&eacute;p đo độ trễ của hệ thống sang độ trễ của chuột, độ trễ của PC+ của m&agrave;n h&igrave;nh v&agrave; hệ thống.</span></p>\n<p dir=\"ltr\"><span style=\"font-family: Chakra Petch;\">&nbsp;</span></p>\n<p dir=\"ltr\"><img title=\"TNC Store Acer Predator X28 UM PX0SV 001\" src=\"https://www.tncstore.vn/image/catalog/nh%20b%C3%A0i%20vi%E1%BA%BFt%20bmin/tnc-store-acer-predator-x28%20(8).jpg\" alt=\"TNC Store Acer Predator X28 UM PX0SV 001\"><span style=\"font-family: Chakra Petch;\"><br></span></p>\n<h3 dir=\"ltr\"><span style=\"font-family: Chakra Petch;\">Chế độ đặc biệt&nbsp;</span></h3>\n<p><strong><span style=\"font-family: Chakra Petch;\">&nbsp;</span></strong></p>\n<p dir=\"ltr\"><span style=\"font-family: Chakra Petch;\">Để đảm bảo độ trễ thấp nhất bằng c&aacute;ch tắt những đ&egrave;n nền c&oacute; chế độ thay đổi. Tăng mức độ của m&agrave;u đen với c&ocirc;ng nghệ tăng độ tối v&agrave; tinh chỉnh mức độ gamma để b&ugrave; đắp c&aacute;c v&ugrave;ng c&oacute; độ tương phản tối hơn, từ đ&oacute; ph&acirc;n biệt tốt hơn c&aacute;c đối tượng trong v&ugrave;ng mờ.</span></p>\n<p dir=\"ltr\"><span style=\"font-family: Chakra Petch;\">&nbsp;</span></p>\n<p dir=\"ltr\"><img title=\"TNC Store Acer Predator X28 UM PX0SV 001\" src=\"https://www.tncstore.vn/image/catalog/nh%20b%C3%A0i%20vi%E1%BA%BFt%20bmin/tnc-store-acer-predator-x28%20(9).jpg\" alt=\"TNC Store Acer Predator X28 UM PX0SV 001\"><span style=\"font-family: Chakra Petch;\"><br></span></p>\n<h3 dir=\"ltr\"><span style=\"font-family: Chakra Petch;\">Độ linh hoạt cao</span></h3>\n<p><strong><span style=\"font-family: Chakra Petch;\">&nbsp;</span></strong></p>\n<p dir=\"ltr\"><span style=\"font-family: Chakra Petch;\">Thiết kế hiện đại, dễ d&agrave;ng điều chỉnh độ nghi&ecirc;ng, xoay v&agrave; n&acirc;ng hạ chiều cao, tối ưu h&oacute;a trải nghiệm ở mọi g&oacute;c gaming.</span></p>\n<p dir=\"ltr\"><span style=\"font-family: Chakra Petch;\">&nbsp;</span></p>\n<p dir=\"ltr\"><img title=\"TNC Store Acer Predator X28 UM PX0SV 001\" src=\"https://www.tncstore.vn/image/catalog/nh%20b%C3%A0i%20vi%E1%BA%BFt%20bmin/tnc-store-acer-predator-x28%20(10).jpg\" alt=\"TNC Store Acer Predator X28 UM PX0SV 001\"><span style=\"font-family: Chakra Petch;\"><br></span></p>\n<p dir=\"ltr\"><span style=\"font-family: Chakra Petch;\">&nbsp;</span></p>\n<p dir=\"ltr\"><img title=\"TNC Store Acer Predator X28 UM PX0SV 001\" src=\"https://www.tncstore.vn/image/catalog/nh%20b%C3%A0i%20vi%E1%BA%BFt%20bmin/tnc-store-acer-predator-x28%20(11).jpg\" alt=\"TNC Store Acer Predator X28 UM PX0SV 001\"><span style=\"font-family: Chakra Petch;\"><br></span></p>\n<h3 dir=\"ltr\"><span style=\"font-family: Chakra Petch;\">Đa kết nối&nbsp;</span></h3>\n<p><strong><span style=\"font-family: Chakra Petch;\">&nbsp;</span></strong></p>\n<p dir=\"ltr\"><span style=\"font-family: Chakra Petch;\">Cho ph&eacute;p bạn đ&atilde; kết nối thiết bị d&ugrave; l&agrave; PC hay m&aacute;y chơi game Console, với hai cổng HDMI 2.0B, DisplayPort &trade; hoặc c&aacute;c kết nối USB phong ph&uacute; theo &yacute; của bạn.</span></p>\n<p dir=\"ltr\"><span style=\"font-family: Chakra Petch;\">&nbsp;</span></p>\n<p dir=\"ltr\"><img title=\"TNC Store Acer Predator X28 UM PX0SV 001\" src=\"https://www.tncstore.vn/image/catalog/nh%20b%C3%A0i%20vi%E1%BA%BFt%20bmin/tnc-store-acer-predator-x28%20(13).jpg\" alt=\"TNC Store Acer Predator X28 UM PX0SV 001\"><span style=\"font-family: Chakra Petch;\"><br></span></p>\n<p><strong><span style=\"font-family: Chakra Petch;\">&nbsp;</span></strong></p>\n<h3 dir=\"ltr\"><span style=\"font-family: Chakra Petch;\">Bảo vệ đ&ocirc;i mắt&nbsp;</span></h3>\n<p><strong><span style=\"font-family: Chakra Petch;\">&nbsp;</span></strong></p>\n<p dir=\"ltr\"><span style=\"font-family: Chakra Petch;\">Với Acer Vision Care &ndash; cũng như Flickerless v&agrave; BlueLightShield Pro, predator X28 đảm bảo giảm thiểu t&igrave;nh trạng mỏi mắt của bạn, d&ugrave; trải nghiệm m&agrave;n h&igrave;nh li&ecirc;n tục trong thời gian d&agrave;i cũng kh&ocirc;ng hề xuất hiện c&aacute;c dấu hiệu mỏi hay ch&oacute;i mắt &ndash; kể cả trong c&aacute;c m&ocirc;i trường &aacute;nh s&aacute;ng kh&ocirc;ng thực sự thuận lợi.</span></p>\n<p dir=\"ltr\"><span style=\"font-family: Chakra Petch;\">&nbsp;</span></p>\n<p dir=\"ltr\"><img title=\"TNC Store Acer Predator X28 UM PX0SV 001\" src=\"https://www.tncstore.vn/image/catalog/nh%20b%C3%A0i%20vi%E1%BA%BFt%20bmin/tnc-store-acer-predator-x28%20(14).jpg\" alt=\"TNC Store Acer Predator X28 UM PX0SV 001\"><span style=\"font-family: Chakra Petch;\"><br></span></p>\n<p><strong><span style=\"font-family: Chakra Petch;\">&nbsp;</span></strong></p>\n<h3 dir=\"ltr\"><span style=\"font-family: Chakra Petch;\">Bluelightshield Pro5</span></h3>\n<p><strong><span style=\"font-family: Chakra Petch;\">&nbsp;</span></strong></p>\n<p dir=\"ltr\"><span style=\"font-family: Chakra Petch;\">Tấm nền tối thiểu &aacute;nh s&aacute;ng xanh đảm bảo m&agrave;u sắc kh&ocirc;ng bị biến dạng v&agrave; chuyển &aacute;nh s&aacute;ng xanh lam của m&agrave;n h&igrave;nh sang một phạm vi &iacute;t g&acirc;y hại hơn.</span></p>\n<p dir=\"ltr\"><span style=\"font-family: Chakra Petch;\">&nbsp;</span></p>\n<p dir=\"ltr\"><img title=\"TNC Store Acer Predator X28 UM PX0SV 001\" src=\"https://www.tncstore.vn/image/catalog/nh%20b%C3%A0i%20vi%E1%BA%BFt%20bmin/tnc-store-acer-predator-x28%20(15).jpg\" alt=\"TNC Store Acer Predator X28 UM PX0SV 001\"><span style=\"font-family: Chakra Petch;\"><br></span></p>\n<p><strong><span style=\"font-family: Chakra Petch;\"><br><br></span></strong></p>\n<h3 dir=\"ltr\"><span style=\"font-family: Chakra Petch;\">Lightsense/ Colorsense</span></h3>\n<p><strong><span style=\"font-family: Chakra Petch;\">&nbsp;</span></strong></p>\n<p dir=\"ltr\"><span style=\"font-family: Chakra Petch;\">Với cảm biến t&iacute;ch hợp sẵn, m&agrave;n h&igrave;nh tự động thực hiện điều chỉnh độ s&aacute;ng v&agrave; nhiệt độ m&agrave;u cho ph&ugrave; hợp với mức độ &aacute;nh s&aacute;ng xung quanh trong ph&ograve;ng. V&agrave; tất nhi&ecirc;n, bạn c&oacute; thể t&ugrave;y chỉnh tắt/bật trong menu settings.</span></p>\n<p dir=\"ltr\"><span style=\"font-family: Chakra Petch;\">&nbsp;</span></p>\n<p dir=\"ltr\"><img title=\"TNC Store Acer Predator X28 UM PX0SV 001\" src=\"https://www.tncstore.vn/image/catalog/nh%20b%C3%A0i%20vi%E1%BA%BFt%20bmin/tnc-store-acer-predator-x28%20(16).jpg\" alt=\"TNC Store Acer Predator X28 UM PX0SV 001\"><span style=\"font-family: Chakra Petch;\"><br></span></p>\n<p><strong><span style=\"font-family: Chakra Petch;\">&nbsp;</span></strong></p>\n<h3 dir=\"ltr\"><span style=\"font-family: Chakra Petch;\">Proxy Sense</span></h3>\n<p><strong><span style=\"font-family: Chakra Petch;\">&nbsp;</span></strong></p>\n<p dir=\"ltr\"><span style=\"font-family: Chakra Petch;\">M&agrave;n h&igrave;nh sẽ tự động chuyển sang chế độ tiết kiệm năng lượng hoặc chế độ chờ nếu ph&aacute;t hiện bạn kh&ocirc;ng c&ograve;n ngồi đ&oacute; hoặc m&agrave;n h&igrave;nh kh&ocirc;ng được gi&aacute;m s&aacute;t. T&iacute;nh năng n&agrave;y đồng thời gi&uacute;p bảo vệ th&ocirc;ng tin đang hiển thị khỏi người kh&ocirc;ng mong muốn.</span></p>\n<p dir=\"ltr\"><span style=\"font-family: Chakra Petch;\">&nbsp;</span></p>\n<p dir=\"ltr\"><img title=\"TNC Store Acer Predator X28 UM PX0SV 001\" src=\"https://www.tncstore.vn/image/catalog/nh%20b%C3%A0i%20vi%E1%BA%BFt%20bmin/tnc-store-acer-predator-x28%20(17).jpg\" alt=\"TNC Store Acer Predator X28 UM PX0SV 001\"><span style=\"font-family: Chakra Petch;\"><br></span></p>\n<p><strong><span style=\"font-family: Chakra Petch;\">&nbsp;</span></strong></p>\n<h3 dir=\"ltr\"><span style=\"font-family: Chakra Petch;\">Predator GameView&nbsp;</span></h3>\n<p><strong><span style=\"font-family: Chakra Petch;\">&nbsp;</span></strong></p>\n<p dir=\"ltr\"><span style=\"font-family: Chakra Petch;\">Predator GameView cung cấp một số t&iacute;nh năng hữu &iacute;ch, v&iacute; dụ như c&agrave;i đặt dark boost, t&ugrave;y chỉnh m&agrave;u ch&iacute;nh x&aacute;c v&agrave; nhiều t&iacute;nh năng kh&aacute;c . Ngo&agrave;i ra, X28 cũng bao gồm c&aacute;c chế độ c&agrave;i đặt trước để bạn c&oacute; thể những game đ&oacute; chạy v&agrave; tr&ocirc;ng đẹp như &yacute; muốn.</span></p>\n<p dir=\"ltr\"><span style=\"font-family: Chakra Petch;\">&nbsp;</span></p>\n<p dir=\"ltr\"><img title=\"TNC Store Acer Predator X28 UM PX0SV 001\" src=\"https://www.tncstore.vn/image/catalog/nh%20b%C3%A0i%20vi%E1%BA%BFt%20bmin/tnc-store-acer-predator-x28%20(1).jpg\" alt=\"TNC Store Acer Predator X28 UM PX0SV 001\"></p>'),
(3028, 'PC Core Ultra 9 - Sentinal 4070Ti Super', 71690000.00, 68105500.00, 'https://www.tncstore.vn/media/product/250-11430-pc-core-ultra-9-sentinal-4070ti-super--1-.jpg', 5, 231, 1, 3, 3, '2025-03-18 18:06:51', '2025-03-28 10:31:43', 'Best Choice', 0, '<h2><strong>Đ&aacute;nh Gi&aacute; Chi Tiết </strong><a href=\"https://www.tncstore.vn/pc-core-ultra-9-sentinal-4070ti-super.html\" target=\"_blank\" rel=\"noopener\"><strong>PC Core Ultra 9 Sentinal 4070Ti Super</strong></a></h2>\n<p><strong>&nbsp;</strong></p>\n<p>TNC Store giới thiệu đến anh em một si&ecirc;u phẩm cấu h&igrave;nh <a href=\"https://www.tncstore.vn/gaming-pc.html\" target=\"_blank\" rel=\"noopener\"><strong>PC</strong></a> AI Core Ultra 9 Sentinel 4090 với ngoại h&igrave;nh ho&agrave;n hảo c&ugrave;ng hiệu năng si&ecirc;u khủng c&acirc;n mọi tựa game c&ugrave;ng thiết kế v&ocirc; c&ugrave;ng bắt mắt với nhiều ưu đ&atilde;i cực lớn.</p>\n<p>&nbsp;</p>\n<p style=\"text-align: center;\"><iframe src=\"https://www.youtube.com/embed/oExbAgqPgSg\" width=\"700\" height=\"350\"></iframe></p>\n<p>&nbsp;</p>\n<h3><a href=\"https://www.tncstore.vn/cpu-intel-core-ultra-9-285k.html\" target=\"_blank\" rel=\"noopener\"><strong>CPU Intel Core Ultra 9 285K Up 5.7 GHz/ 24 Nh&acirc;n 24 Luồng/ Arrow Lake-S</strong></a>&nbsp;<strong>- PC Core Ultra 9 Sentinal 4070Ti Super</strong></h3>\n<p>&nbsp;</p>\n<p><img src=\"https://www.tncstore.vn/media/lib/28-10-2024/tnc-store-pc-core-ultra-9-sentinal-4070ti-super2.jpg\" alt=\"TNC Store PC Core Ultra 9 Sentinal 4070Ti Super\" width=\"700\" height=\"700\"></p>\n<p>&nbsp;</p>\n<p>CPU Intel Core Ultra 9 285K l&agrave; bộ vi xử l&yacute; mạnh nhất thuộc d&ograve;ng Intel Core Ultra thế hệ thứ 2, mang đến hiệu năng đỉnh cao cho c&aacute;c t&aacute;c vụ đ&ograve;i hỏi khắt khe nhất, từ chơi game AAA, s&aacute;ng tạo nội dung đến xử l&yacute; dữ liệu phức tạp. Với 24 nh&acirc;n, 24 luồng, xung nhịp tối đa l&ecirc;n đến 5.7GHz v&agrave; bộ nhớ đệm 36MB, CPU Intel Core Ultra 9 285K sẽ l&agrave; tr&aacute;i tim của hệ thống PC mạnh mẽ, đ&aacute;p ứng mọi nhu cầu của bạn.</p>\n<h3><a href=\"https://www.tncstore.vn/bo-mach-chu-asus-rog-strix-z890-f-gaming-wifi.html\" target=\"_blank\" rel=\"noopener\"><strong>Bo Mạch Chủ Asus ROG STRIX Z890-F GAMING WIFI</strong></a></h3>\n<p><strong>&nbsp;</strong></p>\n<p>Bo mạch chủ Asus ROG STRIX Z890 F c&oacute; kiểu d&aacute;ng đẹp v&agrave; tinh tế để t&iacute;ch hợp liền mạch với nhiều th&agrave;nh phần hệ thống. Bề mặt m&agrave;u đen s&acirc;u v&agrave; c&aacute;c tản nhiệt kim loại ph&ugrave; hợp tạo n&ecirc;n vẻ ngo&agrave;i tối tăm, m&atilde;nh liệt, trong khi &aacute;nh s&aacute;ng Polymo tr&ecirc;n vỏ I/O mang đến c&aacute;c hiệu ứng RGB c&oacute; thể t&ugrave;y chỉnh.</p>\n<p>&nbsp;</p>\n<p><img src=\"https://www.tncstore.vn/media/lib/28-10-2024/tnc-store-pc-core-ultra-9-sentinal-4070ti-super6.jpg\" alt=\"TNC Store PC Core Ultra 9 Sentinal 4070Ti Super\" width=\"700\" height=\"700\"></p>\n<p>&nbsp;</p>\n<p>Main Asus với c&aacute;c giải ph&aacute;p AI ti&ecirc;n tiến v&agrave; tăng cường NPU, ROG STRIX Z890 F hỗ trợ c&aacute;c ứng dụng PC ti&ecirc;n tiến được điều khiển bằng AI. Được trang bị Thunderbolt 4, PCIe 5.0 v&agrave; hệ thống chiếu s&aacute;ng Polymo, mang lại khả năng truyền dữ liệu cực nhanh, khả năng kết nối tuyệt vời v&agrave; t&iacute;nh thẩm mỹ c&oacute; thể t&ugrave;y chỉnh.</p>\n<h3><a href=\"https://www.tncstore.vn/ram-corsair-vengeance-rgb-32gb-ddr5-bus-5200mhz-cmh32gx5m2b5200c40.html\" target=\"_blank\" rel=\"noopener\"><strong>RAM Corsair Vengeance RGB 32GB (16GBx2) DDR5 Bus 5200MHz (CMH32GX5M2B5200C40)</strong></a></h3>\n<p><strong>&nbsp;</strong></p>\n<p>RAM Corsair đ&oacute;ng vai tr&ograve; đảm bảo cho c&aacute;c hoạt động đa nhiệm của m&aacute;y diễn ra mượt m&agrave; v&agrave; nhanh ch&oacute;ng, Vengeance 32GB DDR5 với dung lượng 32GB cho ph&eacute;p chạy nhiều ứng dụng v&agrave; chiến những tựa Game đồ họa cao với tốc độ nhanh nhất, hiệu quả nhất. Bus RAM 5200Mhz từ DDR5 cho thấy tốc độ truyền dữ liệu vượt trội hơn hẳn.</p>\n<p>&nbsp;</p>\n<p><img src=\"https://www.tncstore.vn/media/lib/28-10-2024/tnc-store-pc-core-ultra-9-sentinal-4070ti-super4.jpg\" alt=\"TNC Store PC Core Ultra 9 Sentinal 4070Ti Super\" width=\"700\" height=\"700\"></p>\n<p>&nbsp;</p>\n<p>RAM Corsair với rải RGB suốt chiều d&agrave;i RAM c&oacute; hiệu ứng &aacute;nh s&aacute;ng rực rỡ v&agrave; khả năng chuyển động cực kỳ mượt m&agrave; l&agrave; điểm nhấn ấn tượng của bộ PC của bạn. Hiệu ứng &aacute;nh s&aacute;ng RGB dễ d&agrave;ng điều chỉnh, cũng như đồng bộ h&oacute;a c&ugrave;ng c&aacute;c linh kiện kh&aacute;c th&ocirc;ng qua phần mềm Corsair iCUE tiện dụng.</p>\n<h3><a href=\"https://www.tncstore.vn/o-cung-ssd-samsung-990-evo-plus-1tb.html\" target=\"_blank\" rel=\"noopener\"><strong>Ổ Cứng SSD Samsung 990 EVO Plus 1TB</strong></a></h3>\n<p>&nbsp;</p>\n<p><img src=\"https://www.tncstore.vn/media/lib/28-10-2024/tnc-store-pc-core-ultra-9-sentinal-4070ti-super1.jpg\" alt=\"TNC Store PC Core Ultra 9 Sentinal 4070Ti Super\" width=\"700\" height=\"700\"></p>\n<p>&nbsp;</p>\n<p>Samsung 990 Evo Plus l&agrave; một trong những d&ograve;ng ổ cứng SSD ti&ecirc;n tiến nhất từ Samsung, ph&ugrave; hợp với nhu cầu của người d&ugrave;ng c&aacute; nh&acirc;n v&agrave; doanh nghiệp, mang lại hiệu suất vượt trội nhờ v&agrave;o c&ocirc;ng nghệ V-NAND TLC v&agrave; bộ điều khiển in-house của Samsung. Sản phẩm n&agrave;y hỗ trợ chuẩn giao tiếp PCIe 4.0 x4 / 5.0 x2 NVMe 2.0, đảm bảo tốc độ truyền tải dữ liệu nhanh ch&oacute;ng, phục vụ tốt cho c&aacute;c ứng dụng đ&ograve;i hỏi xử l&yacute; cao như chơi game, chỉnh sửa video hay c&ocirc;ng việc s&aacute;ng tạo nội dung.</p>\n<h3><a href=\"https://www.tncstore.vn/card-man-hinh-asus-tuf-gaming-rtx-4070-ti-super-o16g.html\" target=\"_blank\" rel=\"noopener\"><strong>Card M&agrave;n H&igrave;nh ASUS TUF Gaming GeForce RTX 4070 Ti SUPER 16GB GDDR6X OC Edition (TUF-RTX4070TIS-O16G-GAMING)</strong></a></h3>\n<p><strong>&nbsp;</strong></p>\n<p>ASUS TUF Gaming GeForce RTX 4070 Ti SUPER O16G l&agrave; 1 trong những d&ograve;ng card đồ họa cao cấp nhất của Asus phục vụ cho nhu cầu chơi game ở độ ph&acirc;n giải 4K c&ugrave;ng thiết lập đồ họa tối đa. D&ograve;ng VGA RTX 4070 Ti Super mang đến hiệu suất chơi game đỉnh cao, tản nhiệt một c&aacute;ch hiệu quả với c&ocirc;ng nghệ Axial mạnh mẽ.</p>\n<p>&nbsp;</p>\n<p><img src=\"https://www.tncstore.vn/media/lib/28-10-2024/tnc-store-pc-core-ultra-9-sentinal-4070ti-super3.jpg\" alt=\"TNC Store PC Core Ultra 9 Sentinal 4070Ti Super\" width=\"700\" height=\"700\"></p>\n<p>&nbsp;</p>\n<p>ASUS TUF Gaming GeForce RTX 4070 Ti SUPER O16G l&agrave; d&ograve;ng sản phẩm hướng đến độ bền v&agrave; hiệu năng/ gi&aacute; th&agrave;nh n&ecirc;n sản phẩm c&oacute; thiết kế mạnh mẽ nam t&iacute;nh, k&iacute;ch thước khủng với 3 quạt l&agrave;m m&aacute;t cỡ lớn. Một trong những linh kiện kh&ocirc;ng thể thiếu cho những hệ thống PC Gaming cao cấp.</p>\n<h3><a href=\"https://www.tncstore.vn/nguon-corsair-rm850e-atx3-0-plus-gold-full-modul.html\" target=\"_blank\" rel=\"noopener\"><strong>Nguồn Corsair RM850e ATX 3.0 80 Plus Gold - Full Modul (CP-9020263-NA)</strong></a></h3>\n<p><strong>&nbsp;</strong></p>\n<p>Nguồn m&aacute;y t&iacute;nh Corsair RM850e PCIE5 850W 80 Plus Gold được trang bị đầu nối 16 PIN để tương th&iacute;ch PCIe 5.0 v&agrave; ATX 3.0. Nhờ c&oacute; ATX 3.0, bộ nguồn cũng c&oacute; thể n&acirc;ng mức cung cấp ti&ecirc;u thụ năng lượng l&ecirc;n gấp 2 lần v&agrave; gấp 3 lần mức ti&ecirc;u thụ năng lượng GPU.</p>\n<p>&nbsp;</p>\n<p><img src=\"https://www.tncstore.vn/media/lib/28-10-2024/tnc-store-pc-core-ultra-9-sentinal-4070ti-super1.png\" alt=\"TNC Store PC Core Ultra 9 Sentinal 4070Ti Super\" width=\"700\" height=\"700\"></p>\n<p>&nbsp;</p>\n<p>Fan Rifle bearing 120mm với đường cong quạt được t&iacute;nh to&aacute;n đặc biệt đảm bảo rằng tiếng ồn của quạt được giữ ở mức tối thiểu, ngay cả khi ở mức tải cao. Khi ở mức tải thấp v&agrave; trung b&igrave;nh, quạt sẽ ngừng quay ho&agrave;n to&agrave;n cho đến khi cần thiết, dẫn đến hoạt động hầu như kh&ocirc;ng g&acirc;y ồn.</p>\n<h3><a href=\"https://www.tncstore.vn/vo-case-valkyrie-vk03-lcd-black.html\" target=\"_blank\" rel=\"noopener\"><strong>Vỏ Case Valkyrie VK03 LCD 6.2 Black</strong></a></h3>\n<p><strong>&nbsp;</strong></p>\n<p>Vỏ case Valkyrie VK03 LCD với k&iacute;ch thước to&agrave;n bộ rất lớn v&agrave;o khoảng 456mm x 238mm x 500mm v&agrave; kh&ocirc;ng gian lắp đặt 450mm x 238mm x 480mm cho ph&eacute;p người d&ugrave;ng thỏa th&iacute;ch lựa chọn c&aacute;c loại bộ phận hoặc linh kiện to như quạt l&agrave;m m&aacute;t khung case, tản nhiệt hay card m&agrave;n h&igrave;nh.&nbsp;</p>\n<p>&nbsp;</p>\n<p><img src=\"https://www.tncstore.vn/media/lib/28-10-2024/tnc-store-pc-core-ultra-9-sentinal-4070ti-super5.jpg\" alt=\"TNC Store PC Core Ultra 9 Sentinal 4070Ti Super\" width=\"700\" height=\"700\"></p>\n<p>&nbsp;</p>\n<p>Với thiết kế mở v&agrave; k&iacute;ch thước lớn, VK03 LCD ho&agrave;n to&agrave;n c&oacute; thể lắp đặt tốt c&aacute;c bộ phận hay linh kiện đời mới nhất hiện nay như c&aacute;c loại Mainboard: ATX, M-ATX, ITX, hỗ trợ cắm ngược M-ATX/ATX. Chiều cao tản nhiệt nước cho CPU l&ecirc;n đến 180mm. Chiều d&agrave;i Card m&agrave;n h&igrave;nh đời cao đến 440mm v&agrave; chiều d&agrave;i nguồn cấp l&agrave; 220mm. Với 7 cắm PCI-E, 2 khe cắm ổ HDD 3.5 inch v&agrave; 3 khe cắm SSD 2.5inch người d&ugrave;ng kh&ocirc;ng bao giờ sợ thiếu chỗ khi n&acirc;ng cấp m&aacute;y.</p>\n<h2><strong>Tổng kết</strong></h2>\n<p><strong>&nbsp;</strong></p>\n<p>Với sự mạnh mẽ về hiệu năng cũng như sự tinh tế về thiết kế của từng linh kiện, <strong>PC Core Ultra 9 Sentinal 4070Ti Super </strong>xứng đ&aacute;ng l&agrave; bộ <strong>PC </strong><a href=\"https://www.tncstore.vn/core-ultra.html\" target=\"_blank\" rel=\"noopener\"><strong>Core Ultra</strong></a> quốc d&acirc;n được săn đ&oacute;n nhiều nhất trong thời gian tới đ&acirc;y.</p>\n<p><strong>&nbsp;</strong></p>\n<p>Hi vọng qua b&agrave;i viết n&agrave;y, <a href=\"https://www.tncstore.vn/\" target=\"_blank\" rel=\"noopener\"><strong>TNC Store</strong></a> gi&uacute;p anh em c&oacute; thể lựa chọn cho m&igrave;nh bộ PC ưng &yacute; nhất ! Ngo&agrave;i ra, TNC Store c&ograve;n <a href=\"https://www.tncstore.vn/buildpc\" target=\"_blank\" rel=\"noopener\"><strong>x&acirc;y dựng cấu h&igrave;nh PC</strong></a> ph&ugrave; hợp với nhu cầu sử dụng của kh&aacute;ch h&agrave;ng.</p>');
INSERT INTO `products` (`productId`, `name`, `priceOld`, `priceNew`, `imageUrl`, `sale`, `stockQuantity`, `categoryId`, `supplierId`, `brandId`, `createdAt`, `updatedAt`, `highlightType`, `reviewCount`, `descHTML`) VALUES
(3031, 'Màn Hình Gaming AOC AG275QXL/74 IPS/ QHD/ 170Hz', 11690000.00, 9819600.00, 'https://www.tncstore.vn/media/product/250-6805-man-hinh-aoc-ag275qxl-74-1.jpg', 16, 213, 2, 1, 1, '2025-03-29 06:36:47', '2025-03-29 06:36:47', 'Best Choice', 0, '<h1 dir=\"ltr\">M&agrave;n H&igrave;nh Gaming AOC AG275QXL - M&agrave;n H&igrave;nh Chiến Game Mạnh Mẽ</h1>\n<p dir=\"ltr\"><em>Một trong những thương hiệu m&agrave;n h&igrave;nh chơi game&nbsp;v&agrave; phụ kiện CNTT h&agrave;ng đầu thế giới, AGON by AOC, đ&atilde; hợp t&aacute;c với Riot Games để giới thiệu m&agrave;n h&igrave;nh đầu ti&ecirc;n lấy cảm hứng từ Li&ecirc;n Minh Huyền Thoại v&agrave; c&ocirc;ng nghệ Hextech mang t&iacute;nh biểu tượng của n&oacute;. AGON PRO AG275QXL - AGON League of Legends Edition c&oacute; thiết kế độc đ&aacute;o v&agrave; c&aacute;c t&iacute;nh năng đặc biệt được chế tạo ri&ecirc;ng cho trải nghiệm MOBA.</em></p>\n<p dir=\"ltr\"><img src=\"https://www.tncstore.vn/image/catalog/Tin%20t%E1%BB%A9c%20website/%20Gaming%20AOC/4.png\" alt=\"\"><em><br></em></p>\n<p dir=\"ltr\">1.Giới thiệu tổng quan</p>\n<p dir=\"ltr\">Li&ecirc;n minh huyền thoại l&agrave; tr&ograve; chơi PC được chơi nhiều nhất tr&ecirc;n thế giới với h&agrave;ng triệu người chơi c&ugrave;ng l&agrave;m việc trong cuộc cạnh tranh cổ phần cao. AGON by AOC đ&atilde; tạo ra <strong><a href=\"https://www.tncstore.vn/man-hinh-aoc.html\" target=\"_blank\" rel=\"noopener\">M&agrave;n h&igrave;nh AOC</a> </strong> đầu ti&ecirc;n được thiết kế đặc biệt để mang lại trải nghiệm tốt nhất cho người chơi ở khắp mọi nơi với c&aacute;c t&iacute;nh năng độc đ&aacute;o như &aacute;nh s&aacute;ng phản ứng cho c&aacute;c sự kiện trong tr&ograve; chơi. Những người chơi của tựa game nổi tiếng n&agrave;y sẽ nhận thấy phong c&aacute;ch kh&aacute;c biệt của AG275QXL với thiết kế lấy cảm hứng từ Hextech th&uacute; vị, mang cả thế giới ph&eacute;p thuật v&agrave; c&ocirc;ng nghệ lại với nhau.</p>\n<p dir=\"ltr\">AG275QXL cung cấp c&aacute;c t&iacute;nh năng nổi bật như Chế độ Li&ecirc;n minh Huyền thoại, LoL QuickSwitch, &acirc;m thanh bật / tắt nguồn độc quyền, Light FX Sync v&agrave; thiết kế LoL Signature OSD.</p>\n<p dir=\"ltr\"><img src=\"https://www.tncstore.vn/image/catalog/Tin%20t%E1%BB%A9c%20website/%20Gaming%20AOC/3.png\" alt=\"\"></p>\n<p dir=\"ltr\">2. Đặc điểm nổi bật</p>\n<p dir=\"ltr\">Thiết kế mạnh mẽ</p>\n<p dir=\"ltr\">Về mặt trực quan, m&agrave;n h&igrave;nh l&agrave; một sản phẩm nổi bật kết hợp Li&ecirc;n Minh Huyền Thoại ở mọi kh&iacute;a cạnh: Khung m&aacute;y v&agrave; ch&acirc;n đế được t&ocirc; điểm bằng c&aacute;c yếu tố của thiết kế Hextech mang t&iacute;nh biểu tượng được thấy trong vũ trụ Li&ecirc;n Minh Huyền Thoại. M&agrave;n h&igrave;nh s&aacute;ng lấp l&aacute;nh nhờ Light FX đặc biệt đồng bộ h&oacute;a với c&aacute;c h&agrave;nh động diễn ra trong tr&ograve; chơi. Chế độ LoL chuy&ecirc;n dụng đảm bảo tầm nh&igrave;n của Summoner\'s Rift được hiển thị r&otilde; r&agrave;ng trong t&acirc;m tr&iacute;. Người chơi sẽ ho&agrave;n to&agrave;n đắm ch&igrave;m với m&agrave;n h&igrave;nh Li&ecirc;n minh huyền thoại của ri&ecirc;ng m&igrave;nh.</p>\n<p dir=\"ltr\"><img src=\"https://www.tncstore.vn/image/catalog/Tin%20t%E1%BB%A9c%20website/%20Gaming%20AOC/1.png\" alt=\"\"></p>\n<p dir=\"ltr\">C&aacute;c th&ocirc;ng số ấn tượng</p>\n<p dir=\"ltr\">Để đảm bảo hiệu suất nhất qu&aacute;n v&agrave; cao cấp cho cả game thủ b&igrave;nh thường v&agrave; c&aacute;c chuy&ecirc;n gia thể thao điện tử tham vọng, AG275QXL c&oacute; th&ocirc;ng số kỹ thuật h&agrave;ng đầu: M&agrave;n h&igrave;nh IPS 27 inch tự h&agrave;o c&oacute; độ ph&acirc;n giải QHD với tốc độ l&agrave;m mới nhanh ch&oacute;ng 170Hz cho h&igrave;nh ảnh mượt m&agrave; nhất ngay cả trong những trận đ&aacute;nh đồng đội đi&ecirc;n cuồng nhất. AG275QXL hỗ trợ Đồng bộ h&oacute;a th&iacute;ch ứng với FreeSync Premium v&agrave; thời gian phản hồi ho&agrave;n hảo l&agrave; 1 ms GtG đảm bảo mang lại trải nghiệm chơi game mượt m&agrave;, loại bỏ t&igrave;nh trạng giật h&igrave;nh v&agrave; x&eacute; h&igrave;nh</p>\n<p dir=\"ltr\"><img src=\"https://www.tncstore.vn/image/catalog/Tin%20t%E1%BB%A9c%20website/%20Gaming%20AOC/5.png\" alt=\"\"></p>\n<p dir=\"ltr\">Với VESA Display HDR 400, ShadowControl v&agrave; chế độ kh&ocirc;ng nhấp nh&aacute;y, người chơi c&oacute; thể tận hưởng tr&ograve; chơi l&acirc;u d&agrave;i c&aacute;c phi&ecirc;n v&agrave; mi&ecirc;u tả r&otilde; n&eacute;t về c&aacute;c nh&agrave; v&ocirc; địch y&ecirc;u th&iacute;ch của họ khi tham gia v&agrave;o trận chiến. AGON của AOC nhằm mục đ&iacute;ch r&egrave;n ra c&aacute;c thiết bị ph&ugrave; hợp cho c&aacute;c game thủ để tối đa h&oacute;a hiệu suất của họ v&agrave; gi&uacute;p họ vượt qua c&aacute;c thử th&aacute;ch.</p>\n<p dir=\"ltr\"><img src=\"https://www.tncstore.vn/image/catalog/Tin%20t%E1%BB%A9c%20website/%20Gaming%20AOC/2.png\" alt=\"\"></p>\n<p dir=\"ltr\">Tổng kết</p>\n<p dir=\"ltr\">Với những th&ocirc;ng số ấn tượng như tr&ecirc;n c&ugrave;ng thiết kế ấn tượng, AG275QXL mang t&iacute;nh c&aacute;ch mạng, l&agrave; một m&oacute;n qu&agrave; tuyệt vời d&agrave;nh cho c&aacute;c game thủ n&oacute;i chung v&agrave; c&aacute;c fan h&acirc;m mộ của tựa game Li&ecirc;n Minh Huyền Thoại n&oacute;i ri&ecirc;ng.</p>\n<p><span id=\"docs-internal-guid-8cc466cb-7fff-2181-2e52-48df9e7814e6\">Đừng qu&ecirc;n gh&eacute; thăm <a href=\"https://www.tncstore.vn/tin-tuc\">TNC News</a> để cập nhật tin tức v&agrave; những mẹo bổ &iacute;ch về c&aacute;c sản phẩm c&ocirc;ng nghệ nh&eacute;!</span></p>'),
(3038, 'Chuột Razer DeathAdder V3 Pro Faker Edition_RZ01-04630400-0000', 3990000.00, 3471300.00, 'https://www.tncstore.vn/media/product/250-10764-chuot-razer-deathadder-v3-pro-faker-edition--3-.jpg', 13, 21, 3, 2, 8, '2025-04-11 07:20:09', '2025-05-20 16:57:06', 'Best Choice', 0, '<h2><strong>Đ&aacute;nh gi&aacute; chi tiết </strong><a href=\"https://www.tncstore.vn/chuot-razer-deathadder-v3-pro-faker-edition.html\" target=\"_blank\" rel=\"noopener\"><strong>Chuột Razer Deathadder V3 Pro Faker Edition</strong></a></h2>\n<p><strong>&nbsp;</strong></p>\n<p><a href=\"https://www.tncstore.vn/chuot-gaming.html\" target=\"_blank\" rel=\"noopener\"><strong>Chuột Gaming</strong></a> Deathadder V3 Pro d&ograve;ng chuột kh&ocirc;ng d&acirc;y chơi game chất lượng khi sở hữu nhiều c&ocirc;ng nghệ hiện đại mang đến tốc độ xử l&yacute; nhanh ch&oacute;ng. Kh&ocirc;ng chỉ dừng lại ở đ&oacute;, Razer c&ograve;n mang đến thị trường th&ecirc;m phối m&agrave;u &ldquo;Unkillable Demon King&rdquo; Faker Edition.</p>\n<p>&nbsp;</p>\n<p style=\"text-align: center;\"><iframe src=\"https://www.youtube.com/embed/nP3LqBcKe04\" width=\"700\" height=\"350\"></iframe></p>\n<p>&nbsp;</p>\n<h3><strong>Razer Deathadder V3 Pro với phi&ecirc;n bản Faker Edition</strong></h3>\n<p><strong><img src=\"https://www.tncstore.vn/media/lib/15-06-2024/tnc-store-chuot-razer-deathadder-v3-pro-faker-edition2.jpg\" alt=\"\"></strong></p>\n<p>Mang đến nguồn cảm hứng bất tận cho người chơi game, được hợp t&aacute;c với một trong những &ldquo;Huyền thoại&rdquo; của tựa Game League of Legends. Razer Deathadder V3 Pro sở hữu t&ocirc;ng m&agrave;u đỏ chủ đạo kết hợp c&ugrave;ng những chi tiết của &ldquo;Quỷ vương bất tử&rdquo; tạo n&ecirc;n tổng thể v&ocirc; c&ugrave;ng đẹp mắt. Ngo&agrave;i ra, điểm đặc biệt ở n&uacute;t chuột phải c&ograve;n k&egrave;m theo chữ k&yacute; của Lee Sang-hyeok.&nbsp;</p>\n<h3><strong>Thiết kế c&ocirc;ng th&aacute;i học gi&uacute;p &ocirc;m s&aacute;t l&ograve;ng b&agrave;n tay</strong></h3>\n<p><img src=\"https://www.tncstore.vn/media/lib/15-06-2024/tnc-store-chuot-razer-deathadder-v3-pro-faker-edition3.jpg\" alt=\"TNC Store Chuột Razer Deathadder V3 Pro Faker Edition\" width=\"700\" height=\"357\"></p>\n<p>C&oacute; thể n&oacute;i Razer Deathadder V3 Pro l&agrave; d&ograve;ng chuột m&aacute;y t&iacute;nh sở hữu thiết kế chuột c&ocirc;ng th&aacute;i học v&ocirc; c&ugrave;ng đặc biệt. Với form cầm đối xứng tạo cảm gi&aacute;c chắc chắn trong từng pha xử l&yacute;, c&aacute;c n&uacute;t bấm bố tr&iacute; th&ocirc;ng minh v&agrave; hợp l&yacute; gi&uacute;p người chơi c&oacute; những thao t&aacute;c kh&ocirc;ng kh&aacute;c g&igrave; &ldquo;Vị vua đường giữa - Faker&rdquo;.</p>\n<h3><strong>Razer Deathadder V3 Pro mang đến hiệu suất vượt trội</strong></h3>\n<p><strong><img src=\"https://www.tncstore.vn/media/lib/15-06-2024/tnc-store-chuot-razer-deathadder-v3-pro-faker-edition4.jpg\" alt=\"TNC Store Chuột Razer Deathadder V3 Pro Faker Edition\" width=\"700\" height=\"220\"></strong></p>\n<p>Razer Deathadder xứng đ&aacute;ng với danh hiệu &ldquo;Legends never die&rdquo;, được biết đến l&agrave; d&ograve;ng Series chuột gaming lu&ocirc;n mang đến hiệu suất chơi game đỉnh cao b&ecirc;n cạnh những sản phẩm b&agrave;n ph&iacute;m m&aacute;y t&iacute;nh hoặc tai nghe m&aacute;y t&iacute;nh chơi game, Razer Deathadder V3 Pro mang đến hiệu suất chơi game vượt trội tạo cho người chơi khả năng bao qu&aacute;t trận đấu, di chuyển dẫn dắt bạn đến chiến thắng.</p>\n<p><strong><img src=\"https://www.tncstore.vn/media/lib/15-06-2024/tnc-store-chuot-razer-deathadder-v3-pro-faker-edition5.jpg\" alt=\"TNC Store Chuột Razer Deathadder V3 Pro Faker Edition\" width=\"700\" height=\"183\"></strong></p>\n<p>Sở hữu 5 n&uacute;t bấm c&oacute; thể t&ugrave;y chỉnh qua phần mềm gi&uacute;p bạn tăng th&ecirc;m ch&iacute;nh x&aacute;c khi xử l&yacute;. Đồng thời, ở phi&ecirc;n bản đặc biệt chuột <a href=\"https://www.tncstore.vn/brand/razer\" target=\"_blank\" rel=\"noopener\"><strong>Razer</strong></a> Deathadder V3 Pro Faker Edition được trang bị c&aacute;c chức năng th&ocirc;ng minh, cảm biến thậm ch&iacute; c&ograve;n trở n&ecirc;n ch&iacute;nh x&aacute;c hơn, cho ph&eacute;p đạt được mức độ ch&iacute;nh x&aacute;c trong từng pha xử l&yacute;.</p>\n<h3><strong>C&ocirc;ng nghệ kh&ocirc;ng d&acirc;y Razer HyperPolling Wireless</strong></h3>\n<p><strong><img src=\"https://www.tncstore.vn/media/lib/15-06-2024/tnc-store-chuot-razer-deathadder-v3-pro-faker-edition6.jpg\" alt=\"TNC Store Chuột Razer Deathadder V3 Pro Faker Edition\" width=\"700\" height=\"321\"></strong></p>\n<p>Trải nghiệm hiệu suất kh&ocirc;ng d&acirc;y nhanh nhất chưa từng c&oacute; nhờ v&agrave;o c&ocirc;ng nghệ Razer HyperPolling Wireless Dongle, mở ra một ti&ecirc;u chuẩn mới về khả năng kết nối, tốc độ phản hồi d&agrave;nh cho những con chuột kh&ocirc;ng d&acirc;y chơi game ở thời điểm hiện tại.</p>\n<p><strong><img src=\"https://www.tncstore.vn/media/lib/15-06-2024/tnc-store-chuot-razer-deathadder-v3-pro-faker-edition7.jpg\" alt=\"TNC Store Chuột Razer Deathadder V3 Pro Faker Edition\" width=\"700\" height=\"466\"></strong></p>\n<p>Razer Deathadder V3 Pro Faker Edition mang đến cho h&agrave;ng triệu game thủ những trải nghiệm độc đ&aacute;o khi cầm tr&ecirc;n tay, tạo cảm gi&aacute;c thoải m&aacute;i khi sử dụng m&agrave; kh&ocirc;ng phải bận t&acirc;m về vướng v&iacute;u, rất th&iacute;ch hợp cho việc mang ra b&ecirc;n ngo&agrave;i sử dụng.</p>\n<h3><strong>Razer Focus Pro 30K</strong></h3>\n<p><strong>&nbsp;</strong></p>\n<p>Tạo cho người chơi những cung bật cảm x&uacute;c tr&ecirc;n cả tuyệt vời, t&iacute;ch hợp cảm biến Focus Pro 30K được cải tiến với 30.000 DPI v&agrave; độ ph&acirc;n giải v&ocirc; c&ugrave;ng ch&iacute;nh x&aacute;c l&ecirc;n đến 99,8%. Người chơi c&oacute; thể tận hưởng hiệu suất chơi game đỉnh cao với mọi bề mặt di chuột kh&aacute;c nhau, bao gồm cả mặt k&iacute;nh.&nbsp;</p>\n<h3><strong>Thời lượng pin l&ecirc;n đến 90 giờ</strong></h3>\n<p><strong><img src=\"https://www.tncstore.vn/media/lib/15-06-2024/tnc-store-chuot-razer-deathadder-v3-pro-faker-edition1.jpg\" alt=\"TNC Store Chuột Razer Deathadder V3 Pro Faker Edition\" width=\"700\" height=\"357\"></strong></p>\n<p>Để tr&aacute;nh l&agrave;m gi&aacute;n đoạn mạch cảm x&uacute;c của người chơi, Razer Deathadder V3 Pro Faker Edition sở hữu thời lượng pin l&ecirc;n đến 90 giờ. Với hiệu suất năng lượng ấn tượng n&agrave;y bạn c&oacute; thể mang đi v&agrave; sử dụng ở bất kỳ đ&acirc;u cho từng nhu cầu sử dụng. Đặc biệt, đi k&egrave;m với chuột Razer ch&iacute;nh l&agrave; cổng sạc theo chuẩn &Acirc;u Ch&acirc;u USB Type-C</p>\n<h2><strong>Lời Kết</strong></h2>\n<p><strong>&nbsp;</strong></p>\n<p>Tr&ecirc;n đ&acirc;y l&agrave; những t&iacute;nh năng nổi trội của <strong>Chuột Razer Deathadder V3 Pro Faker Edition</strong>. Để kh&aacute;m ph&aacute; th&ecirc;m nhiều sản phẩm <a href=\"https://www.tncstore.vn/gaming-gear.html\" target=\"_blank\" rel=\"noopener\"><strong>Gaming Gears</strong></a>, h&atilde;y đến ngay Showroom <a href=\"https://www.tncstore.vn/\" target=\"_blank\" rel=\"noopener\"><strong>TNC Store</strong></a> để trải nghiệm nh&eacute;!</p>'),
(3039, 'PC Gaming - Sentinal i5080 - BL', 90629000.00, 72503200.00, 'https://www.tncstore.vn/media/product/250-11788-pc-gaming-sentinal-i5080-bl--1-.jpg', 20, 23, 1, 1, 12, '2025-05-16 17:02:15', '2025-05-16 17:02:15', 'Best Seller', 0, '<p>dsc</p>'),
(3040, 'PC Gaming - Supernova i5080 - 01', 56349000.00, 37190340.00, 'https://www.tncstore.vn/media/product/250-11757-pc-gaming-supernova-i5080-01--1-.jpg', 34, 23, 1, 1, 10, '2025-05-16 17:03:37', '2025-05-16 17:03:37', 'Best Seller', 0, '<p>dsc</p>'),
(3041, 'PC Gaming - Sniper A4060Ti', 27890000.00, 25101000.00, 'https://www.tncstore.vn/media/product/250-11732-pc-gaming-sniper-a4060ti--1-.jpg', 10, 43, 1, 2, 13, '2025-05-16 17:04:41', '2025-05-16 17:04:41', 'Best Choice', 0, '<p>d</p>'),
(3042, 'PC Gaming - Sniper I4070M Super - BL', 30849000.00, 20668830.00, 'https://www.tncstore.vn/media/product/250-11105-pc-gaming-sniper-i4070m-super-bl.jpg', 33, 32, 1, 2, 14, '2025-05-16 17:05:44', '2025-05-16 17:05:44', 'Best Seller', 0, '<p>ds</p>'),
(3043, 'PC Gaming - Sniper I4070S - WH - 01', 40399000.00, 37167080.00, 'https://www.tncstore.vn/media/product/250-10585-sniper-i4070s---wh---01.jpg', 8, 23, 1, 3, 13, '2025-05-16 17:06:53', '2025-05-16 17:06:53', 'Best Choice', 0, '<p>dsc</p>'),
(3044, 'PC Gaming - Sniper I4060Ti - BL 01', 21749000.00, 21096530.00, 'https://www.tncstore.vn/media/product/250-11725-pc-gaming-sniper-i4060-ti-bl-01--1-.jpg', 3, 34, 1, 1, 13, '2025-05-16 17:08:28', '2025-05-16 17:08:28', 'Best Choice', 0, '<p>ds</p>'),
(3049, 'PC Core Ultra 5 - Nova i5070Ti', 52579000.00, 48898470.00, 'https://www.tncstore.vn/media/product/250-12405-pc-core-ultra-5-nova-i5070ti--6-.jpg', 7, 43, 1, 2, 13, '2025-05-16 17:25:16', '2025-05-16 17:25:16', 'Best Choice', 0, '<p>sa</p>'),
(3050, 'PC Core Ultra 5 - Nova i5070Ti', 52579000.00, 48898470.00, 'https://www.tncstore.vn/media/product/250-12405-pc-core-ultra-5-nova-i5070ti--6-.jpg', 7, 43, 1, 2, 13, '2025-05-16 17:25:50', '2025-05-16 17:25:50', 'Best Choice', 0, '<p>sa</p>'),
(3051, 'PC Gaming - Sentinal A4090 - BL', 90690000.00, 74365800.00, 'https://www.tncstore.vn/media/product/250-11552-pc-gaming-sentinal-a4090-bl--6-.jpg', 18, 21, 1, 1, 12, '2025-05-16 17:28:41', '2025-05-16 17:28:41', 'Best Choice', 0, '<p>dcdsc</p>'),
(3052, 'PC Gaming - Sniper I4070S - WH - 01', 40.40, 36.76, 'https://www.tncstore.vn/media/product/250-10585-sniper-i4070s---wh---01.jpg', 9, 23, 1, 2, 11, '2025-05-16 17:41:40', '2025-05-16 17:41:40', 'Best Seller', 0, '<p>đss</p>'),
(3053, 'PC Ultra Core Ultra 7 - Sentinal RTX 5080', 78.95, 53.69, 'https://www.tncstore.vn/media/product/250-11797-pc-ultra-core-ultra-7---sentinal-rtx-5080.jpg', 32, 33, 1, 2, 10, '2025-05-16 17:43:17', '2025-05-16 17:43:17', 'Best Choice', 0, '<p>ds</p>'),
(3054, 'PC Gaming - Supernova i5080 - 01', 56349000.00, 43388730.00, 'https://www.tncstore.vn/media/product/250-11757-pc-gaming-supernova-i5080-01--1-.jpg', 23, 34, 1, 2, 10, '2025-05-16 17:45:00', '2025-05-16 17:45:00', 'Best Seller', 0, '<p>đư</p>'),
(3055, 'cscasc', 2342432.00, 1546005.12, 'https://anphat.com.vn/media/product/49310_laptop_asus_gaming_vivobook_k3605zc_rp564w__intel_core_i5_12500h__16gb__512gb_.jpg', 34, 33, 7, 2, 5, '2025-05-21 15:49:30', '2025-05-21 15:50:32', 'Best Choice', 0, '<h2 align=\"center\"><strong>Laptop ASUS Gaming Vivobook K3605ZF-RP634W</strong></h2>\n<p><a title=\"ASUS Vivobook\" href=\"https://www.anphatpc.com.vn/laptop-asus-vivobook_dm1609.html\" target=\"_blank\" rel=\"noopener\">ASUS Vivobook</a>&nbsp;đ&atilde; qu&aacute; quen thuộc với những mẫu Laptop văn ph&ograve;ng với vẻ ngo&agrave;i trẻ trung năng động được c&aacute;c bạn học sinh, sinh vi&ecirc;n cực kỳ y&ecirc;u th&iacute;ch. Năm nay, Vivobook n&acirc;ng cấp v&agrave; ch&iacute;nh thức tham gia v&agrave;o thị trường Laptop Gaming với Series ASUS Gaming Vivobook K3605 thế hệ mới. Vẫn được giữ lại phong c&aacute;ch thiết kế năng động đặc trưng của d&ograve;ng Vivobook v&agrave; nay được n&acirc;ng cấp hiệu năng mạnh mẽ từ d&ograve;ng card đồ họa RTX,&nbsp;<strong><a title=\"Laptop ASUS Gaming Vivobook K3605ZF-RP634W\" href=\"https://www.anphatpc.com.vn/laptop-asus-gaming-vivobook-k3605zf-rp634w.html\" target=\"_blank\" rel=\"noopener\">Laptop ASUS Gaming Vivobook K3605ZF-RP634W</a></strong>&nbsp;chắc chắn sẽ l&agrave; d&ograve;ng&nbsp;<a title=\"Laptop Gaming\" href=\"https://www.anphatpc.com.vn/gaming-laptop.html\" target=\"_blank\" rel=\"noopener\">Laptop Gaming</a>&nbsp;m&agrave; c&aacute;c bạn học sinh sinh vi&ecirc;n kh&ocirc;ng thể bỏ qua trong năm 2024.</p>\n<p><img src=\"https://anphat.com.vn/media/lib/13-08-2024/asus-vivobook-gaming3.jpg\" alt=\"Laptop ASUS Gaming Vivobook K3605ZF-RP634W\" width=\"1000\" height=\"615\"></p>\n<h3><strong>Thiết Kế Hiện Đại v&agrave; Di Động</strong></h3>\n<p><strong><a href=\"https://www.anphatpc.com.vn/laptop-asus_dm1058.html\" target=\"_blank\" rel=\"noopener\">Laptop ASUS</a>&nbsp;Gaming Vivobook K3605ZF-RP634W</strong>&nbsp;sở hữu ngoại h&igrave;nh tương tự như d&ograve;ng Vivobook văn ph&ograve;ng đ&atilde; qu&aacute; quen thuộc với thiết kế tinh tế với người d&ugrave;ng. Với trọng lượng chỉ 1.80 kg, m&aacute;y rất dễ d&agrave;ng để mang theo trong c&aacute;c buổi họp, lớp học hay khi di chuyển giữa c&aacute;c địa điểm kh&aacute;c nhau. Thiết kế mỏng nhẹ kh&ocirc;ng l&agrave;m giảm đi độ bền chắc của m&aacute;y, gi&uacute;p bạn y&ecirc;n t&acirc;m khi sử dụng trong mọi t&igrave;nh huống.</p>\n<p><img src=\"https://anphat.com.vn/media/lib/13-08-2024/asus-vivobook-gaming2.jpg\" alt=\"Laptop ASUS Gaming Vivobook K3605ZF-RP634W Thiết kế\" width=\"1000\" height=\"562\"></p>\n<h3><strong>M&agrave;n H&igrave;nh 16 Inch Sắc N&eacute;t</strong></h3>\n<p><strong>Vivobook K3605ZF-RP634W</strong>&nbsp;được trang bị m&agrave;n h&igrave;nh 16 inch với độ ph&acirc;n giải WUXGA (1920 x 1200) v&agrave; tỉ lệ khung h&igrave;nh 16:10, cho ph&eacute;p hiển thị nhiều nội dung hơn tr&ecirc;n m&agrave;n h&igrave;nh. C&ocirc;ng nghệ IPS gi&uacute;p tăng cường g&oacute;c nh&igrave;n, cho ph&eacute;p bạn nh&igrave;n r&otilde; r&agrave;ng từ nhiều g&oacute;c độ kh&aacute;c nhau m&agrave; kh&ocirc;ng bị biến đổi m&agrave;u sắc. Đặc biệt, m&agrave;n h&igrave;nh n&agrave;y c&ograve;n c&oacute; tần số qu&eacute;t 144Hz, gi&uacute;p giảm thiểu hiện tượng giật, x&eacute; h&igrave;nh, mang lại trải nghiệm mượt m&agrave; hơn khi chơi game. Độ s&aacute;ng 300 nits v&agrave; lớp phủ chống ch&oacute;i (Anti-glare) gi&uacute;p bảo vệ mắt trong điều kiện &aacute;nh s&aacute;ng mạnh, đảm bảo bạn c&oacute; thể sử dụng trong nhiều m&ocirc;i trường kh&aacute;c nhau.</p>\n<p><img src=\"https://anphat.com.vn/media/lib/13-08-2024/asus-vivobook-gaming5.jpg\" alt=\"Laptop ASUS Gaming Vivobook K3605ZF-RP634W M&agrave;n h&igrave;nh\" width=\"1000\" height=\"562\"></p>\n<h3><strong>Cấu H&igrave;nh Mạnh Mẽ Cho Mọi Trải Nghiệm Game</strong></h3>\n<p>B&ecirc;n trong&nbsp;<strong>ASUS Gaming Vivobook K3605ZF-RP634W</strong>&nbsp;l&agrave; bộ vi xử l&yacute; Intel Core i5-12500H với 4 nh&acirc;n hiệu năng cao v&agrave; 8 nh&acirc;n tiết kiệm điện, c&ugrave;ng với bộ nhớ đệm 18MB, đạt tốc độ tối đa l&ecirc;n đến 4.5 GHz. Cấu h&igrave;nh n&agrave;y kh&ocirc;ng chỉ đ&aacute;p ứng tốt c&aacute;c tựa game phổ biến m&agrave; c&ograve;n tối ưu cho c&aacute;c t&aacute;c vụ đa nhiệm v&agrave; xử l&yacute; đồ họa nặng. Kiểm tra sức mạnh CPU bằng phần mềm Cinebench R23, ở b&agrave;i Test Multicore con chip n&agrave;y đạt được số điểm l&ecirc;n tới 11049 điểm thể hiện khả năng xử l&yacute; đa nh&acirc;n cực kỳ mạnh mẽ.</p>\n<p><img src=\"https://anphat.com.vn/media/lib/13-08-2024/testcinebench3.jpg\" alt=\"\" width=\"1000\"><em>Test Cinebench R23</em></p>\n<p>Card đồ họa NVIDIA GeForce RTX 2050 với 4GB GDDR6 mang lại khả năng xử l&yacute; đồ họa tuyệt vời, cho ph&eacute;p bạn chơi mượt c&aacute;c game đ&ograve;i hỏi đồ họa cao v&agrave; trải nghiệm c&ocirc;ng nghệ ray tracing ch&acirc;n thực. Đi cặp c&ugrave;ng với Intel Core i5-12450H,<strong>&nbsp;Laptop ASUS Gaming Vivobook K3605ZF-RP634W</strong>&nbsp;c&oacute; thể chơi tốt gần như mọi tựa Game tr&ecirc;n thị trường hiện nay ở mức Fps kh&aacute; ổn.&nbsp;</p>\n<p><img src=\"https://anphat.com.vn/media/lib/13-08-2024/lol.jpg\" alt=\"\" width=\"1000\"><em>Test Li&ecirc;n Minh Huyền Thoại Full Setting 1080P</em></p>\n<p><img src=\"https://anphat.com.vn/media/lib/13-08-2024/k3605zf-rp634w-counter-strike2.jpg\" alt=\"\" width=\"1000\"><br><em>Test CS2 Full HD</em></p>\n<p><img src=\"https://anphat.com.vn/media/lib/13-08-2024/vivobook-gaming-k3605zf-rp634w-er.jpg\" alt=\"Laptop ASUS Gaming Vivobook K3605ZF-RP634W Elden Ring\" width=\"1000\"><br><em>Test Elden Ring Full HD</em></p>\n<p><img src=\"https://anphat.com.vn/media/lib/13-08-2024/vivobook-gaming-k3605zf-rp634w-naraka.jpg\" alt=\"Laptop ASUS Gaming Vivobook K3605ZF-RP634W Naraka\" width=\"1000\"><br><em>Test Naraka Full HD</em></p>\n<p>RAM 16GB, bạn c&oacute; thể dễ d&agrave;ng mở nhiều ứng dụng c&ugrave;ng l&uacute;c m&agrave; kh&ocirc;ng lo bị giật, lag. Ổ cứng SSD 512GB PCIe 4.0 kh&ocirc;ng chỉ cung cấp tốc độ truy xuất dữ liệu nhanh m&agrave; c&ograve;n c&oacute; kh&ocirc;ng gian lưu trữ rộng r&atilde;i cho c&aacute;c tựa game v&agrave; dữ liệu c&aacute; nh&acirc;n.</p>\n<p><em><img src=\"https://anphat.com.vn/media/lib/11-12-2024/laptop-asus-gaming-vivobook-k3605zf-rp634w-ssd.jpg\" alt=\"\" width=\"1000\">Test SSD</em></p>\n<h3><strong>Kết Nối Đa Dạng v&agrave; Tiện Lợi</strong></h3>\n<p>Laptop n&agrave;y cung cấp đầy đủ c&aacute;c cổng kết nối cần thiết cho một game thủ v&agrave; người d&ugrave;ng đa nhiệm. Với cổng USB 3.2 Gen 1 Type-A, cổng USB 3.2 Gen 1 Type-C, HDMI, v&agrave; jack tai nghe, khe đọc thẻ nhớ, bạn c&oacute; thể dễ d&agrave;ng kết nối với c&aacute;c thiết bị ngoại vi, m&agrave;n h&igrave;nh rời hoặc c&aacute;c phụ kiện kh&aacute;c. Kết nối kh&ocirc;ng d&acirc;y Wi-Fi 6 cũng gi&uacute;p bạn duy tr&igrave; kết nối mạng ổn định, tốc độ cao khi chơi game trực tuyến hay l&agrave;m việc.</p>\n<p><img src=\"https://anphat.com.vn/media/lib/13-08-2024/asus-vivobook-gaming13.jpg\" alt=\"\"><img src=\"https://anphat.com.vn/media/lib/13-08-2024/asus-vivobook-gaming12.jpg\" alt=\"\"></p>');

-- --------------------------------------------------------

--
-- Cấu trúc bảng cho bảng `promotions`
--

CREATE TABLE `promotions` (
  `promotionId` int(11) NOT NULL,
  `name` varchar(100) NOT NULL,
  `discountPercent` decimal(5,2) NOT NULL,
  `startDate` date NOT NULL,
  `endDate` date NOT NULL
) ENGINE=InnoDB DEFAULT CHARSET=utf8mb4 COLLATE=utf8mb4_general_ci;

-- --------------------------------------------------------

--
-- Cấu trúc bảng cho bảng `reviews`
--

CREATE TABLE `reviews` (
  `reviewId` int(11) NOT NULL,
  `userId` int(11) DEFAULT NULL,
  `productId` int(11) DEFAULT NULL,
  `rating` int(11) DEFAULT NULL CHECK (`rating` between 1 and 5),
  `comment` text DEFAULT NULL,
  `createdAt` timestamp NOT NULL DEFAULT current_timestamp()
) ENGINE=InnoDB DEFAULT CHARSET=utf8mb4 COLLATE=utf8mb4_general_ci;

-- --------------------------------------------------------

--
-- Cấu trúc bảng cho bảng `suppliers`
--

CREATE TABLE `suppliers` (
  `supplierId` int(11) NOT NULL,
  `name` varchar(100) NOT NULL,
  `contactName` varchar(100) DEFAULT NULL,
  `phone` varchar(20) DEFAULT NULL,
  `email` varchar(100) DEFAULT NULL,
  `address` text DEFAULT NULL,
  `createdAt` timestamp NOT NULL DEFAULT current_timestamp(),
  `updatedAt` timestamp NOT NULL DEFAULT current_timestamp() ON UPDATE current_timestamp(),
  `imageUrl` varchar(255) DEFAULT NULL
) ENGINE=InnoDB DEFAULT CHARSET=utf8mb4 COLLATE=utf8mb4_general_ci;

--
-- Đang đổ dữ liệu cho bảng `suppliers`
--

INSERT INTO `suppliers` (`supplierId`, `name`, `contactName`, `phone`, `email`, `address`, `createdAt`, `updatedAt`, `imageUrl`) VALUES
(1, 'ASUS Việt Nam', 'Nguyễn Văn Ánh', '0123456789', 'contact@asus.com.vn', '123 Đường Nguyễn Trãi, Hà Nội', '2025-02-12 17:47:37', '2025-03-21 16:50:47', 'https://www.tncstore.vn/media/brand/22.png'),
(2, 'Dell Việt Nam', 'Trần Thị Bình', '0987654321', 'contact@dell.com.vn', '456 Đường Lê Văn Sỹ, TP.HCM', '2025-02-12 17:47:37', '2025-03-21 16:56:56', 'https://www.tncstore.vn/media/brand/25.png'),
(3, 'Razer Việt Nam', 'Lê Văn Cần', '0912345678', 'contact@razer.com.vn', '789 Đường Cách Mạng Tháng 8, Hà Nội', '2025-02-12 17:47:37', '2025-03-21 16:57:08', 'https://upload.wikimedia.org/wikipedia/vi/a/a1/Razer_snake_logo.png'),
(4, 'Logitech Việt Nam', 'Phạm Thị Dung', '0923456789', 'contact@logitech.com.vn', '321 Đường Phan Đình Phùng, TP.HCM', '2025-02-12 17:47:37', '2025-03-21 16:57:22', 'https://www.tncstore.vn/media/brand/16.png'),
(6, 'Samsung Việt Nam', 'Đinh Thị Phương', '0945678901', 'contact@samsung.com.vn', '987 Đường Nguyễn Huệ, TP.HCM', '2025-02-12 17:47:37', '2025-03-21 17:08:24', 'https://www.tncstore.vn/media/brand/30.png'),
(7, 'Intel Việt Nam', 'Hoàng Văn Giam', '0956789012', 'contact@intel.com.vn', '147 Đường Hai Bà Trưng, Hà Nội', '2025-02-12 17:47:37', '2025-03-22 03:32:26', 'https://www.tncstore.vn/media/brand/23.jpg'),
(8, 'NVIDIA Việt Nam', 'Bùi Thị Huyen', '0967890123', 'contact@nvidia.com.vn', '258 Đường Trần Hưng Đạo, TP.HCM', '2025-02-12 17:47:37', '2025-03-22 03:31:53', 'https://brandlogos.net/wp-content/uploads/2022/03/nvidia-logo-brandlogos.net_-512x512.png');

-- --------------------------------------------------------

--
-- Cấu trúc bảng cho bảng `users`
--

CREATE TABLE `users` (
  `userId` int(11) NOT NULL,
  `username` varchar(50) NOT NULL,
  `password` varchar(255) NOT NULL,
  `email` varchar(100) NOT NULL,
  `phone` varchar(20) DEFAULT NULL,
  `address` text DEFAULT NULL,
  `role` enum('admin','customer','supplier') DEFAULT 'customer',
  `createdAt` timestamp NOT NULL DEFAULT current_timestamp(),
  `updatedAt` timestamp NOT NULL DEFAULT current_timestamp() ON UPDATE current_timestamp(),
  `avatar` varchar(255) DEFAULT NULL,
  `bio` text DEFAULT NULL
) ENGINE=InnoDB DEFAULT CHARSET=utf8mb4 COLLATE=utf8mb4_general_ci;

--
-- Đang đổ dữ liệu cho bảng `users`
--

INSERT INTO `users` (`userId`, `username`, `password`, `email`, `phone`, `address`, `role`, `createdAt`, `updatedAt`, `avatar`, `bio`) VALUES
(1, 'Văn Duy BG', '$2b$10$WX30TKfN8DFZGFvy4yhELOl16rAI.MusOdCUqlFk4cNINvauvMZVG', 'duy9541@gmail.com', '353463656545', 'Ba đình - Phường Tân Tiến - Thành phố Bắc Giang - Tỉnh Bắc Giang', 'admin', '2025-02-15 15:31:20', '2025-04-20 05:36:23', 'https://toquoc.mediacdn.vn/280518851207290880/2022/12/15/p0dnxrcv-16710704848821827978943.jpg', 'Ra xã hội làm ăn bươn chải, liều thì ăn nhiều, không liều thì ăn ít. Muốn thành công thì phải chấp nhận trải qua đắng cay ngọt bùi. Làm ăn muốn kiếm được tiền thì phải chấp nhận mạo hiểm, nguy hiểm một tí nhưng trong tầm kiểm soát.'),
(15, 'Emi Fukuda (Japan)', '', '20210844@eaut.edu.vn', '0923273272', 'Ba đình - Phường Tân Tiến - Thành phố Bắc Giang - Tỉnh Bắc Giang', 'customer', '2025-03-26 05:43:15', '2025-04-28 16:16:49', 'http://localhost:3000/uploads/avatars/1745856965035.webp', 'Ra xã hội làm ăn bươn chải, liều thì ăn nhiều, không liều thì ăn ít. Muốn thành công thì phải chấp nhận trải qua đắng cay ngọt bùi. Làm ăn muốn kiếm được tiền thì phải chấp nhận mạo hiểm, nguy hiểm một tí nhưng trong tầm kiểm soát.'),
(27, 'Louis Pham Như Phương', '', 'duybg26102003@gmail.com', NULL, NULL, 'customer', '2025-04-28 15:32:36', '2025-04-28 15:42:55', 'http://localhost:3000/uploads/avatars/1745854471449.jpg', NULL),
(29, 'ViRuss (Piter)', '', 'hait41006@gmail.com', '0435439843', NULL, 'customer', '2025-05-21 05:23:42', '2025-05-21 05:27:23', 'http://localhost:3000/uploads/avatars/1747805205147.webp', NULL),
(30, 'Jack (Bến Tre)', '', 'gianghuyv@gmail.com', NULL, NULL, 'customer', '2025-05-21 06:19:25', '2025-05-21 06:20:13', 'http://localhost:3000/uploads/avatars/1747808394663.webp', NULL);

-- --------------------------------------------------------

--
-- Cấu trúc bảng cho bảng `vouchers`
--

CREATE TABLE `vouchers` (
  `voucherId` int(11) NOT NULL,
  `code` varchar(100) NOT NULL,
  `expiryDate` datetime NOT NULL,
  `discountValue` decimal(10,2) NOT NULL
) ENGINE=InnoDB DEFAULT CHARSET=utf8mb4 COLLATE=utf8mb4_general_ci;

--
-- Đang đổ dữ liệu cho bảng `vouchers`
--

INSERT INTO `vouchers` (`voucherId`, `code`, `expiryDate`, `discountValue`) VALUES
(1, 'SUMMER2025', '2025-08-31 23:59:59', 1000000.00),
(2, 'SALE1000', '2025-12-31 23:59:59', 1000000.00),
(3, 'DISCOUNT500', '2025-09-30 23:59:59', 500000.00),
(4, 'FREESHIP', '2025-07-15 23:59:59', 50000.00);

-- --------------------------------------------------------

--
-- Cấu trúc bảng cho bảng `wishlists`
--

CREATE TABLE `wishlists` (
  `userId` int(11) NOT NULL,
  `productId` int(11) NOT NULL
) ENGINE=InnoDB DEFAULT CHARSET=utf8mb4 COLLATE=utf8mb4_general_ci;

--
-- Đang đổ dữ liệu cho bảng `wishlists`
--

INSERT INTO `wishlists` (`userId`, `productId`) VALUES
(1, 1),
(1, 2),
(1, 3),
(1, 8),
(1, 11),
(1, 14),
(1, 19),
(1, 21),
(15, 2),
(15, 7),
(15, 10),
(15, 12),
(15, 13),
(15, 14),
(15, 18),
(15, 23),
(15, 25),
(27, 1),
(27, 3),
(27, 6),
(27, 10),
(27, 13),
(27, 18),
(27, 22),
(27, 23),
(29, 1),
(29, 3),
(29, 9);

--
-- Chỉ mục cho các bảng đã đổ
--

--
-- Chỉ mục cho bảng `brands`
--
ALTER TABLE `brands`
  ADD PRIMARY KEY (`brandId`),
  ADD UNIQUE KEY `name` (`name`);

--
-- Chỉ mục cho bảng `cart`
--
ALTER TABLE `cart`
  ADD PRIMARY KEY (`cartId`),
  ADD KEY `userId` (`userId`),
  ADD KEY `productId` (`productId`);

--
-- Chỉ mục cho bảng `categories`
--
ALTER TABLE `categories`
  ADD PRIMARY KEY (`categoryId`),
  ADD UNIQUE KEY `name` (`name`);

--
-- Chỉ mục cho bảng `components`
--
ALTER TABLE `components`
  ADD PRIMARY KEY (`componentId`),
  ADD KEY `brandId` (`brandId`);

--
-- Chỉ mục cho bảng `imagedetail`
--
ALTER TABLE `imagedetail`
  ADD PRIMARY KEY (`imageId`),
  ADD KEY `productId` (`productId`);

--
-- Chỉ mục cho bảng `news`
--
ALTER TABLE `news`
  ADD PRIMARY KEY (`newId`),
  ADD KEY `authorId` (`authorId`);

--
-- Chỉ mục cho bảng `orders`
--
ALTER TABLE `orders`
  ADD PRIMARY KEY (`orderId`),
  ADD KEY `userId` (`userId`);

--
-- Chỉ mục cho bảng `order_details`
--
ALTER TABLE `order_details`
  ADD PRIMARY KEY (`id`),
  ADD KEY `orderId` (`orderId`),
  ADD KEY `productId` (`productId`);

--
-- Chỉ mục cho bảng `productcomponents`
--
ALTER TABLE `productcomponents`
  ADD PRIMARY KEY (`productId`,`componentId`),
  ADD KEY `componentId` (`componentId`);

--
-- Chỉ mục cho bảng `productpromotions`
--
ALTER TABLE `productpromotions`
  ADD PRIMARY KEY (`productId`,`promotionId`),
  ADD KEY `promotionId` (`promotionId`);

--
-- Chỉ mục cho bảng `products`
--
ALTER TABLE `products`
  ADD PRIMARY KEY (`productId`),
  ADD KEY `categoryId` (`categoryId`),
  ADD KEY `supplierId` (`supplierId`),
  ADD KEY `brandId` (`brandId`);

--
-- Chỉ mục cho bảng `promotions`
--
ALTER TABLE `promotions`
  ADD PRIMARY KEY (`promotionId`);

--
-- Chỉ mục cho bảng `reviews`
--
ALTER TABLE `reviews`
  ADD PRIMARY KEY (`reviewId`),
  ADD KEY `userId` (`userId`),
  ADD KEY `productId` (`productId`);

--
-- Chỉ mục cho bảng `suppliers`
--
ALTER TABLE `suppliers`
  ADD PRIMARY KEY (`supplierId`);

--
-- Chỉ mục cho bảng `users`
--
ALTER TABLE `users`
  ADD PRIMARY KEY (`userId`),
  ADD UNIQUE KEY `email` (`email`);

--
-- Chỉ mục cho bảng `vouchers`
--
ALTER TABLE `vouchers`
  ADD PRIMARY KEY (`voucherId`),
  ADD UNIQUE KEY `code` (`code`);

--
-- Chỉ mục cho bảng `wishlists`
--
ALTER TABLE `wishlists`
  ADD PRIMARY KEY (`userId`,`productId`),
  ADD KEY `productId` (`productId`);

--
-- AUTO_INCREMENT cho các bảng đã đổ
--

--
-- AUTO_INCREMENT cho bảng `brands`
--
ALTER TABLE `brands`
  MODIFY `brandId` int(11) NOT NULL AUTO_INCREMENT, AUTO_INCREMENT=18;

--
-- AUTO_INCREMENT cho bảng `cart`
--
ALTER TABLE `cart`
  MODIFY `cartId` int(11) NOT NULL AUTO_INCREMENT, AUTO_INCREMENT=196;

--
-- AUTO_INCREMENT cho bảng `categories`
--
ALTER TABLE `categories`
  MODIFY `categoryId` int(11) NOT NULL AUTO_INCREMENT, AUTO_INCREMENT=44;

--
-- AUTO_INCREMENT cho bảng `components`
--
ALTER TABLE `components`
  MODIFY `componentId` int(11) NOT NULL AUTO_INCREMENT, AUTO_INCREMENT=47;

--
-- AUTO_INCREMENT cho bảng `imagedetail`
--
ALTER TABLE `imagedetail`
  MODIFY `imageId` int(11) NOT NULL AUTO_INCREMENT, AUTO_INCREMENT=279;

--
-- AUTO_INCREMENT cho bảng `news`
--
ALTER TABLE `news`
  MODIFY `newId` int(11) NOT NULL AUTO_INCREMENT, AUTO_INCREMENT=25;

--
-- AUTO_INCREMENT cho bảng `orders`
--
ALTER TABLE `orders`
  MODIFY `orderId` int(11) NOT NULL AUTO_INCREMENT, AUTO_INCREMENT=113;

--
-- AUTO_INCREMENT cho bảng `order_details`
--
ALTER TABLE `order_details`
  MODIFY `id` int(11) NOT NULL AUTO_INCREMENT, AUTO_INCREMENT=174;

--
-- AUTO_INCREMENT cho bảng `products`
--
ALTER TABLE `products`
  MODIFY `productId` int(11) NOT NULL AUTO_INCREMENT, AUTO_INCREMENT=3056;

--
-- AUTO_INCREMENT cho bảng `promotions`
--
ALTER TABLE `promotions`
  MODIFY `promotionId` int(11) NOT NULL AUTO_INCREMENT;

--
-- AUTO_INCREMENT cho bảng `reviews`
--
ALTER TABLE `reviews`
  MODIFY `reviewId` int(11) NOT NULL AUTO_INCREMENT;

--
-- AUTO_INCREMENT cho bảng `suppliers`
--
ALTER TABLE `suppliers`
  MODIFY `supplierId` int(11) NOT NULL AUTO_INCREMENT, AUTO_INCREMENT=17;

--
-- AUTO_INCREMENT cho bảng `users`
--
ALTER TABLE `users`
  MODIFY `userId` int(11) NOT NULL AUTO_INCREMENT, AUTO_INCREMENT=31;

--
-- AUTO_INCREMENT cho bảng `vouchers`
--
ALTER TABLE `vouchers`
  MODIFY `voucherId` int(11) NOT NULL AUTO_INCREMENT, AUTO_INCREMENT=5;

--
-- Các ràng buộc cho các bảng đã đổ
--

--
-- Các ràng buộc cho bảng `cart`
--
ALTER TABLE `cart`
  ADD CONSTRAINT `cart_ibfk_1` FOREIGN KEY (`userId`) REFERENCES `users` (`userId`),
  ADD CONSTRAINT `cart_ibfk_2` FOREIGN KEY (`productId`) REFERENCES `products` (`productId`);

--
-- Các ràng buộc cho bảng `components`
--
ALTER TABLE `components`
  ADD CONSTRAINT `components_ibfk_1` FOREIGN KEY (`brandId`) REFERENCES `brands` (`brandId`);

--
-- Các ràng buộc cho bảng `imagedetail`
--
ALTER TABLE `imagedetail`
  ADD CONSTRAINT `imagedetail_ibfk_1` FOREIGN KEY (`productId`) REFERENCES `products` (`productId`) ON DELETE CASCADE;

--
-- Các ràng buộc cho bảng `news`
--
ALTER TABLE `news`
  ADD CONSTRAINT `news_ibfk_1` FOREIGN KEY (`authorId`) REFERENCES `users` (`userId`) ON DELETE SET NULL;

--
-- Các ràng buộc cho bảng `orders`
--
ALTER TABLE `orders`
  ADD CONSTRAINT `orders_ibfk_1` FOREIGN KEY (`userId`) REFERENCES `users` (`userId`) ON DELETE SET NULL;

--
-- Các ràng buộc cho bảng `order_details`
--
ALTER TABLE `order_details`
  ADD CONSTRAINT `order_details_ibfk_1` FOREIGN KEY (`orderId`) REFERENCES `orders` (`orderId`) ON DELETE CASCADE,
  ADD CONSTRAINT `order_details_ibfk_2` FOREIGN KEY (`productId`) REFERENCES `products` (`productId`) ON DELETE CASCADE;

--
-- Các ràng buộc cho bảng `productcomponents`
--
ALTER TABLE `productcomponents`
  ADD CONSTRAINT `productcomponents_ibfk_1` FOREIGN KEY (`productId`) REFERENCES `products` (`productId`),
  ADD CONSTRAINT `productcomponents_ibfk_2` FOREIGN KEY (`componentId`) REFERENCES `components` (`componentId`);

--
-- Các ràng buộc cho bảng `productpromotions`
--
ALTER TABLE `productpromotions`
  ADD CONSTRAINT `productpromotions_ibfk_1` FOREIGN KEY (`productId`) REFERENCES `products` (`productId`),
  ADD CONSTRAINT `productpromotions_ibfk_2` FOREIGN KEY (`promotionId`) REFERENCES `promotions` (`promotionId`);

--
-- Các ràng buộc cho bảng `products`
--
ALTER TABLE `products`
  ADD CONSTRAINT `products_ibfk_1` FOREIGN KEY (`categoryId`) REFERENCES `categories` (`categoryId`),
  ADD CONSTRAINT `products_ibfk_2` FOREIGN KEY (`supplierId`) REFERENCES `suppliers` (`supplierId`),
  ADD CONSTRAINT `products_ibfk_3` FOREIGN KEY (`brandId`) REFERENCES `brands` (`brandId`);

--
-- Các ràng buộc cho bảng `reviews`
--
ALTER TABLE `reviews`
  ADD CONSTRAINT `reviews_ibfk_1` FOREIGN KEY (`userId`) REFERENCES `users` (`userId`),
  ADD CONSTRAINT `reviews_ibfk_2` FOREIGN KEY (`productId`) REFERENCES `products` (`productId`);

--
-- Các ràng buộc cho bảng `wishlists`
--
ALTER TABLE `wishlists`
  ADD CONSTRAINT `wishlists_ibfk_1` FOREIGN KEY (`userId`) REFERENCES `users` (`userId`),
  ADD CONSTRAINT `wishlists_ibfk_2` FOREIGN KEY (`productId`) REFERENCES `products` (`productId`);
COMMIT;

/*!40101 SET CHARACTER_SET_CLIENT=@OLD_CHARACTER_SET_CLIENT */;
/*!40101 SET CHARACTER_SET_RESULTS=@OLD_CHARACTER_SET_RESULTS */;
/*!40101 SET COLLATION_CONNECTION=@OLD_COLLATION_CONNECTION */;
